[INFO] Scanning for projects...
[INFO] 
[INFO] --------------------------< tn.spring:eureka >--------------------------
[INFO] Building eureka 0.0.1-SNAPSHOT
[INFO]   from pom.xml
[INFO] --------------------------------[ jar ]---------------------------------
[INFO] 
[INFO] >>> spring-boot:4.0.2:run (default-cli) > test-compile @ eureka >>>
[INFO] 
[INFO] --- resources:3.3.1:resources (default-resources) @ eureka ---
[INFO] Copying 1 resource from src\main\resources to target\classes
[INFO] Copying 0 resource from src\main\resources to target\classes
[INFO] 
[INFO] --- compiler:3.14.1:compile (default-compile) @ eureka ---
[INFO] Recompiling the module because of changed source code.
[INFO] Compiling 1 source file with javac [debug parameters release 17] to target\classes
[INFO] 
[INFO] --- resources:3.3.1:testResources (default-testResources) @ eureka ---
[INFO] skip non existing resourceDirectory C:\Users\21627\Desktop\copypidevv\backEnd\eureka\src\test\resources
[INFO] 
[INFO] --- compiler:3.14.1:testCompile (default-testCompile) @ eureka ---
[INFO] Recompiling the module because of changed dependency.
[INFO] Compiling 1 source file with javac [debug parameters release 17] to target\test-classes
[INFO] 
[INFO] <<< spring-boot:4.0.2:run (default-cli) < test-compile @ eureka <<<
[INFO] 
[INFO] 
[INFO] --- spring-boot:4.0.2:run (default-cli) @ eureka ---
[INFO] Attaching agents: []

  .   ____          _            __ _ _
 /\\ / ___'_ __ _ _(_)_ __  __ _ \ \ \ \
( ( )\___ | '_ | '_| | '_ \/ _` | \ \ \ \
 \\/  ___)| |_)| | | | | || (_| |  ) ) ) )
  '  |____| .__|_| |_|_| |_\__, | / / / /
 =========|_|==============|___/=/_/_/_/

 :: Spring Boot ::                (v4.0.2)

2026-04-13T21:54:40.038+01:00  INFO 35344 --- [eureka] [           main] tn.spring.eureka.EurekaApplication       : Starting EurekaApplication using Java 17.0.12 with PID 35344 (C:\Users\21627\Desktop\copypidevv\backEnd\eureka\target\classes started by 21627 in C:\Users\21627\Desktop\copypidevv\backEnd\eureka)
2026-04-13T21:54:40.041+01:00  INFO 35344 --- [eureka] [           main] tn.spring.eureka.EurekaApplication       : No active profile set, falling back to 1 default profile: "default"
2026-04-13T21:54:40.938+01:00  INFO 35344 --- [eureka] [           main] o.s.cloud.context.scope.GenericScope     : BeanFactory id=cc33f30e-b310-3029-a21a-2bdee83b11f4
2026-04-13T21:54:41.273+01:00  INFO 35344 --- [eureka] [           main] o.s.boot.tomcat.TomcatWebServer          : Tomcat initialized with port 8761 (http)
2026-04-13T21:54:41.287+01:00  INFO 35344 --- [eureka] [           main] o.apache.catalina.core.StandardService   : Starting service [Tomcat]
2026-04-13T21:54:41.287+01:00  INFO 35344 --- [eureka] [           main] o.apache.catalina.core.StandardEngine    : Starting Servlet engine: [Apache Tomcat/11.0.15]
2026-04-13T21:54:41.373+01:00  INFO 35344 --- [eureka] [           main] b.w.c.s.WebApplicationContextInitializer : Root WebApplicationContext: initialization completed in 1278 ms
2026-04-13T21:54:42.224+01:00  INFO 35344 --- [eureka] [           main] c.n.d.provider.DiscoveryJerseyProvider   : Using JSON encoding codec LegacyJacksonJson
2026-04-13T21:54:42.224+01:00  INFO 35344 --- [eureka] [           main] c.n.d.provider.DiscoveryJerseyProvider   : Using JSON decoding codec LegacyJacksonJson
2026-04-13T21:54:42.381+01:00  INFO 35344 --- [eureka] [           main] c.n.d.provider.DiscoveryJerseyProvider   : Using XML encoding codec XStreamXml
2026-04-13T21:54:42.381+01:00  INFO 35344 --- [eureka] [           main] c.n.d.provider.DiscoveryJerseyProvider   : Using XML decoding codec XStreamXml
2026-04-13T21:54:42.524+01:00  INFO 35344 --- [eureka] [           main] o.s.v.b.OptionalValidatorFactoryBean     : Failed to set up a Bean Validation provider: jakarta.validation.NoProviderFoundException: Unable to create a Configuration, because no Jakarta Validation provider could be found. Add a provider like Hibernate Validator (RI) to your classpath.
2026-04-13T21:54:44.105+01:00  INFO 35344 --- [eureka] [           main] o.s.cloud.commons.util.InetUtils         : Cannot determine local hostname
2026-04-13T21:54:45.516+01:00  INFO 35344 --- [eureka] [           main] o.s.cloud.commons.util.InetUtils         : Cannot determine local hostname
2026-04-13T21:54:45.565+01:00  WARN 35344 --- [eureka] [           main] iguration$LoadBalancerCaffeineWarnLogger : Spring Cloud LoadBalancer is currently working with the default cache. While this cache implementation is useful for development and tests, it's recommended to use Caffeine cache in production.You can switch to using Caffeine cache, by adding it and org.springframework.cache.caffeine.CaffeineCacheManager to the classpath.
2026-04-13T21:54:45.582+01:00  INFO 35344 --- [eureka] [           main] o.s.c.n.eureka.InstanceInfoFactory       : Setting initial instance status as: STARTING
2026-04-13T21:54:45.601+01:00  INFO 35344 --- [eureka] [           main] com.netflix.discovery.DiscoveryClient    : Initializing Eureka in region us-east-1
2026-04-13T21:54:45.601+01:00  INFO 35344 --- [eureka] [           main] com.netflix.discovery.DiscoveryClient    : Client configured to neither register nor query for data.
2026-04-13T21:54:45.604+01:00  INFO 35344 --- [eureka] [           main] com.netflix.discovery.DiscoveryClient    : Discovery Client initialized at timestamp 1776113685602 with initial instances count: 0
2026-04-13T21:54:45.644+01:00  INFO 35344 --- [eureka] [           main] c.n.eureka.DefaultEurekaServerContext    : Initializing ...
2026-04-13T21:54:45.646+01:00  WARN 35344 --- [eureka] [           main] c.n.eureka.cluster.PeerEurekaNodes       : The replica size seems to be empty. Check the route 53 DNS Registry
2026-04-13T21:54:45.656+01:00  INFO 35344 --- [eureka] [           main] c.n.e.registry.AbstractInstanceRegistry  : Finished initializing remote region registries. All known remote regions: []
2026-04-13T21:54:45.656+01:00  INFO 35344 --- [eureka] [           main] c.n.eureka.DefaultEurekaServerContext    : Initialized
2026-04-13T21:54:45.660+01:00  INFO 35344 --- [eureka] [           main] o.s.b.a.e.web.EndpointLinksResolver      : Exposing 1 endpoint beneath base path '/actuator'
2026-04-13T21:54:45.702+01:00  INFO 35344 --- [eureka] [           main] o.s.c.n.e.s.EurekaServiceRegistry        : Registering application EUREKA with eureka with status UP
2026-04-13T21:54:45.713+01:00  INFO 35344 --- [eureka] [      Thread-10] o.s.c.n.e.server.EurekaServerBootstrap   : isAws returned false
2026-04-13T21:54:45.713+01:00  INFO 35344 --- [eureka] [      Thread-10] o.s.c.n.e.server.EurekaServerBootstrap   : Initialized server context
2026-04-13T21:54:45.713+01:00  INFO 35344 --- [eureka] [      Thread-10] c.n.e.r.PeerAwareInstanceRegistryImpl    : Got 1 instances from neighboring DS node
2026-04-13T21:54:45.713+01:00  INFO 35344 --- [eureka] [      Thread-10] c.n.e.r.PeerAwareInstanceRegistryImpl    : Renew threshold is: 1
2026-04-13T21:54:45.713+01:00  INFO 35344 --- [eureka] [      Thread-10] c.n.e.r.PeerAwareInstanceRegistryImpl    : Changing status to UP
2026-04-13T21:54:45.715+01:00  INFO 35344 --- [eureka] [      Thread-10] e.s.EurekaServerInitializerConfiguration : Started Eureka Server
2026-04-13T21:54:45.734+01:00  INFO 35344 --- [eureka] [           main] o.s.boot.tomcat.TomcatWebServer          : Tomcat started on port 8761 (http) with context path '/'
2026-04-13T21:54:45.735+01:00  INFO 35344 --- [eureka] [           main] .s.c.n.e.s.EurekaAutoServiceRegistration : Updating port to 8761
2026-04-13T21:54:46.973+01:00  INFO 35344 --- [eureka] [           main] o.s.cloud.commons.util.InetUtils         : Cannot determine local hostname
2026-04-13T21:54:46.981+01:00  INFO 35344 --- [eureka] [           main] tn.spring.eureka.EurekaApplication       : Started EurekaApplication in 8.691 seconds (process running for 9.346)
2026-04-13T21:54:59.473+01:00  INFO 35344 --- [eureka] [nio-8761-exec-1] o.a.c.c.C.[Tomcat].[localhost].[/]       : Initializing Spring DispatcherServlet 'dispatcherServlet'
2026-04-13T21:54:59.473+01:00  INFO 35344 --- [eureka] [nio-8761-exec-1] o.s.web.servlet.DispatcherServlet        : Initializing Servlet 'dispatcherServlet'
2026-04-13T21:54:59.475+01:00  INFO 35344 --- [eureka] [nio-8761-exec-1] o.s.web.servlet.DispatcherServlet        : Completed initialization in 1 ms
2026-04-13T21:54:59.538+01:00  WARN 35344 --- [eureka] [nio-8761-exec-1] c.n.e.registry.AbstractInstanceRegistry  : DS: Registry: lease doesn't exist, registering resource: QUIZ - localhost:Quiz:8056
2026-04-13T21:54:59.538+01:00  WARN 35344 --- [eureka] [nio-8761-exec-1] c.n.eureka.resources.InstanceResource    : Not Found (Renew): QUIZ - localhost:Quiz:8056
2026-04-13T21:54:59.700+01:00  INFO 35344 --- [eureka] [nio-8761-exec-2] c.n.e.registry.AbstractInstanceRegistry  : Registered instance QUIZ/localhost:Quiz:8056 with status UP (replication=false)
2026-04-13T21:55:45.714+01:00  INFO 35344 --- [eureka] [a-EvictionTimer] c.n.e.registry.AbstractInstanceRegistry  : Running the evict task with compensationTime 0ms
2026-04-13T21:56:26.564+01:00  INFO 35344 --- [eureka] [io-8761-exec-10] c.n.e.registry.AbstractInstanceRegistry  : Registered instance USER/localhost:User:8081 with status UP (replication=false)
2026-04-13T21:56:45.728+01:00  INFO 35344 --- [eureka] [a-EvictionTimer] c.n.e.registry.AbstractInstanceRegistry  : Running the evict task with compensationTime 13ms
2026-04-13T21:56:58.484+01:00  INFO 35344 --- [eureka] [nio-8761-exec-6] c.n.e.registry.AbstractInstanceRegistry  : Registered instance GATEWAY/localhost:Gateway:8090 with status UP (replication=false)
2026-04-13T21:57:45.728+01:00  INFO 35344 --- [eureka] [a-EvictionTimer] c.n.e.registry.AbstractInstanceRegistry  : Running the evict task with compensationTime 0ms
2026-04-13T21:58:45.734+01:00  INFO 35344 --- [eureka] [a-EvictionTimer] c.n.e.registry.AbstractInstanceRegistry  : Running the evict task with compensationTime 5ms
2026-04-13T21:59:45.738+01:00  INFO 35344 --- [eureka] [a-EvictionTimer] c.n.e.registry.AbstractInstanceRegistry  : Running the evict task with compensationTime 4ms
2026-04-13T22:00:45.753+01:00  INFO 35344 --- [eureka] [a-EvictionTimer] c.n.e.registry.AbstractInstanceRegistry  : Running the evict task with compensationTime 15ms
2026-04-13T22:01:45.756+01:00  INFO 35344 --- [eureka] [a-EvictionTimer] c.n.e.registry.AbstractInstanceRegistry  : Running the evict task with compensationTime 2ms
2026-04-13T22:02:45.768+01:00  INFO 35344 --- [eureka] [a-EvictionTimer] c.n.e.registry.AbstractInstanceRegistry  : Running the evict task with compensationTime 11ms
2026-04-13T22:03:45.783+01:00  INFO 35344 --- [eureka] [a-EvictionTimer] c.n.e.registry.AbstractInstanceRegistry  : Running the evict task with compensationTime 15ms
2026-04-13T22:04:45.660+01:00  WARN 35344 --- [eureka] [eerNodesUpdater] c.n.eureka.cluster.PeerEurekaNodes       : The replica size seems to be empty. Check the route 53 DNS Registry
2026-04-13T22:04:45.799+01:00  INFO 35344 --- [eureka] [a-EvictionTimer] c.n.e.registry.AbstractInstanceRegistry  : Running the evict task with compensationTime 15ms
2026-04-13T22:05:45.805+01:00  INFO 35344 --- [eureka] [a-EvictionTimer] c.n.e.registry.AbstractInstanceRegistry  : Running the evict task with compensationTime 5ms
2026-04-13T22:06:45.816+01:00  INFO 35344 --- [eureka] [a-EvictionTimer] c.n.e.registry.AbstractInstanceRegistry  : Running the evict task with compensationTime 11ms
2026-04-13T22:07:45.828+01:00  INFO 35344 --- [eureka] [a-EvictionTimer] c.n.e.registry.AbstractInstanceRegistry  : Running the evict task with compensationTime 11ms
2026-04-13T22:08:45.829+01:00  INFO 35344 --- [eureka] [a-EvictionTimer] c.n.e.registry.AbstractInstanceRegistry  : Running the evict task with compensationTime 0ms
2026-04-13T22:09:45.656+01:00  INFO 35344 --- [eureka] [hresholdUpdater] c.n.e.r.PeerAwareInstanceRegistryImpl    : Current renewal threshold is : 6
2026-04-13T22:09:45.837+01:00  INFO 35344 --- [eureka] [a-EvictionTimer] c.n.e.registry.AbstractInstanceRegistry  : Running the evict task with compensationTime 8ms
2026-04-13T22:10:45.838+01:00  INFO 35344 --- [eureka] [a-EvictionTimer] c.n.e.registry.AbstractInstanceRegistry  : Running the evict task with compensationTime 1ms
2026-04-13T22:11:45.839+01:00  INFO 35344 --- [eureka] [a-EvictionTimer] c.n.e.registry.AbstractInstanceRegistry  : Running the evict task with compensationTime 0ms
2026-04-13T22:12:45.853+01:00  INFO 35344 --- [eureka] [a-EvictionTimer] c.n.e.registry.AbstractInstanceRegistry  : Running the evict task with compensationTime 14ms
2026-04-13T22:13:45.857+01:00  INFO 35344 --- [eureka] [a-EvictionTimer] c.n.e.registry.AbstractInstanceRegistry  : Running the evict task with compensationTime 3ms
2026-04-13T22:14:45.663+01:00  WARN 35344 --- [eureka] [eerNodesUpdater] c.n.eureka.cluster.PeerEurekaNodes       : The replica size seems to be empty. Check the route 53 DNS Registry
2026-04-13T22:14:45.864+01:00  INFO 35344 --- [eureka] [a-EvictionTimer] c.n.e.registry.AbstractInstanceRegistry  : Running the evict task with compensationTime 7ms
2026-04-13T22:15:45.867+01:00  INFO 35344 --- [eureka] [a-EvictionTimer] c.n.e.registry.AbstractInstanceRegistry  : Running the evict task with compensationTime 3ms
2026-04-13T22:16:45.868+01:00  INFO 35344 --- [eureka] [a-EvictionTimer] c.n.e.registry.AbstractInstanceRegistry  : Running the evict task with compensationTime 1ms
2026-04-13T22:17:30.552+01:00  INFO 35344 --- [eureka] [nio-8761-exec-4] c.n.e.registry.AbstractInstanceRegistry  : Registered instance QUIZ/localhost:Quiz:8056 with status UP (replication=false)
2026-04-13T22:17:45.882+01:00  INFO 35344 --- [eureka] [a-EvictionTimer] c.n.e.registry.AbstractInstanceRegistry  : Running the evict task with compensationTime 13ms
2026-04-13T22:18:45.886+01:00  INFO 35344 --- [eureka] [a-EvictionTimer] c.n.e.registry.AbstractInstanceRegistry  : Running the evict task with compensationTime 4ms
2026-04-13T22:19:14.064+01:00  INFO 35344 --- [eureka] [nio-8761-exec-2] c.n.e.registry.AbstractInstanceRegistry  : Registered instance GATEWAY/localhost:Gateway:8090 with status UP (replication=false)
2026-04-13T22:19:17.428+01:00  INFO 35344 --- [eureka] [nio-8761-exec-4] c.n.e.registry.AbstractInstanceRegistry  : Registered instance USER/localhost:User:8081 with status UP (replication=false)
2026-04-13T22:19:45.895+01:00  INFO 35344 --- [eureka] [a-EvictionTimer] c.n.e.registry.AbstractInstanceRegistry  : Running the evict task with compensationTime 9ms
2026-04-13T22:20:45.895+01:00  INFO 35344 --- [eureka] [a-EvictionTimer] c.n.e.registry.AbstractInstanceRegistry  : Running the evict task with compensationTime 0ms
2026-04-13T22:21:45.897+01:00  INFO 35344 --- [eureka] [a-EvictionTimer] c.n.e.registry.AbstractInstanceRegistry  : Running the evict task with compensationTime 1ms
2026-04-13T22:22:45.906+01:00  INFO 35344 --- [eureka] [a-EvictionTimer] c.n.e.registry.AbstractInstanceRegistry  : Running the evict task with compensationTime 9ms
2026-04-13T22:23:45.913+01:00  INFO 35344 --- [eureka] [a-EvictionTimer] c.n.e.registry.AbstractInstanceRegistry  : Running the evict task with compensationTime 6ms
2026-04-13T22:24:45.666+01:00  INFO 35344 --- [eureka] [hresholdUpdater] c.n.e.r.PeerAwareInstanceRegistryImpl    : Current renewal threshold is : 6
2026-04-13T22:24:45.666+01:00  WARN 35344 --- [eureka] [eerNodesUpdater] c.n.eureka.cluster.PeerEurekaNodes       : The replica size seems to be empty. Check the route 53 DNS Registry
2026-04-13T22:24:45.927+01:00  INFO 35344 --- [eureka] [a-EvictionTimer] c.n.e.registry.AbstractInstanceRegistry  : Running the evict task with compensationTime 14ms
2026-04-13T22:25:45.939+01:00  INFO 35344 --- [eureka] [a-EvictionTimer] c.n.e.registry.AbstractInstanceRegistry  : Running the evict task with compensationTime 11ms
2026-04-13T22:26:45.946+01:00  INFO 35344 --- [eureka] [a-EvictionTimer] c.n.e.registry.AbstractInstanceRegistry  : Running the evict task with compensationTime 7ms
2026-04-13T22:27:45.956+01:00  INFO 35344 --- [eureka] [a-EvictionTimer] c.n.e.registry.AbstractInstanceRegistry  : Running the evict task with compensationTime 9ms
2026-04-13T22:28:45.964+01:00  INFO 35344 --- [eureka] [a-EvictionTimer] c.n.e.registry.AbstractInstanceRegistry  : Running the evict task with compensationTime 7ms
2026-04-13T22:29:45.968+01:00  INFO 35344 --- [eureka] [a-EvictionTimer] c.n.e.registry.AbstractInstanceRegistry  : Running the evict task with compensationTime 4ms
2026-04-13T22:30:45.971+01:00  INFO 35344 --- [eureka] [a-EvictionTimer] c.n.e.registry.AbstractInstanceRegistry  : Running the evict task with compensationTime 2ms
2026-04-13T22:31:45.979+01:00  INFO 35344 --- [eureka] [a-EvictionTimer] c.n.e.registry.AbstractInstanceRegistry  : Running the evict task with compensationTime 7ms
2026-04-13T22:32:45.990+01:00  INFO 35344 --- [eureka] [a-EvictionTimer] c.n.e.registry.AbstractInstanceRegistry  : Running the evict task with compensationTime 11ms
2026-04-13T22:33:45.994+01:00  INFO 35344 --- [eureka] [a-EvictionTimer] c.n.e.registry.AbstractInstanceRegistry  : Running the evict task with compensationTime 2ms
2026-04-13T22:34:45.668+01:00  WARN 35344 --- [eureka] [eerNodesUpdater] c.n.eureka.cluster.PeerEurekaNodes       : The replica size seems to be empty. Check the route 53 DNS Registry
2026-04-13T22:34:45.994+01:00  INFO 35344 --- [eureka] [a-EvictionTimer] c.n.e.registry.AbstractInstanceRegistry  : Running the evict task with compensationTime 0ms
2026-04-13T22:35:45.995+01:00  INFO 35344 --- [eureka] [a-EvictionTimer] c.n.e.registry.AbstractInstanceRegistry  : Running the evict task with compensationTime 0ms
2026-04-13T22:36:45.998+01:00  INFO 35344 --- [eureka] [a-EvictionTimer] c.n.e.registry.AbstractInstanceRegistry  : Running the evict task with compensationTime 3ms
2026-04-13T22:37:45.998+01:00  INFO 35344 --- [eureka] [a-EvictionTimer] c.n.e.registry.AbstractInstanceRegistry  : Running the evict task with compensationTime 0ms
2026-04-13T22:38:45.998+01:00  INFO 35344 --- [eureka] [a-EvictionTimer] c.n.e.registry.AbstractInstanceRegistry  : Running the evict task with compensationTime 0ms
2026-04-13T22:39:45.681+01:00  INFO 35344 --- [eureka] [hresholdUpdater] c.n.e.r.PeerAwareInstanceRegistryImpl    : Current renewal threshold is : 6
2026-04-13T22:39:46.008+01:00  INFO 35344 --- [eureka] [a-EvictionTimer] c.n.e.registry.AbstractInstanceRegistry  : Running the evict task with compensationTime 9ms
2026-04-13T22:40:46.013+01:00  INFO 35344 --- [eureka] [a-EvictionTimer] c.n.e.registry.AbstractInstanceRegistry  : Running the evict task with compensationTime 5ms
2026-04-13T22:41:46.025+01:00  INFO 35344 --- [eureka] [a-EvictionTimer] c.n.e.registry.AbstractInstanceRegistry  : Running the evict task with compensationTime 11ms
2026-04-13T22:42:46.029+01:00  INFO 35344 --- [eureka] [a-EvictionTimer] c.n.e.registry.AbstractInstanceRegistry  : Running the evict task with compensationTime 4ms
2026-04-13T22:43:46.043+01:00  INFO 35344 --- [eureka] [a-EvictionTimer] c.n.e.registry.AbstractInstanceRegistry  : Running the evict task with compensationTime 13ms
2026-04-13T22:44:45.684+01:00  WARN 35344 --- [eureka] [eerNodesUpdater] c.n.eureka.cluster.PeerEurekaNodes       : The replica size seems to be empty. Check the route 53 DNS Registry
2026-04-13T22:44:46.043+01:00  INFO 35344 --- [eureka] [a-EvictionTimer] c.n.e.registry.AbstractInstanceRegistry  : Running the evict task with compensationTime 0ms
2026-04-13T22:45:46.049+01:00  INFO 35344 --- [eureka] [a-EvictionTimer] c.n.e.registry.AbstractInstanceRegistry  : Running the evict task with compensationTime 6ms
2026-04-13T22:46:46.063+01:00  INFO 35344 --- [eureka] [a-EvictionTimer] c.n.e.registry.AbstractInstanceRegistry  : Running the evict task with compensationTime 13ms
2026-04-13T22:47:46.063+01:00  INFO 35344 --- [eureka] [a-EvictionTimer] c.n.e.registry.AbstractInstanceRegistry  : Running the evict task with compensationTime 0ms
2026-04-13T22:48:46.075+01:00  INFO 35344 --- [eureka] [a-EvictionTimer] c.n.e.registry.AbstractInstanceRegistry  : Running the evict task with compensationTime 11ms
2026-04-13T22:49:46.076+01:00  INFO 35344 --- [eureka] [a-EvictionTimer] c.n.e.registry.AbstractInstanceRegistry  : Running the evict task with compensationTime 1ms
2026-04-13T22:50:46.078+01:00  INFO 35344 --- [eureka] [a-EvictionTimer] c.n.e.registry.AbstractInstanceRegistry  : Running the evict task with compensationTime 2ms
2026-04-13T22:51:46.089+01:00  INFO 35344 --- [eureka] [a-EvictionTimer] c.n.e.registry.AbstractInstanceRegistry  : Running the evict task with compensationTime 11ms
2026-04-13T22:52:46.100+01:00  INFO 35344 --- [eureka] [a-EvictionTimer] c.n.e.registry.AbstractInstanceRegistry  : Running the evict task with compensationTime 10ms
2026-04-13T22:53:46.104+01:00  INFO 35344 --- [eureka] [a-EvictionTimer] c.n.e.registry.AbstractInstanceRegistry  : Running the evict task with compensationTime 4ms
2026-04-13T22:54:45.682+01:00  INFO 35344 --- [eureka] [hresholdUpdater] c.n.e.r.PeerAwareInstanceRegistryImpl    : Current renewal threshold is : 6
2026-04-13T22:54:45.697+01:00  WARN 35344 --- [eureka] [eerNodesUpdater] c.n.eureka.cluster.PeerEurekaNodes       : The replica size seems to be empty. Check the route 53 DNS Registry
2026-04-13T22:54:46.116+01:00  INFO 35344 --- [eureka] [a-EvictionTimer] c.n.e.registry.AbstractInstanceRegistry  : Running the evict task with compensationTime 11ms
2026-04-13T22:55:46.126+01:00  INFO 35344 --- [eureka] [a-EvictionTimer] c.n.e.registry.AbstractInstanceRegistry  : Running the evict task with compensationTime 9ms
2026-04-13T22:56:46.137+01:00  INFO 35344 --- [eureka] [a-EvictionTimer] c.n.e.registry.AbstractInstanceRegistry  : Running the evict task with compensationTime 11ms
2026-04-13T22:57:46.146+01:00  INFO 35344 --- [eureka] [a-EvictionTimer] c.n.e.registry.AbstractInstanceRegistry  : Running the evict task with compensationTime 8ms
2026-04-13T22:58:46.153+01:00  INFO 35344 --- [eureka] [a-EvictionTimer] c.n.e.registry.AbstractInstanceRegistry  : Running the evict task with compensationTime 7ms
2026-04-13T22:59:46.159+01:00  INFO 35344 --- [eureka] [a-EvictionTimer] c.n.e.registry.AbstractInstanceRegistry  : Running the evict task with compensationTime 5ms
2026-04-13T23:00:46.167+01:00  INFO 35344 --- [eureka] [a-EvictionTimer] c.n.e.registry.AbstractInstanceRegistry  : Running the evict task with compensationTime 7ms
2026-04-13T23:01:46.173+01:00  INFO 35344 --- [eureka] [a-EvictionTimer] c.n.e.registry.AbstractInstanceRegistry  : Running the evict task with compensationTime 6ms
2026-04-13T23:02:46.173+01:00  INFO 35344 --- [eureka] [a-EvictionTimer] c.n.e.registry.AbstractInstanceRegistry  : Running the evict task with compensationTime 0ms
2026-04-13T23:03:46.177+01:00  INFO 35344 --- [eureka] [a-EvictionTimer] c.n.e.registry.AbstractInstanceRegistry  : Running the evict task with compensationTime 3ms
2026-04-13T23:04:45.710+01:00  WARN 35344 --- [eureka] [eerNodesUpdater] c.n.eureka.cluster.PeerEurekaNodes       : The replica size seems to be empty. Check the route 53 DNS Registry
2026-04-13T23:04:46.179+01:00  INFO 35344 --- [eureka] [a-EvictionTimer] c.n.e.registry.AbstractInstanceRegistry  : Running the evict task with compensationTime 1ms
2026-04-13T23:05:46.179+01:00  INFO 35344 --- [eureka] [a-EvictionTimer] c.n.e.registry.AbstractInstanceRegistry  : Running the evict task with compensationTime 0ms
2026-04-13T23:06:46.183+01:00  INFO 35344 --- [eureka] [a-EvictionTimer] c.n.e.registry.AbstractInstanceRegistry  : Running the evict task with compensationTime 4ms
2026-04-13T23:07:46.188+01:00  INFO 35344 --- [eureka] [a-EvictionTimer] c.n.e.registry.AbstractInstanceRegistry  : Running the evict task with compensationTime 5ms
2026-04-13T23:08:46.188+01:00  INFO 35344 --- [eureka] [a-EvictionTimer] c.n.e.registry.AbstractInstanceRegistry  : Running the evict task with compensationTime 0ms
2026-04-13T23:09:45.686+01:00  INFO 35344 --- [eureka] [hresholdUpdater] c.n.e.r.PeerAwareInstanceRegistryImpl    : Current renewal threshold is : 6
2026-04-13T23:09:46.197+01:00  INFO 35344 --- [eureka] [a-EvictionTimer] c.n.e.registry.AbstractInstanceRegistry  : Running the evict task with compensationTime 7ms
2026-04-13T23:10:46.206+01:00  INFO 35344 --- [eureka] [a-EvictionTimer] c.n.e.registry.AbstractInstanceRegistry  : Running the evict task with compensationTime 9ms
2026-04-13T23:11:46.222+01:00  INFO 35344 --- [eureka] [a-EvictionTimer] c.n.e.registry.AbstractInstanceRegistry  : Running the evict task with compensationTime 15ms
2026-04-13T23:12:46.222+01:00  INFO 35344 --- [eureka] [a-EvictionTimer] c.n.e.registry.AbstractInstanceRegistry  : Running the evict task with compensationTime 0ms
2026-04-13T23:13:46.228+01:00  INFO 35344 --- [eureka] [a-EvictionTimer] c.n.e.registry.AbstractInstanceRegistry  : Running the evict task with compensationTime 6ms
2026-04-13T23:14:45.713+01:00  WARN 35344 --- [eureka] [eerNodesUpdater] c.n.eureka.cluster.PeerEurekaNodes       : The replica size seems to be empty. Check the route 53 DNS Registry
2026-04-13T23:14:46.242+01:00  INFO 35344 --- [eureka] [a-EvictionTimer] c.n.e.registry.AbstractInstanceRegistry  : Running the evict task with compensationTime 14ms
2026-04-13T23:15:46.251+01:00  INFO 35344 --- [eureka] [a-EvictionTimer] c.n.e.registry.AbstractInstanceRegistry  : Running the evict task with compensationTime 8ms
2026-04-13T23:16:46.252+01:00  INFO 35344 --- [eureka] [a-EvictionTimer] c.n.e.registry.AbstractInstanceRegistry  : Running the evict task with compensationTime 1ms
2026-04-13T23:17:46.253+01:00  INFO 35344 --- [eureka] [a-EvictionTimer] c.n.e.registry.AbstractInstanceRegistry  : Running the evict task with compensationTime 0ms
2026-04-13T23:18:46.268+01:00  INFO 35344 --- [eureka] [a-EvictionTimer] c.n.e.registry.AbstractInstanceRegistry  : Running the evict task with compensationTime 14ms
2026-04-13T23:19:46.279+01:00  INFO 35344 --- [eureka] [a-EvictionTimer] c.n.e.registry.AbstractInstanceRegistry  : Running the evict task with compensationTime 10ms
2026-04-13T23:20:46.291+01:00  INFO 35344 --- [eureka] [a-EvictionTimer] c.n.e.registry.AbstractInstanceRegistry  : Running the evict task with compensationTime 12ms
2026-04-13T23:21:46.301+01:00  INFO 35344 --- [eureka] [a-EvictionTimer] c.n.e.registry.AbstractInstanceRegistry  : Running the evict task with compensationTime 10ms
2026-04-13T23:22:46.314+01:00  INFO 35344 --- [eureka] [a-EvictionTimer] c.n.e.registry.AbstractInstanceRegistry  : Running the evict task with compensationTime 12ms
2026-04-13T23:23:46.326+01:00  INFO 35344 --- [eureka] [a-EvictionTimer] c.n.e.registry.AbstractInstanceRegistry  : Running the evict task with compensationTime 12ms
2026-04-13T23:24:45.693+01:00  INFO 35344 --- [eureka] [hresholdUpdater] c.n.e.r.PeerAwareInstanceRegistryImpl    : Current renewal threshold is : 6
2026-04-13T23:24:45.724+01:00  WARN 35344 --- [eureka] [eerNodesUpdater] c.n.eureka.cluster.PeerEurekaNodes       : The replica size seems to be empty. Check the route 53 DNS Registry
2026-04-13T23:24:46.329+01:00  INFO 35344 --- [eureka] [a-EvictionTimer] c.n.e.registry.AbstractInstanceRegistry  : Running the evict task with compensationTime 3ms
2026-04-13T23:25:46.329+01:00  INFO 35344 --- [eureka] [a-EvictionTimer] c.n.e.registry.AbstractInstanceRegistry  : Running the evict task with compensationTime 0ms
2026-04-13T23:26:46.330+01:00  INFO 35344 --- [eureka] [a-EvictionTimer] c.n.e.registry.AbstractInstanceRegistry  : Running the evict task with compensationTime 1ms
2026-04-13T23:27:46.330+01:00  INFO 35344 --- [eureka] [a-EvictionTimer] c.n.e.registry.AbstractInstanceRegistry  : Running the evict task with compensationTime 0ms
2026-04-13T23:28:46.331+01:00  INFO 35344 --- [eureka] [a-EvictionTimer] c.n.e.registry.AbstractInstanceRegistry  : Running the evict task with compensationTime 0ms
2026-04-13T23:29:46.332+01:00  INFO 35344 --- [eureka] [a-EvictionTimer] c.n.e.registry.AbstractInstanceRegistry  : Running the evict task with compensationTime 0ms
2026-04-13T23:30:46.333+01:00  INFO 35344 --- [eureka] [a-EvictionTimer] c.n.e.registry.AbstractInstanceRegistry  : Running the evict task with compensationTime 1ms
2026-04-13T23:31:46.333+01:00  INFO 35344 --- [eureka] [a-EvictionTimer] c.n.e.registry.AbstractInstanceRegistry  : Running the evict task with compensationTime 0ms
2026-04-13T23:32:46.334+01:00  INFO 35344 --- [eureka] [a-EvictionTimer] c.n.e.registry.AbstractInstanceRegistry  : Running the evict task with compensationTime 0ms
2026-04-13T23:33:46.334+01:00  INFO 35344 --- [eureka] [a-EvictionTimer] c.n.e.registry.AbstractInstanceRegistry  : Running the evict task with compensationTime 0ms
2026-04-13T23:34:45.729+01:00  WARN 35344 --- [eureka] [eerNodesUpdater] c.n.eureka.cluster.PeerEurekaNodes       : The replica size seems to be empty. Check the route 53 DNS Registry
2026-04-13T23:34:46.334+01:00  INFO 35344 --- [eureka] [a-EvictionTimer] c.n.e.registry.AbstractInstanceRegistry  : Running the evict task with compensationTime 0ms
2026-04-13T23:35:46.334+01:00  INFO 35344 --- [eureka] [a-EvictionTimer] c.n.e.registry.AbstractInstanceRegistry  : Running the evict task with compensationTime 0ms
2026-04-13T23:36:46.335+01:00  INFO 35344 --- [eureka] [a-EvictionTimer] c.n.e.registry.AbstractInstanceRegistry  : Running the evict task with compensationTime 0ms
2026-04-13T23:37:46.335+01:00  INFO 35344 --- [eureka] [a-EvictionTimer] c.n.e.registry.AbstractInstanceRegistry  : Running the evict task with compensationTime 0ms
2026-04-13T23:38:46.335+01:00  INFO 35344 --- [eureka] [a-EvictionTimer] c.n.e.registry.AbstractInstanceRegistry  : Running the evict task with compensationTime 0ms
2026-04-13T23:39:45.693+01:00  INFO 35344 --- [eureka] [hresholdUpdater] c.n.e.r.PeerAwareInstanceRegistryImpl    : Current renewal threshold is : 6
2026-04-13T23:39:46.335+01:00  INFO 35344 --- [eureka] [a-EvictionTimer] c.n.e.registry.AbstractInstanceRegistry  : Running the evict task with compensationTime 0ms
2026-04-13T23:40:46.348+01:00  INFO 35344 --- [eureka] [a-EvictionTimer] c.n.e.registry.AbstractInstanceRegistry  : Running the evict task with compensationTime 13ms
2026-04-13T23:41:46.349+01:00  INFO 35344 --- [eureka] [a-EvictionTimer] c.n.e.registry.AbstractInstanceRegistry  : Running the evict task with compensationTime 0ms
2026-04-13T23:42:46.350+01:00  INFO 35344 --- [eureka] [a-EvictionTimer] c.n.e.registry.AbstractInstanceRegistry  : Running the evict task with compensationTime 1ms
2026-04-13T23:43:46.363+01:00  INFO 35344 --- [eureka] [a-EvictionTimer] c.n.e.registry.AbstractInstanceRegistry  : Running the evict task with compensationTime 12ms
2026-04-13T23:44:45.742+01:00  WARN 35344 --- [eureka] [eerNodesUpdater] c.n.eureka.cluster.PeerEurekaNodes       : The replica size seems to be empty. Check the route 53 DNS Registry
2026-04-13T23:44:46.364+01:00  INFO 35344 --- [eureka] [a-EvictionTimer] c.n.e.registry.AbstractInstanceRegistry  : Running the evict task with compensationTime 0ms
2026-04-13T23:45:46.371+01:00  INFO 35344 --- [eureka] [a-EvictionTimer] c.n.e.registry.AbstractInstanceRegistry  : Running the evict task with compensationTime 7ms
2026-04-13T23:46:46.375+01:00  INFO 35344 --- [eureka] [a-EvictionTimer] c.n.e.registry.AbstractInstanceRegistry  : Running the evict task with compensationTime 3ms
2026-04-13T23:47:46.378+01:00  INFO 35344 --- [eureka] [a-EvictionTimer] c.n.e.registry.AbstractInstanceRegistry  : Running the evict task with compensationTime 3ms
2026-04-13T23:48:46.392+01:00  INFO 35344 --- [eureka] [a-EvictionTimer] c.n.e.registry.AbstractInstanceRegistry  : Running the evict task with compensationTime 13ms
2026-04-13T23:49:46.403+01:00  INFO 35344 --- [eureka] [a-EvictionTimer] c.n.e.registry.AbstractInstanceRegistry  : Running the evict task with compensationTime 11ms
2026-04-13T23:50:46.403+01:00  INFO 35344 --- [eureka] [a-EvictionTimer] c.n.e.registry.AbstractInstanceRegistry  : Running the evict task with compensationTime 0ms
2026-04-13T23:51:46.404+01:00  INFO 35344 --- [eureka] [a-EvictionTimer] c.n.e.registry.AbstractInstanceRegistry  : Running the evict task with compensationTime 1ms
2026-04-13T23:52:46.414+01:00  INFO 35344 --- [eureka] [a-EvictionTimer] c.n.e.registry.AbstractInstanceRegistry  : Running the evict task with compensationTime 9ms
2026-04-13T23:53:46.418+01:00  INFO 35344 --- [eureka] [a-EvictionTimer] c.n.e.registry.AbstractInstanceRegistry  : Running the evict task with compensationTime 3ms
2026-04-13T23:54:45.694+01:00  INFO 35344 --- [eureka] [hresholdUpdater] c.n.e.r.PeerAwareInstanceRegistryImpl    : Current renewal threshold is : 6
2026-04-13T23:54:45.756+01:00  WARN 35344 --- [eureka] [eerNodesUpdater] c.n.eureka.cluster.PeerEurekaNodes       : The replica size seems to be empty. Check the route 53 DNS Registry
2026-04-13T23:54:46.422+01:00  INFO 35344 --- [eureka] [a-EvictionTimer] c.n.e.registry.AbstractInstanceRegistry  : Running the evict task with compensationTime 3ms
2026-04-13T23:55:46.431+01:00  INFO 35344 --- [eureka] [a-EvictionTimer] c.n.e.registry.AbstractInstanceRegistry  : Running the evict task with compensationTime 9ms
2026-04-13T23:56:46.433+01:00  INFO 35344 --- [eureka] [a-EvictionTimer] c.n.e.registry.AbstractInstanceRegistry  : Running the evict task with compensationTime 2ms
2026-04-13T23:57:46.447+01:00  INFO 35344 --- [eureka] [a-EvictionTimer] c.n.e.registry.AbstractInstanceRegistry  : Running the evict task with compensationTime 14ms
2026-04-13T23:58:46.453+01:00  INFO 35344 --- [eureka] [a-EvictionTimer] c.n.e.registry.AbstractInstanceRegistry  : Running the evict task with compensationTime 5ms
2026-04-13T23:59:46.455+01:00  INFO 35344 --- [eureka] [a-EvictionTimer] c.n.e.registry.AbstractInstanceRegistry  : Running the evict task with compensationTime 1ms
2026-04-14T00:00:46.464+01:00  INFO 35344 --- [eureka] [a-EvictionTimer] c.n.e.registry.AbstractInstanceRegistry  : Running the evict task with compensationTime 8ms
2026-04-14T00:01:46.466+01:00  INFO 35344 --- [eureka] [a-EvictionTimer] c.n.e.registry.AbstractInstanceRegistry  : Running the evict task with compensationTime 2ms
2026-04-14T00:02:46.466+01:00  INFO 35344 --- [eureka] [a-EvictionTimer] c.n.e.registry.AbstractInstanceRegistry  : Running the evict task with compensationTime 0ms
2026-04-14T00:03:46.480+01:00  INFO 35344 --- [eureka] [a-EvictionTimer] c.n.e.registry.AbstractInstanceRegistry  : Running the evict task with compensationTime 14ms
2026-04-14T00:04:45.760+01:00  WARN 35344 --- [eureka] [eerNodesUpdater] c.n.eureka.cluster.PeerEurekaNodes       : The replica size seems to be empty. Check the route 53 DNS Registry
2026-04-14T00:04:46.488+01:00  INFO 35344 --- [eureka] [a-EvictionTimer] c.n.e.registry.AbstractInstanceRegistry  : Running the evict task with compensationTime 7ms
2026-04-14T00:05:46.488+01:00  INFO 35344 --- [eureka] [a-EvictionTimer] c.n.e.registry.AbstractInstanceRegistry  : Running the evict task with compensationTime 0ms
2026-04-14T00:06:46.499+01:00  INFO 35344 --- [eureka] [a-EvictionTimer] c.n.e.registry.AbstractInstanceRegistry  : Running the evict task with compensationTime 10ms
2026-04-14T00:07:46.509+01:00  INFO 35344 --- [eureka] [a-EvictionTimer] c.n.e.registry.AbstractInstanceRegistry  : Running the evict task with compensationTime 10ms
2026-04-14T00:08:46.509+01:00  INFO 35344 --- [eureka] [a-EvictionTimer] c.n.e.registry.AbstractInstanceRegistry  : Running the evict task with compensationTime 0ms
2026-04-14T00:09:45.697+01:00  INFO 35344 --- [eureka] [hresholdUpdater] c.n.e.r.PeerAwareInstanceRegistryImpl    : Current renewal threshold is : 6
2026-04-14T00:09:46.517+01:00  INFO 35344 --- [eureka] [a-EvictionTimer] c.n.e.registry.AbstractInstanceRegistry  : Running the evict task with compensationTime 7ms
2026-04-14T00:10:46.525+01:00  INFO 35344 --- [eureka] [a-EvictionTimer] c.n.e.registry.AbstractInstanceRegistry  : Running the evict task with compensationTime 7ms
2026-04-14T00:11:46.525+01:00  INFO 35344 --- [eureka] [a-EvictionTimer] c.n.e.registry.AbstractInstanceRegistry  : Running the evict task with compensationTime 0ms
2026-04-14T00:12:46.533+01:00  INFO 35344 --- [eureka] [a-EvictionTimer] c.n.e.registry.AbstractInstanceRegistry  : Running the evict task with compensationTime 7ms
2026-04-14T00:13:46.540+01:00  INFO 35344 --- [eureka] [a-EvictionTimer] c.n.e.registry.AbstractInstanceRegistry  : Running the evict task with compensationTime 7ms
2026-04-14T00:14:45.762+01:00  WARN 35344 --- [eureka] [eerNodesUpdater] c.n.eureka.cluster.PeerEurekaNodes       : The replica size seems to be empty. Check the route 53 DNS Registry
2026-04-14T00:14:46.552+01:00  INFO 35344 --- [eureka] [a-EvictionTimer] c.n.e.registry.AbstractInstanceRegistry  : Running the evict task with compensationTime 12ms
2026-04-14T00:15:46.558+01:00  INFO 35344 --- [eureka] [a-EvictionTimer] c.n.e.registry.AbstractInstanceRegistry  : Running the evict task with compensationTime 5ms
2026-04-14T00:16:46.563+01:00  INFO 35344 --- [eureka] [a-EvictionTimer] c.n.e.registry.AbstractInstanceRegistry  : Running the evict task with compensationTime 5ms
2026-04-14T00:17:46.570+01:00  INFO 35344 --- [eureka] [a-EvictionTimer] c.n.e.registry.AbstractInstanceRegistry  : Running the evict task with compensationTime 7ms
2026-04-14T00:18:46.579+01:00  INFO 35344 --- [eureka] [a-EvictionTimer] c.n.e.registry.AbstractInstanceRegistry  : Running the evict task with compensationTime 8ms
2026-04-14T00:19:46.594+01:00  INFO 35344 --- [eureka] [a-EvictionTimer] c.n.e.registry.AbstractInstanceRegistry  : Running the evict task with compensationTime 15ms
2026-04-14T00:20:46.595+01:00  INFO 35344 --- [eureka] [a-EvictionTimer] c.n.e.registry.AbstractInstanceRegistry  : Running the evict task with compensationTime 0ms
2026-04-14T00:21:46.603+01:00  INFO 35344 --- [eureka] [a-EvictionTimer] c.n.e.registry.AbstractInstanceRegistry  : Running the evict task with compensationTime 8ms
2026-04-14T00:22:46.607+01:00  INFO 35344 --- [eureka] [a-EvictionTimer] c.n.e.registry.AbstractInstanceRegistry  : Running the evict task with compensationTime 4ms
2026-04-14T00:23:46.607+01:00  INFO 35344 --- [eureka] [a-EvictionTimer] c.n.e.registry.AbstractInstanceRegistry  : Running the evict task with compensationTime 0ms
2026-04-14T00:24:45.700+01:00  INFO 35344 --- [eureka] [hresholdUpdater] c.n.e.r.PeerAwareInstanceRegistryImpl    : Current renewal threshold is : 6
2026-04-14T00:24:45.763+01:00  WARN 35344 --- [eureka] [eerNodesUpdater] c.n.eureka.cluster.PeerEurekaNodes       : The replica size seems to be empty. Check the route 53 DNS Registry
2026-04-14T00:24:46.613+01:00  INFO 35344 --- [eureka] [a-EvictionTimer] c.n.e.registry.AbstractInstanceRegistry  : Running the evict task with compensationTime 6ms
2026-04-14T00:25:46.614+01:00  INFO 35344 --- [eureka] [a-EvictionTimer] c.n.e.registry.AbstractInstanceRegistry  : Running the evict task with compensationTime 0ms
2026-04-14T00:26:46.615+01:00  INFO 35344 --- [eureka] [a-EvictionTimer] c.n.e.registry.AbstractInstanceRegistry  : Running the evict task with compensationTime 0ms
2026-04-14T00:27:46.627+01:00  INFO 35344 --- [eureka] [a-EvictionTimer] c.n.e.registry.AbstractInstanceRegistry  : Running the evict task with compensationTime 12ms
2026-04-14T00:28:46.635+01:00  INFO 35344 --- [eureka] [a-EvictionTimer] c.n.e.registry.AbstractInstanceRegistry  : Running the evict task with compensationTime 7ms
2026-04-14T00:29:46.635+01:00  INFO 35344 --- [eureka] [a-EvictionTimer] c.n.e.registry.AbstractInstanceRegistry  : Running the evict task with compensationTime 0ms
2026-04-14T00:30:46.639+01:00  INFO 35344 --- [eureka] [a-EvictionTimer] c.n.e.registry.AbstractInstanceRegistry  : Running the evict task with compensationTime 3ms
2026-04-14T00:31:46.640+01:00  INFO 35344 --- [eureka] [a-EvictionTimer] c.n.e.registry.AbstractInstanceRegistry  : Running the evict task with compensationTime 1ms
2026-04-14T00:32:46.649+01:00  INFO 35344 --- [eureka] [a-EvictionTimer] c.n.e.registry.AbstractInstanceRegistry  : Running the evict task with compensationTime 8ms
2026-04-14T00:33:46.650+01:00  INFO 35344 --- [eureka] [a-EvictionTimer] c.n.e.registry.AbstractInstanceRegistry  : Running the evict task with compensationTime 1ms
2026-04-14T00:34:45.777+01:00  WARN 35344 --- [eureka] [eerNodesUpdater] c.n.eureka.cluster.PeerEurekaNodes       : The replica size seems to be empty. Check the route 53 DNS Registry
2026-04-14T00:34:46.663+01:00  INFO 35344 --- [eureka] [a-EvictionTimer] c.n.e.registry.AbstractInstanceRegistry  : Running the evict task with compensationTime 12ms
2026-04-14T00:35:46.664+01:00  INFO 35344 --- [eureka] [a-EvictionTimer] c.n.e.registry.AbstractInstanceRegistry  : Running the evict task with compensationTime 0ms
2026-04-14T00:36:46.671+01:00  INFO 35344 --- [eureka] [a-EvictionTimer] c.n.e.registry.AbstractInstanceRegistry  : Running the evict task with compensationTime 7ms
2026-04-14T00:37:46.684+01:00  INFO 35344 --- [eureka] [a-EvictionTimer] c.n.e.registry.AbstractInstanceRegistry  : Running the evict task with compensationTime 12ms
2026-04-14T00:38:46.684+01:00  INFO 35344 --- [eureka] [a-EvictionTimer] c.n.e.registry.AbstractInstanceRegistry  : Running the evict task with compensationTime 0ms
2026-04-14T00:39:45.702+01:00  INFO 35344 --- [eureka] [hresholdUpdater] c.n.e.r.PeerAwareInstanceRegistryImpl    : Current renewal threshold is : 6
2026-04-14T00:39:46.689+01:00  INFO 35344 --- [eureka] [a-EvictionTimer] c.n.e.registry.AbstractInstanceRegistry  : Running the evict task with compensationTime 5ms
2026-04-14T00:40:46.702+01:00  INFO 35344 --- [eureka] [a-EvictionTimer] c.n.e.registry.AbstractInstanceRegistry  : Running the evict task with compensationTime 12ms
2026-04-14T00:41:46.714+01:00  INFO 35344 --- [eureka] [a-EvictionTimer] c.n.e.registry.AbstractInstanceRegistry  : Running the evict task with compensationTime 11ms
2026-04-14T00:42:46.729+01:00  INFO 35344 --- [eureka] [a-EvictionTimer] c.n.e.registry.AbstractInstanceRegistry  : Running the evict task with compensationTime 15ms
2026-04-14T00:43:46.742+01:00  INFO 35344 --- [eureka] [a-EvictionTimer] c.n.e.registry.AbstractInstanceRegistry  : Running the evict task with compensationTime 13ms
2026-04-14T00:44:45.781+01:00  WARN 35344 --- [eureka] [eerNodesUpdater] c.n.eureka.cluster.PeerEurekaNodes       : The replica size seems to be empty. Check the route 53 DNS Registry
2026-04-14T00:44:46.758+01:00  INFO 35344 --- [eureka] [a-EvictionTimer] c.n.e.registry.AbstractInstanceRegistry  : Running the evict task with compensationTime 15ms
2026-04-14T00:45:46.760+01:00  INFO 35344 --- [eureka] [a-EvictionTimer] c.n.e.registry.AbstractInstanceRegistry  : Running the evict task with compensationTime 2ms
2026-04-14T00:46:46.771+01:00  INFO 35344 --- [eureka] [a-EvictionTimer] c.n.e.registry.AbstractInstanceRegistry  : Running the evict task with compensationTime 10ms
2026-04-14T00:47:46.776+01:00  INFO 35344 --- [eureka] [a-EvictionTimer] c.n.e.registry.AbstractInstanceRegistry  : Running the evict task with compensationTime 4ms
2026-04-14T00:48:46.791+01:00  INFO 35344 --- [eureka] [a-EvictionTimer] c.n.e.registry.AbstractInstanceRegistry  : Running the evict task with compensationTime 14ms
2026-04-14T00:49:46.798+01:00  INFO 35344 --- [eureka] [a-EvictionTimer] c.n.e.registry.AbstractInstanceRegistry  : Running the evict task with compensationTime 7ms
2026-04-14T00:50:46.799+01:00  INFO 35344 --- [eureka] [a-EvictionTimer] c.n.e.registry.AbstractInstanceRegistry  : Running the evict task with compensationTime 0ms
2026-04-14T00:51:46.805+01:00  INFO 35344 --- [eureka] [a-EvictionTimer] c.n.e.registry.AbstractInstanceRegistry  : Running the evict task with compensationTime 5ms
2026-04-14T00:52:46.805+01:00  INFO 35344 --- [eureka] [a-EvictionTimer] c.n.e.registry.AbstractInstanceRegistry  : Running the evict task with compensationTime 0ms
2026-04-14T00:53:46.805+01:00  INFO 35344 --- [eureka] [a-EvictionTimer] c.n.e.registry.AbstractInstanceRegistry  : Running the evict task with compensationTime 0ms
2026-04-14T00:54:45.705+01:00  INFO 35344 --- [eureka] [hresholdUpdater] c.n.e.r.PeerAwareInstanceRegistryImpl    : Current renewal threshold is : 6
2026-04-14T00:54:45.782+01:00  WARN 35344 --- [eureka] [eerNodesUpdater] c.n.eureka.cluster.PeerEurekaNodes       : The replica size seems to be empty. Check the route 53 DNS Registry
2026-04-14T00:54:46.808+01:00  INFO 35344 --- [eureka] [a-EvictionTimer] c.n.e.registry.AbstractInstanceRegistry  : Running the evict task with compensationTime 3ms
2026-04-14T00:55:46.808+01:00  INFO 35344 --- [eureka] [a-EvictionTimer] c.n.e.registry.AbstractInstanceRegistry  : Running the evict task with compensationTime 0ms
2026-04-14T00:56:46.809+01:00  INFO 35344 --- [eureka] [a-EvictionTimer] c.n.e.registry.AbstractInstanceRegistry  : Running the evict task with compensationTime 0ms
2026-04-14T00:57:46.809+01:00  INFO 35344 --- [eureka] [a-EvictionTimer] c.n.e.registry.AbstractInstanceRegistry  : Running the evict task with compensationTime 0ms
2026-04-14T00:58:46.809+01:00  INFO 35344 --- [eureka] [a-EvictionTimer] c.n.e.registry.AbstractInstanceRegistry  : Running the evict task with compensationTime 0ms
2026-04-14T00:59:46.810+01:00  INFO 35344 --- [eureka] [a-EvictionTimer] c.n.e.registry.AbstractInstanceRegistry  : Running the evict task with compensationTime 0ms
2026-04-14T01:00:46.810+01:00  INFO 35344 --- [eureka] [a-EvictionTimer] c.n.e.registry.AbstractInstanceRegistry  : Running the evict task with compensationTime 0ms
2026-04-14T01:01:46.811+01:00  INFO 35344 --- [eureka] [a-EvictionTimer] c.n.e.registry.AbstractInstanceRegistry  : Running the evict task with compensationTime 0ms
2026-04-14T01:02:46.811+01:00  INFO 35344 --- [eureka] [a-EvictionTimer] c.n.e.registry.AbstractInstanceRegistry  : Running the evict task with compensationTime 0ms
2026-04-14T01:03:46.811+01:00  INFO 35344 --- [eureka] [a-EvictionTimer] c.n.e.registry.AbstractInstanceRegistry  : Running the evict task with compensationTime 0ms
2026-04-14T01:04:45.784+01:00  WARN 35344 --- [eureka] [eerNodesUpdater] c.n.eureka.cluster.PeerEurekaNodes       : The replica size seems to be empty. Check the route 53 DNS Registry
2026-04-14T01:04:46.811+01:00  INFO 35344 --- [eureka] [a-EvictionTimer] c.n.e.registry.AbstractInstanceRegistry  : Running the evict task with compensationTime 0ms
2026-04-14T01:05:46.811+01:00  INFO 35344 --- [eureka] [a-EvictionTimer] c.n.e.registry.AbstractInstanceRegistry  : Running the evict task with compensationTime 0ms
2026-04-14T01:06:46.812+01:00  INFO 35344 --- [eureka] [a-EvictionTimer] c.n.e.registry.AbstractInstanceRegistry  : Running the evict task with compensationTime 0ms
2026-04-14T01:07:46.812+01:00  INFO 35344 --- [eureka] [a-EvictionTimer] c.n.e.registry.AbstractInstanceRegistry  : Running the evict task with compensationTime 0ms
2026-04-14T01:08:46.813+01:00  INFO 35344 --- [eureka] [a-EvictionTimer] c.n.e.registry.AbstractInstanceRegistry  : Running the evict task with compensationTime 0ms
2026-04-14T01:09:45.706+01:00  INFO 35344 --- [eureka] [hresholdUpdater] c.n.e.r.PeerAwareInstanceRegistryImpl    : Current renewal threshold is : 6
2026-04-14T01:09:46.813+01:00  INFO 35344 --- [eureka] [a-EvictionTimer] c.n.e.registry.AbstractInstanceRegistry  : Running the evict task with compensationTime 0ms
2026-04-14T01:10:46.817+01:00  INFO 35344 --- [eureka] [a-EvictionTimer] c.n.e.registry.AbstractInstanceRegistry  : Running the evict task with compensationTime 3ms
2026-04-14T01:11:46.830+01:00  INFO 35344 --- [eureka] [a-EvictionTimer] c.n.e.registry.AbstractInstanceRegistry  : Running the evict task with compensationTime 12ms
2026-04-14T01:12:46.841+01:00  INFO 35344 --- [eureka] [a-EvictionTimer] c.n.e.registry.AbstractInstanceRegistry  : Running the evict task with compensationTime 11ms
2026-04-14T01:13:46.856+01:00  INFO 35344 --- [eureka] [a-EvictionTimer] c.n.e.registry.AbstractInstanceRegistry  : Running the evict task with compensationTime 14ms
2026-04-14T01:14:45.788+01:00  WARN 35344 --- [eureka] [eerNodesUpdater] c.n.eureka.cluster.PeerEurekaNodes       : The replica size seems to be empty. Check the route 53 DNS Registry
2026-04-14T01:14:46.862+01:00  INFO 35344 --- [eureka] [a-EvictionTimer] c.n.e.registry.AbstractInstanceRegistry  : Running the evict task with compensationTime 5ms
2026-04-14T01:15:46.869+01:00  INFO 35344 --- [eureka] [a-EvictionTimer] c.n.e.registry.AbstractInstanceRegistry  : Running the evict task with compensationTime 7ms
2026-04-14T01:16:46.878+01:00  INFO 35344 --- [eureka] [a-EvictionTimer] c.n.e.registry.AbstractInstanceRegistry  : Running the evict task with compensationTime 8ms
2026-04-14T01:17:46.890+01:00  INFO 35344 --- [eureka] [a-EvictionTimer] c.n.e.registry.AbstractInstanceRegistry  : Running the evict task with compensationTime 11ms
2026-04-14T01:18:46.903+01:00  INFO 35344 --- [eureka] [a-EvictionTimer] c.n.e.registry.AbstractInstanceRegistry  : Running the evict task with compensationTime 13ms
2026-04-14T01:19:46.913+01:00  INFO 35344 --- [eureka] [a-EvictionTimer] c.n.e.registry.AbstractInstanceRegistry  : Running the evict task with compensationTime 10ms
2026-04-14T01:20:46.913+01:00  INFO 35344 --- [eureka] [a-EvictionTimer] c.n.e.registry.AbstractInstanceRegistry  : Running the evict task with compensationTime 0ms
2026-04-14T01:21:46.925+01:00  INFO 35344 --- [eureka] [a-EvictionTimer] c.n.e.registry.AbstractInstanceRegistry  : Running the evict task with compensationTime 11ms
2026-04-14T01:22:46.928+01:00  INFO 35344 --- [eureka] [a-EvictionTimer] c.n.e.registry.AbstractInstanceRegistry  : Running the evict task with compensationTime 3ms
2026-04-14T01:23:46.929+01:00  INFO 35344 --- [eureka] [a-EvictionTimer] c.n.e.registry.AbstractInstanceRegistry  : Running the evict task with compensationTime 0ms
2026-04-14T01:24:45.711+01:00  INFO 35344 --- [eureka] [hresholdUpdater] c.n.e.r.PeerAwareInstanceRegistryImpl    : Current renewal threshold is : 6
2026-04-14T01:24:45.802+01:00  WARN 35344 --- [eureka] [eerNodesUpdater] c.n.eureka.cluster.PeerEurekaNodes       : The replica size seems to be empty. Check the route 53 DNS Registry
2026-04-14T01:24:46.934+01:00  INFO 35344 --- [eureka] [a-EvictionTimer] c.n.e.registry.AbstractInstanceRegistry  : Running the evict task with compensationTime 5ms
2026-04-14T01:25:46.935+01:00  INFO 35344 --- [eureka] [a-EvictionTimer] c.n.e.registry.AbstractInstanceRegistry  : Running the evict task with compensationTime 0ms
2026-04-14T01:26:46.936+01:00  INFO 35344 --- [eureka] [a-EvictionTimer] c.n.e.registry.AbstractInstanceRegistry  : Running the evict task with compensationTime 0ms
2026-04-14T01:27:46.936+01:00  INFO 35344 --- [eureka] [a-EvictionTimer] c.n.e.registry.AbstractInstanceRegistry  : Running the evict task with compensationTime 0ms
2026-04-14T01:28:46.936+01:00  INFO 35344 --- [eureka] [a-EvictionTimer] c.n.e.registry.AbstractInstanceRegistry  : Running the evict task with compensationTime 0ms
2026-04-14T01:29:46.937+01:00  INFO 35344 --- [eureka] [a-EvictionTimer] c.n.e.registry.AbstractInstanceRegistry  : Running the evict task with compensationTime 0ms
2026-04-14T01:30:46.937+01:00  INFO 35344 --- [eureka] [a-EvictionTimer] c.n.e.registry.AbstractInstanceRegistry  : Running the evict task with compensationTime 0ms
2026-04-14T01:31:46.937+01:00  INFO 35344 --- [eureka] [a-EvictionTimer] c.n.e.registry.AbstractInstanceRegistry  : Running the evict task with compensationTime 0ms
2026-04-14T01:32:46.937+01:00  INFO 35344 --- [eureka] [a-EvictionTimer] c.n.e.registry.AbstractInstanceRegistry  : Running the evict task with compensationTime 0ms
2026-04-14T01:33:46.938+01:00  INFO 35344 --- [eureka] [a-EvictionTimer] c.n.e.registry.AbstractInstanceRegistry  : Running the evict task with compensationTime 0ms
2026-04-14T01:34:45.802+01:00  WARN 35344 --- [eureka] [eerNodesUpdater] c.n.eureka.cluster.PeerEurekaNodes       : The replica size seems to be empty. Check the route 53 DNS Registry
2026-04-14T01:34:46.938+01:00  INFO 35344 --- [eureka] [a-EvictionTimer] c.n.e.registry.AbstractInstanceRegistry  : Running the evict task with compensationTime 0ms
2026-04-14T01:35:46.939+01:00  INFO 35344 --- [eureka] [a-EvictionTimer] c.n.e.registry.AbstractInstanceRegistry  : Running the evict task with compensationTime 0ms
2026-04-14T01:36:46.939+01:00  INFO 35344 --- [eureka] [a-EvictionTimer] c.n.e.registry.AbstractInstanceRegistry  : Running the evict task with compensationTime 0ms
2026-04-14T01:37:46.939+01:00  INFO 35344 --- [eureka] [a-EvictionTimer] c.n.e.registry.AbstractInstanceRegistry  : Running the evict task with compensationTime 0ms
2026-04-14T01:38:46.939+01:00  INFO 35344 --- [eureka] [a-EvictionTimer] c.n.e.registry.AbstractInstanceRegistry  : Running the evict task with compensationTime 0ms
2026-04-14T01:39:45.711+01:00  INFO 35344 --- [eureka] [hresholdUpdater] c.n.e.r.PeerAwareInstanceRegistryImpl    : Current renewal threshold is : 6
2026-04-14T01:39:46.939+01:00  INFO 35344 --- [eureka] [a-EvictionTimer] c.n.e.registry.AbstractInstanceRegistry  : Running the evict task with compensationTime 0ms
2026-04-14T01:40:46.940+01:00  INFO 35344 --- [eureka] [a-EvictionTimer] c.n.e.registry.AbstractInstanceRegistry  : Running the evict task with compensationTime 1ms
2026-04-14T01:41:46.941+01:00  INFO 35344 --- [eureka] [a-EvictionTimer] c.n.e.registry.AbstractInstanceRegistry  : Running the evict task with compensationTime 0ms
2026-04-14T01:42:46.951+01:00  INFO 35344 --- [eureka] [a-EvictionTimer] c.n.e.registry.AbstractInstanceRegistry  : Running the evict task with compensationTime 10ms
2026-04-14T01:43:46.962+01:00  INFO 35344 --- [eureka] [a-EvictionTimer] c.n.e.registry.AbstractInstanceRegistry  : Running the evict task with compensationTime 10ms
2026-04-14T01:44:45.807+01:00  WARN 35344 --- [eureka] [eerNodesUpdater] c.n.eureka.cluster.PeerEurekaNodes       : The replica size seems to be empty. Check the route 53 DNS Registry
2026-04-14T01:44:46.962+01:00  INFO 35344 --- [eureka] [a-EvictionTimer] c.n.e.registry.AbstractInstanceRegistry  : Running the evict task with compensationTime 0ms
2026-04-14T01:45:46.977+01:00  INFO 35344 --- [eureka] [a-EvictionTimer] c.n.e.registry.AbstractInstanceRegistry  : Running the evict task with compensationTime 15ms
2026-04-14T01:46:46.982+01:00  INFO 35344 --- [eureka] [a-EvictionTimer] c.n.e.registry.AbstractInstanceRegistry  : Running the evict task with compensationTime 4ms
2026-04-14T01:47:46.986+01:00  INFO 35344 --- [eureka] [a-EvictionTimer] c.n.e.registry.AbstractInstanceRegistry  : Running the evict task with compensationTime 3ms
2026-04-14T01:48:47.001+01:00  INFO 35344 --- [eureka] [a-EvictionTimer] c.n.e.registry.AbstractInstanceRegistry  : Running the evict task with compensationTime 15ms
2026-04-14T01:49:47.015+01:00  INFO 35344 --- [eureka] [a-EvictionTimer] c.n.e.registry.AbstractInstanceRegistry  : Running the evict task with compensationTime 14ms
2026-04-14T01:50:47.027+01:00  INFO 35344 --- [eureka] [a-EvictionTimer] c.n.e.registry.AbstractInstanceRegistry  : Running the evict task with compensationTime 11ms
2026-04-14T01:51:47.033+01:00  INFO 35344 --- [eureka] [a-EvictionTimer] c.n.e.registry.AbstractInstanceRegistry  : Running the evict task with compensationTime 6ms
2026-04-14T01:52:47.037+01:00  INFO 35344 --- [eureka] [a-EvictionTimer] c.n.e.registry.AbstractInstanceRegistry  : Running the evict task with compensationTime 4ms
2026-04-14T01:53:47.049+01:00  INFO 35344 --- [eureka] [a-EvictionTimer] c.n.e.registry.AbstractInstanceRegistry  : Running the evict task with compensationTime 11ms
2026-04-14T01:54:45.723+01:00  INFO 35344 --- [eureka] [hresholdUpdater] c.n.e.r.PeerAwareInstanceRegistryImpl    : Current renewal threshold is : 6
2026-04-14T01:54:45.814+01:00  WARN 35344 --- [eureka] [eerNodesUpdater] c.n.eureka.cluster.PeerEurekaNodes       : The replica size seems to be empty. Check the route 53 DNS Registry
2026-04-14T01:54:47.060+01:00  INFO 35344 --- [eureka] [a-EvictionTimer] c.n.e.registry.AbstractInstanceRegistry  : Running the evict task with compensationTime 11ms
2026-04-14T01:55:47.060+01:00  INFO 35344 --- [eureka] [a-EvictionTimer] c.n.e.registry.AbstractInstanceRegistry  : Running the evict task with compensationTime 0ms
2026-04-14T01:56:47.060+01:00  INFO 35344 --- [eureka] [a-EvictionTimer] c.n.e.registry.AbstractInstanceRegistry  : Running the evict task with compensationTime 0ms
2026-04-14T01:57:47.060+01:00  INFO 35344 --- [eureka] [a-EvictionTimer] c.n.e.registry.AbstractInstanceRegistry  : Running the evict task with compensationTime 0ms
2026-04-14T01:58:47.060+01:00  INFO 35344 --- [eureka] [a-EvictionTimer] c.n.e.registry.AbstractInstanceRegistry  : Running the evict task with compensationTime 0ms
2026-04-14T01:59:47.060+01:00  INFO 35344 --- [eureka] [a-EvictionTimer] c.n.e.registry.AbstractInstanceRegistry  : Running the evict task with compensationTime 0ms
2026-04-14T02:00:47.060+01:00  INFO 35344 --- [eureka] [a-EvictionTimer] c.n.e.registry.AbstractInstanceRegistry  : Running the evict task with compensationTime 0ms
2026-04-14T02:01:47.061+01:00  INFO 35344 --- [eureka] [a-EvictionTimer] c.n.e.registry.AbstractInstanceRegistry  : Running the evict task with compensationTime 0ms
2026-04-14T02:02:47.061+01:00  INFO 35344 --- [eureka] [a-EvictionTimer] c.n.e.registry.AbstractInstanceRegistry  : Running the evict task with compensationTime 0ms
2026-04-14T02:03:47.061+01:00  INFO 35344 --- [eureka] [a-EvictionTimer] c.n.e.registry.AbstractInstanceRegistry  : Running the evict task with compensationTime 0ms
2026-04-14T02:04:45.816+01:00  WARN 35344 --- [eureka] [eerNodesUpdater] c.n.eureka.cluster.PeerEurekaNodes       : The replica size seems to be empty. Check the route 53 DNS Registry
2026-04-14T02:04:47.062+01:00  INFO 35344 --- [eureka] [a-EvictionTimer] c.n.e.registry.AbstractInstanceRegistry  : Running the evict task with compensationTime 0ms
2026-04-14T02:05:47.062+01:00  INFO 35344 --- [eureka] [a-EvictionTimer] c.n.e.registry.AbstractInstanceRegistry  : Running the evict task with compensationTime 0ms
2026-04-14T02:06:47.063+01:00  INFO 35344 --- [eureka] [a-EvictionTimer] c.n.e.registry.AbstractInstanceRegistry  : Running the evict task with compensationTime 1ms
2026-04-14T02:07:47.063+01:00  INFO 35344 --- [eureka] [a-EvictionTimer] c.n.e.registry.AbstractInstanceRegistry  : Running the evict task with compensationTime 0ms
2026-04-14T02:08:47.063+01:00  INFO 35344 --- [eureka] [a-EvictionTimer] c.n.e.registry.AbstractInstanceRegistry  : Running the evict task with compensationTime 0ms
2026-04-14T02:09:45.723+01:00  INFO 35344 --- [eureka] [hresholdUpdater] c.n.e.r.PeerAwareInstanceRegistryImpl    : Current renewal threshold is : 6
2026-04-14T02:09:47.064+01:00  INFO 35344 --- [eureka] [a-EvictionTimer] c.n.e.registry.AbstractInstanceRegistry  : Running the evict task with compensationTime 1ms
2026-04-14T02:10:47.073+01:00  INFO 35344 --- [eureka] [a-EvictionTimer] c.n.e.registry.AbstractInstanceRegistry  : Running the evict task with compensationTime 9ms
2026-04-14T02:11:47.081+01:00  INFO 35344 --- [eureka] [a-EvictionTimer] c.n.e.registry.AbstractInstanceRegistry  : Running the evict task with compensationTime 7ms
2026-04-14T02:12:47.085+01:00  INFO 35344 --- [eureka] [a-EvictionTimer] c.n.e.registry.AbstractInstanceRegistry  : Running the evict task with compensationTime 5ms
2026-04-14T02:13:47.086+01:00  INFO 35344 --- [eureka] [a-EvictionTimer] c.n.e.registry.AbstractInstanceRegistry  : Running the evict task with compensationTime 0ms
2026-04-14T02:14:45.817+01:00  WARN 35344 --- [eureka] [eerNodesUpdater] c.n.eureka.cluster.PeerEurekaNodes       : The replica size seems to be empty. Check the route 53 DNS Registry
2026-04-14T02:14:47.086+01:00  INFO 35344 --- [eureka] [a-EvictionTimer] c.n.e.registry.AbstractInstanceRegistry  : Running the evict task with compensationTime 0ms
2026-04-14T02:15:47.101+01:00  INFO 35344 --- [eureka] [a-EvictionTimer] c.n.e.registry.AbstractInstanceRegistry  : Running the evict task with compensationTime 14ms
2026-04-14T02:16:47.114+01:00  INFO 35344 --- [eureka] [a-EvictionTimer] c.n.e.registry.AbstractInstanceRegistry  : Running the evict task with compensationTime 13ms
2026-04-14T02:17:47.114+01:00  INFO 35344 --- [eureka] [a-EvictionTimer] c.n.e.registry.AbstractInstanceRegistry  : Running the evict task with compensationTime 0ms
2026-04-14T02:18:47.124+01:00  INFO 35344 --- [eureka] [a-EvictionTimer] c.n.e.registry.AbstractInstanceRegistry  : Running the evict task with compensationTime 9ms
2026-04-14T02:19:47.134+01:00  INFO 35344 --- [eureka] [a-EvictionTimer] c.n.e.registry.AbstractInstanceRegistry  : Running the evict task with compensationTime 9ms
2026-04-14T02:20:47.148+01:00  INFO 35344 --- [eureka] [a-EvictionTimer] c.n.e.registry.AbstractInstanceRegistry  : Running the evict task with compensationTime 13ms
2026-04-14T02:21:47.156+01:00  INFO 35344 --- [eureka] [a-EvictionTimer] c.n.e.registry.AbstractInstanceRegistry  : Running the evict task with compensationTime 8ms
2026-04-14T02:22:47.165+01:00  INFO 35344 --- [eureka] [a-EvictionTimer] c.n.e.registry.AbstractInstanceRegistry  : Running the evict task with compensationTime 8ms
2026-04-14T02:23:47.177+01:00  INFO 35344 --- [eureka] [a-EvictionTimer] c.n.e.registry.AbstractInstanceRegistry  : Running the evict task with compensationTime 11ms
2026-04-14T02:24:45.734+01:00  INFO 35344 --- [eureka] [hresholdUpdater] c.n.e.r.PeerAwareInstanceRegistryImpl    : Current renewal threshold is : 6
2026-04-14T02:24:45.829+01:00  WARN 35344 --- [eureka] [eerNodesUpdater] c.n.eureka.cluster.PeerEurekaNodes       : The replica size seems to be empty. Check the route 53 DNS Registry
2026-04-14T02:24:47.189+01:00  INFO 35344 --- [eureka] [a-EvictionTimer] c.n.e.registry.AbstractInstanceRegistry  : Running the evict task with compensationTime 12ms
2026-04-14T02:25:47.193+01:00  INFO 35344 --- [eureka] [a-EvictionTimer] c.n.e.registry.AbstractInstanceRegistry  : Running the evict task with compensationTime 3ms
2026-04-14T02:26:47.196+01:00  INFO 35344 --- [eureka] [a-EvictionTimer] c.n.e.registry.AbstractInstanceRegistry  : Running the evict task with compensationTime 2ms
2026-04-14T02:27:47.202+01:00  INFO 35344 --- [eureka] [a-EvictionTimer] c.n.e.registry.AbstractInstanceRegistry  : Running the evict task with compensationTime 6ms
2026-04-14T02:28:47.204+01:00  INFO 35344 --- [eureka] [a-EvictionTimer] c.n.e.registry.AbstractInstanceRegistry  : Running the evict task with compensationTime 1ms
2026-04-14T02:29:47.205+01:00  INFO 35344 --- [eureka] [a-EvictionTimer] c.n.e.registry.AbstractInstanceRegistry  : Running the evict task with compensationTime 0ms
2026-04-14T02:30:47.207+01:00  INFO 35344 --- [eureka] [a-EvictionTimer] c.n.e.registry.AbstractInstanceRegistry  : Running the evict task with compensationTime 2ms
2026-04-14T02:31:47.213+01:00  INFO 35344 --- [eureka] [a-EvictionTimer] c.n.e.registry.AbstractInstanceRegistry  : Running the evict task with compensationTime 5ms
2026-04-14T02:32:47.214+01:00  INFO 35344 --- [eureka] [a-EvictionTimer] c.n.e.registry.AbstractInstanceRegistry  : Running the evict task with compensationTime 1ms
2026-04-14T02:33:47.225+01:00  INFO 35344 --- [eureka] [a-EvictionTimer] c.n.e.registry.AbstractInstanceRegistry  : Running the evict task with compensationTime 11ms
2026-04-14T02:34:45.838+01:00  WARN 35344 --- [eureka] [eerNodesUpdater] c.n.eureka.cluster.PeerEurekaNodes       : The replica size seems to be empty. Check the route 53 DNS Registry
2026-04-14T02:34:47.231+01:00  INFO 35344 --- [eureka] [a-EvictionTimer] c.n.e.registry.AbstractInstanceRegistry  : Running the evict task with compensationTime 5ms
2026-04-14T02:35:47.232+01:00  INFO 35344 --- [eureka] [a-EvictionTimer] c.n.e.registry.AbstractInstanceRegistry  : Running the evict task with compensationTime 0ms
2026-04-14T02:36:47.247+01:00  INFO 35344 --- [eureka] [a-EvictionTimer] c.n.e.registry.AbstractInstanceRegistry  : Running the evict task with compensationTime 14ms
2026-04-14T02:37:47.248+01:00  INFO 35344 --- [eureka] [a-EvictionTimer] c.n.e.registry.AbstractInstanceRegistry  : Running the evict task with compensationTime 1ms
2026-04-14T02:38:47.249+01:00  INFO 35344 --- [eureka] [a-EvictionTimer] c.n.e.registry.AbstractInstanceRegistry  : Running the evict task with compensationTime 0ms
2026-04-14T02:39:45.740+01:00  INFO 35344 --- [eureka] [hresholdUpdater] c.n.e.r.PeerAwareInstanceRegistryImpl    : Current renewal threshold is : 6
2026-04-14T02:39:47.257+01:00  INFO 35344 --- [eureka] [a-EvictionTimer] c.n.e.registry.AbstractInstanceRegistry  : Running the evict task with compensationTime 8ms
2026-04-14T02:40:47.261+01:00  INFO 35344 --- [eureka] [a-EvictionTimer] c.n.e.registry.AbstractInstanceRegistry  : Running the evict task with compensationTime 4ms
2026-04-14T02:41:47.264+01:00  INFO 35344 --- [eureka] [a-EvictionTimer] c.n.e.registry.AbstractInstanceRegistry  : Running the evict task with compensationTime 2ms
2026-04-14T02:42:47.264+01:00  INFO 35344 --- [eureka] [a-EvictionTimer] c.n.e.registry.AbstractInstanceRegistry  : Running the evict task with compensationTime 0ms
2026-04-14T02:43:47.274+01:00  INFO 35344 --- [eureka] [a-EvictionTimer] c.n.e.registry.AbstractInstanceRegistry  : Running the evict task with compensationTime 9ms
2026-04-14T02:44:45.839+01:00  WARN 35344 --- [eureka] [eerNodesUpdater] c.n.eureka.cluster.PeerEurekaNodes       : The replica size seems to be empty. Check the route 53 DNS Registry
2026-04-14T02:44:47.280+01:00  INFO 35344 --- [eureka] [a-EvictionTimer] c.n.e.registry.AbstractInstanceRegistry  : Running the evict task with compensationTime 5ms
2026-04-14T02:45:47.283+01:00  INFO 35344 --- [eureka] [a-EvictionTimer] c.n.e.registry.AbstractInstanceRegistry  : Running the evict task with compensationTime 2ms
2026-04-14T02:46:47.297+01:00  INFO 35344 --- [eureka] [a-EvictionTimer] c.n.e.registry.AbstractInstanceRegistry  : Running the evict task with compensationTime 14ms
2026-04-14T02:47:47.307+01:00  INFO 35344 --- [eureka] [a-EvictionTimer] c.n.e.registry.AbstractInstanceRegistry  : Running the evict task with compensationTime 10ms
2026-04-14T02:48:47.319+01:00  INFO 35344 --- [eureka] [a-EvictionTimer] c.n.e.registry.AbstractInstanceRegistry  : Running the evict task with compensationTime 11ms
2026-04-14T02:49:47.322+01:00  INFO 35344 --- [eureka] [a-EvictionTimer] c.n.e.registry.AbstractInstanceRegistry  : Running the evict task with compensationTime 3ms
2026-04-14T02:50:47.330+01:00  INFO 35344 --- [eureka] [a-EvictionTimer] c.n.e.registry.AbstractInstanceRegistry  : Running the evict task with compensationTime 8ms
2026-04-14T02:51:47.343+01:00  INFO 35344 --- [eureka] [a-EvictionTimer] c.n.e.registry.AbstractInstanceRegistry  : Running the evict task with compensationTime 13ms
2026-04-14T02:52:47.355+01:00  INFO 35344 --- [eureka] [a-EvictionTimer] c.n.e.registry.AbstractInstanceRegistry  : Running the evict task with compensationTime 11ms
2026-04-14T02:53:47.356+01:00  INFO 35344 --- [eureka] [a-EvictionTimer] c.n.e.registry.AbstractInstanceRegistry  : Running the evict task with compensationTime 0ms
2026-04-14T02:54:45.742+01:00  INFO 35344 --- [eureka] [hresholdUpdater] c.n.e.r.PeerAwareInstanceRegistryImpl    : Current renewal threshold is : 6
2026-04-14T02:54:45.851+01:00  WARN 35344 --- [eureka] [eerNodesUpdater] c.n.eureka.cluster.PeerEurekaNodes       : The replica size seems to be empty. Check the route 53 DNS Registry
2026-04-14T02:54:47.369+01:00  INFO 35344 --- [eureka] [a-EvictionTimer] c.n.e.registry.AbstractInstanceRegistry  : Running the evict task with compensationTime 13ms
2026-04-14T02:55:47.373+01:00  INFO 35344 --- [eureka] [a-EvictionTimer] c.n.e.registry.AbstractInstanceRegistry  : Running the evict task with compensationTime 4ms
2026-04-14T02:56:47.373+01:00  INFO 35344 --- [eureka] [a-EvictionTimer] c.n.e.registry.AbstractInstanceRegistry  : Running the evict task with compensationTime 0ms
2026-04-14T02:57:47.388+01:00  INFO 35344 --- [eureka] [a-EvictionTimer] c.n.e.registry.AbstractInstanceRegistry  : Running the evict task with compensationTime 14ms
2026-04-14T02:58:47.389+01:00  INFO 35344 --- [eureka] [a-EvictionTimer] c.n.e.registry.AbstractInstanceRegistry  : Running the evict task with compensationTime 0ms
2026-04-14T02:59:47.400+01:00  INFO 35344 --- [eureka] [a-EvictionTimer] c.n.e.registry.AbstractInstanceRegistry  : Running the evict task with compensationTime 11ms
2026-04-14T03:00:47.414+01:00  INFO 35344 --- [eureka] [a-EvictionTimer] c.n.e.registry.AbstractInstanceRegistry  : Running the evict task with compensationTime 13ms
2026-04-14T03:01:47.427+01:00  INFO 35344 --- [eureka] [a-EvictionTimer] c.n.e.registry.AbstractInstanceRegistry  : Running the evict task with compensationTime 13ms
2026-04-14T03:02:47.427+01:00  INFO 35344 --- [eureka] [a-EvictionTimer] c.n.e.registry.AbstractInstanceRegistry  : Running the evict task with compensationTime 0ms
2026-04-14T03:03:47.428+01:00  INFO 35344 --- [eureka] [a-EvictionTimer] c.n.e.registry.AbstractInstanceRegistry  : Running the evict task with compensationTime 1ms
2026-04-14T03:04:45.861+01:00  WARN 35344 --- [eureka] [eerNodesUpdater] c.n.eureka.cluster.PeerEurekaNodes       : The replica size seems to be empty. Check the route 53 DNS Registry
2026-04-14T03:04:47.440+01:00  INFO 35344 --- [eureka] [a-EvictionTimer] c.n.e.registry.AbstractInstanceRegistry  : Running the evict task with compensationTime 12ms
2026-04-14T03:05:47.448+01:00  INFO 35344 --- [eureka] [a-EvictionTimer] c.n.e.registry.AbstractInstanceRegistry  : Running the evict task with compensationTime 8ms
2026-04-14T03:06:47.452+01:00  INFO 35344 --- [eureka] [a-EvictionTimer] c.n.e.registry.AbstractInstanceRegistry  : Running the evict task with compensationTime 3ms
2026-04-14T03:07:47.463+01:00  INFO 35344 --- [eureka] [a-EvictionTimer] c.n.e.registry.AbstractInstanceRegistry  : Running the evict task with compensationTime 11ms
2026-04-14T03:08:47.477+01:00  INFO 35344 --- [eureka] [a-EvictionTimer] c.n.e.registry.AbstractInstanceRegistry  : Running the evict task with compensationTime 14ms
2026-04-14T03:09:45.747+01:00  INFO 35344 --- [eureka] [hresholdUpdater] c.n.e.r.PeerAwareInstanceRegistryImpl    : Current renewal threshold is : 6
2026-04-14T03:09:47.480+01:00  INFO 35344 --- [eureka] [a-EvictionTimer] c.n.e.registry.AbstractInstanceRegistry  : Running the evict task with compensationTime 2ms
2026-04-14T03:10:47.483+01:00  INFO 35344 --- [eureka] [a-EvictionTimer] c.n.e.registry.AbstractInstanceRegistry  : Running the evict task with compensationTime 3ms
2026-04-14T03:11:47.483+01:00  INFO 35344 --- [eureka] [a-EvictionTimer] c.n.e.registry.AbstractInstanceRegistry  : Running the evict task with compensationTime 0ms
2026-04-14T03:12:47.498+01:00  INFO 35344 --- [eureka] [a-EvictionTimer] c.n.e.registry.AbstractInstanceRegistry  : Running the evict task with compensationTime 15ms
2026-04-14T03:13:47.502+01:00  INFO 35344 --- [eureka] [a-EvictionTimer] c.n.e.registry.AbstractInstanceRegistry  : Running the evict task with compensationTime 3ms
2026-04-14T03:14:45.869+01:00  WARN 35344 --- [eureka] [eerNodesUpdater] c.n.eureka.cluster.PeerEurekaNodes       : The replica size seems to be empty. Check the route 53 DNS Registry
2026-04-14T03:14:47.516+01:00  INFO 35344 --- [eureka] [a-EvictionTimer] c.n.e.registry.AbstractInstanceRegistry  : Running the evict task with compensationTime 14ms
2026-04-14T03:15:47.525+01:00  INFO 35344 --- [eureka] [a-EvictionTimer] c.n.e.registry.AbstractInstanceRegistry  : Running the evict task with compensationTime 8ms
2026-04-14T03:16:47.535+01:00  INFO 35344 --- [eureka] [a-EvictionTimer] c.n.e.registry.AbstractInstanceRegistry  : Running the evict task with compensationTime 10ms
2026-04-14T03:17:47.538+01:00  INFO 35344 --- [eureka] [a-EvictionTimer] c.n.e.registry.AbstractInstanceRegistry  : Running the evict task with compensationTime 3ms
2026-04-14T03:18:47.544+01:00  INFO 35344 --- [eureka] [a-EvictionTimer] c.n.e.registry.AbstractInstanceRegistry  : Running the evict task with compensationTime 5ms
2026-04-14T03:19:47.553+01:00  INFO 35344 --- [eureka] [a-EvictionTimer] c.n.e.registry.AbstractInstanceRegistry  : Running the evict task with compensationTime 9ms
2026-04-14T03:20:47.554+01:00  INFO 35344 --- [eureka] [a-EvictionTimer] c.n.e.registry.AbstractInstanceRegistry  : Running the evict task with compensationTime 0ms
2026-04-14T03:21:47.563+01:00  INFO 35344 --- [eureka] [a-EvictionTimer] c.n.e.registry.AbstractInstanceRegistry  : Running the evict task with compensationTime 9ms
2026-04-14T03:22:47.572+01:00  INFO 35344 --- [eureka] [a-EvictionTimer] c.n.e.registry.AbstractInstanceRegistry  : Running the evict task with compensationTime 8ms
2026-04-14T03:23:47.581+01:00  INFO 35344 --- [eureka] [a-EvictionTimer] c.n.e.registry.AbstractInstanceRegistry  : Running the evict task with compensationTime 9ms
2026-04-14T03:24:45.763+01:00  INFO 35344 --- [eureka] [hresholdUpdater] c.n.e.r.PeerAwareInstanceRegistryImpl    : Current renewal threshold is : 6
2026-04-14T03:24:45.872+01:00  WARN 35344 --- [eureka] [eerNodesUpdater] c.n.eureka.cluster.PeerEurekaNodes       : The replica size seems to be empty. Check the route 53 DNS Registry
2026-04-14T03:24:47.595+01:00  INFO 35344 --- [eureka] [a-EvictionTimer] c.n.e.registry.AbstractInstanceRegistry  : Running the evict task with compensationTime 13ms
2026-04-14T03:25:47.596+01:00  INFO 35344 --- [eureka] [a-EvictionTimer] c.n.e.registry.AbstractInstanceRegistry  : Running the evict task with compensationTime 1ms
2026-04-14T03:26:47.598+01:00  INFO 35344 --- [eureka] [a-EvictionTimer] c.n.e.registry.AbstractInstanceRegistry  : Running the evict task with compensationTime 1ms
2026-04-14T03:27:47.601+01:00  INFO 35344 --- [eureka] [a-EvictionTimer] c.n.e.registry.AbstractInstanceRegistry  : Running the evict task with compensationTime 3ms
2026-04-14T03:28:47.611+01:00  INFO 35344 --- [eureka] [a-EvictionTimer] c.n.e.registry.AbstractInstanceRegistry  : Running the evict task with compensationTime 9ms
2026-04-14T03:29:47.614+01:00  INFO 35344 --- [eureka] [a-EvictionTimer] c.n.e.registry.AbstractInstanceRegistry  : Running the evict task with compensationTime 2ms
2026-04-14T03:30:47.627+01:00  INFO 35344 --- [eureka] [a-EvictionTimer] c.n.e.registry.AbstractInstanceRegistry  : Running the evict task with compensationTime 13ms
2026-04-14T03:31:47.629+01:00  INFO 35344 --- [eureka] [a-EvictionTimer] c.n.e.registry.AbstractInstanceRegistry  : Running the evict task with compensationTime 1ms
2026-04-14T03:32:47.635+01:00  INFO 35344 --- [eureka] [a-EvictionTimer] c.n.e.registry.AbstractInstanceRegistry  : Running the evict task with compensationTime 6ms
2026-04-14T03:33:47.645+01:00  INFO 35344 --- [eureka] [a-EvictionTimer] c.n.e.registry.AbstractInstanceRegistry  : Running the evict task with compensationTime 9ms
2026-04-14T03:34:45.874+01:00  WARN 35344 --- [eureka] [eerNodesUpdater] c.n.eureka.cluster.PeerEurekaNodes       : The replica size seems to be empty. Check the route 53 DNS Registry
2026-04-14T03:34:47.656+01:00  INFO 35344 --- [eureka] [a-EvictionTimer] c.n.e.registry.AbstractInstanceRegistry  : Running the evict task with compensationTime 11ms
2026-04-14T03:35:47.664+01:00  INFO 35344 --- [eureka] [a-EvictionTimer] c.n.e.registry.AbstractInstanceRegistry  : Running the evict task with compensationTime 7ms
2026-04-14T03:36:47.677+01:00  INFO 35344 --- [eureka] [a-EvictionTimer] c.n.e.registry.AbstractInstanceRegistry  : Running the evict task with compensationTime 12ms
2026-04-14T03:37:47.692+01:00  INFO 35344 --- [eureka] [a-EvictionTimer] c.n.e.registry.AbstractInstanceRegistry  : Running the evict task with compensationTime 14ms
2026-04-14T03:38:47.700+01:00  INFO 35344 --- [eureka] [a-EvictionTimer] c.n.e.registry.AbstractInstanceRegistry  : Running the evict task with compensationTime 8ms
2026-04-14T03:39:45.771+01:00  INFO 35344 --- [eureka] [hresholdUpdater] c.n.e.r.PeerAwareInstanceRegistryImpl    : Current renewal threshold is : 6
2026-04-14T03:39:47.708+01:00  INFO 35344 --- [eureka] [a-EvictionTimer] c.n.e.registry.AbstractInstanceRegistry  : Running the evict task with compensationTime 7ms
2026-04-14T03:40:47.712+01:00  INFO 35344 --- [eureka] [a-EvictionTimer] c.n.e.registry.AbstractInstanceRegistry  : Running the evict task with compensationTime 4ms
2026-04-14T03:41:47.713+01:00  INFO 35344 --- [eureka] [a-EvictionTimer] c.n.e.registry.AbstractInstanceRegistry  : Running the evict task with compensationTime 0ms
2026-04-14T03:42:47.723+01:00  INFO 35344 --- [eureka] [a-EvictionTimer] c.n.e.registry.AbstractInstanceRegistry  : Running the evict task with compensationTime 10ms
2026-04-14T03:43:47.728+01:00  INFO 35344 --- [eureka] [a-EvictionTimer] c.n.e.registry.AbstractInstanceRegistry  : Running the evict task with compensationTime 5ms
2026-04-14T03:44:45.887+01:00  WARN 35344 --- [eureka] [eerNodesUpdater] c.n.eureka.cluster.PeerEurekaNodes       : The replica size seems to be empty. Check the route 53 DNS Registry
2026-04-14T03:44:47.731+01:00  INFO 35344 --- [eureka] [a-EvictionTimer] c.n.e.registry.AbstractInstanceRegistry  : Running the evict task with compensationTime 2ms
2026-04-14T03:45:47.742+01:00  INFO 35344 --- [eureka] [a-EvictionTimer] c.n.e.registry.AbstractInstanceRegistry  : Running the evict task with compensationTime 11ms
2026-04-14T03:46:47.744+01:00  INFO 35344 --- [eureka] [a-EvictionTimer] c.n.e.registry.AbstractInstanceRegistry  : Running the evict task with compensationTime 1ms
2026-04-14T03:47:47.760+01:00  INFO 35344 --- [eureka] [a-EvictionTimer] c.n.e.registry.AbstractInstanceRegistry  : Running the evict task with compensationTime 15ms
2026-04-14T03:48:47.763+01:00  INFO 35344 --- [eureka] [a-EvictionTimer] c.n.e.registry.AbstractInstanceRegistry  : Running the evict task with compensationTime 3ms
2026-04-14T03:49:47.772+01:00  INFO 35344 --- [eureka] [a-EvictionTimer] c.n.e.registry.AbstractInstanceRegistry  : Running the evict task with compensationTime 8ms
2026-04-14T03:50:47.777+01:00  INFO 35344 --- [eureka] [a-EvictionTimer] c.n.e.registry.AbstractInstanceRegistry  : Running the evict task with compensationTime 4ms
2026-04-14T03:51:47.782+01:00  INFO 35344 --- [eureka] [a-EvictionTimer] c.n.e.registry.AbstractInstanceRegistry  : Running the evict task with compensationTime 4ms
2026-04-14T03:52:47.787+01:00  INFO 35344 --- [eureka] [a-EvictionTimer] c.n.e.registry.AbstractInstanceRegistry  : Running the evict task with compensationTime 4ms
2026-04-14T03:53:47.801+01:00  INFO 35344 --- [eureka] [a-EvictionTimer] c.n.e.registry.AbstractInstanceRegistry  : Running the evict task with compensationTime 14ms
2026-04-14T03:54:45.780+01:00  INFO 35344 --- [eureka] [hresholdUpdater] c.n.e.r.PeerAwareInstanceRegistryImpl    : Current renewal threshold is : 6
2026-04-14T03:54:45.889+01:00  WARN 35344 --- [eureka] [eerNodesUpdater] c.n.eureka.cluster.PeerEurekaNodes       : The replica size seems to be empty. Check the route 53 DNS Registry
2026-04-14T03:54:47.801+01:00  INFO 35344 --- [eureka] [a-EvictionTimer] c.n.e.registry.AbstractInstanceRegistry  : Running the evict task with compensationTime 0ms
2026-04-14T03:55:47.808+01:00  INFO 35344 --- [eureka] [a-EvictionTimer] c.n.e.registry.AbstractInstanceRegistry  : Running the evict task with compensationTime 7ms
2026-04-14T03:56:47.809+01:00  INFO 35344 --- [eureka] [a-EvictionTimer] c.n.e.registry.AbstractInstanceRegistry  : Running the evict task with compensationTime 1ms
2026-04-14T03:57:47.813+01:00  INFO 35344 --- [eureka] [a-EvictionTimer] c.n.e.registry.AbstractInstanceRegistry  : Running the evict task with compensationTime 3ms
2026-04-14T03:58:47.818+01:00  INFO 35344 --- [eureka] [a-EvictionTimer] c.n.e.registry.AbstractInstanceRegistry  : Running the evict task with compensationTime 4ms
2026-04-14T03:59:47.818+01:00  INFO 35344 --- [eureka] [a-EvictionTimer] c.n.e.registry.AbstractInstanceRegistry  : Running the evict task with compensationTime 0ms
2026-04-14T04:00:47.825+01:00  INFO 35344 --- [eureka] [a-EvictionTimer] c.n.e.registry.AbstractInstanceRegistry  : Running the evict task with compensationTime 7ms
2026-04-14T04:01:47.827+01:00  INFO 35344 --- [eureka] [a-EvictionTimer] c.n.e.registry.AbstractInstanceRegistry  : Running the evict task with compensationTime 2ms
2026-04-14T04:02:47.837+01:00  INFO 35344 --- [eureka] [a-EvictionTimer] c.n.e.registry.AbstractInstanceRegistry  : Running the evict task with compensationTime 9ms
2026-04-14T04:03:47.853+01:00  INFO 35344 --- [eureka] [a-EvictionTimer] c.n.e.registry.AbstractInstanceRegistry  : Running the evict task with compensationTime 15ms
2026-04-14T04:04:45.901+01:00  WARN 35344 --- [eureka] [eerNodesUpdater] c.n.eureka.cluster.PeerEurekaNodes       : The replica size seems to be empty. Check the route 53 DNS Registry
2026-04-14T04:04:47.855+01:00  INFO 35344 --- [eureka] [a-EvictionTimer] c.n.e.registry.AbstractInstanceRegistry  : Running the evict task with compensationTime 2ms
2026-04-14T04:05:47.869+01:00  INFO 35344 --- [eureka] [a-EvictionTimer] c.n.e.registry.AbstractInstanceRegistry  : Running the evict task with compensationTime 14ms
2026-04-14T04:06:47.871+01:00  INFO 35344 --- [eureka] [a-EvictionTimer] c.n.e.registry.AbstractInstanceRegistry  : Running the evict task with compensationTime 1ms
2026-04-14T04:07:47.879+01:00  INFO 35344 --- [eureka] [a-EvictionTimer] c.n.e.registry.AbstractInstanceRegistry  : Running the evict task with compensationTime 8ms
2026-04-14T04:08:47.894+01:00  INFO 35344 --- [eureka] [a-EvictionTimer] c.n.e.registry.AbstractInstanceRegistry  : Running the evict task with compensationTime 14ms
2026-04-14T04:09:45.791+01:00  INFO 35344 --- [eureka] [hresholdUpdater] c.n.e.r.PeerAwareInstanceRegistryImpl    : Current renewal threshold is : 6
2026-04-14T04:09:47.900+01:00  INFO 35344 --- [eureka] [a-EvictionTimer] c.n.e.registry.AbstractInstanceRegistry  : Running the evict task with compensationTime 6ms
2026-04-14T04:10:47.912+01:00  INFO 35344 --- [eureka] [a-EvictionTimer] c.n.e.registry.AbstractInstanceRegistry  : Running the evict task with compensationTime 11ms
2026-04-14T04:11:47.918+01:00  INFO 35344 --- [eureka] [a-EvictionTimer] c.n.e.registry.AbstractInstanceRegistry  : Running the evict task with compensationTime 5ms
2026-04-14T04:12:47.922+01:00  INFO 35344 --- [eureka] [a-EvictionTimer] c.n.e.registry.AbstractInstanceRegistry  : Running the evict task with compensationTime 3ms
2026-04-14T04:13:47.924+01:00  INFO 35344 --- [eureka] [a-EvictionTimer] c.n.e.registry.AbstractInstanceRegistry  : Running the evict task with compensationTime 2ms
2026-04-14T04:14:45.914+01:00  WARN 35344 --- [eureka] [eerNodesUpdater] c.n.eureka.cluster.PeerEurekaNodes       : The replica size seems to be empty. Check the route 53 DNS Registry
2026-04-14T04:14:47.931+01:00  INFO 35344 --- [eureka] [a-EvictionTimer] c.n.e.registry.AbstractInstanceRegistry  : Running the evict task with compensationTime 6ms
2026-04-14T04:15:47.935+01:00  INFO 35344 --- [eureka] [a-EvictionTimer] c.n.e.registry.AbstractInstanceRegistry  : Running the evict task with compensationTime 4ms
2026-04-14T04:16:47.937+01:00  INFO 35344 --- [eureka] [a-EvictionTimer] c.n.e.registry.AbstractInstanceRegistry  : Running the evict task with compensationTime 2ms
2026-04-14T04:17:47.951+01:00  INFO 35344 --- [eureka] [a-EvictionTimer] c.n.e.registry.AbstractInstanceRegistry  : Running the evict task with compensationTime 14ms
2026-04-14T04:18:47.958+01:00  INFO 35344 --- [eureka] [a-EvictionTimer] c.n.e.registry.AbstractInstanceRegistry  : Running the evict task with compensationTime 6ms
2026-04-14T04:19:47.970+01:00  INFO 35344 --- [eureka] [a-EvictionTimer] c.n.e.registry.AbstractInstanceRegistry  : Running the evict task with compensationTime 12ms
2026-04-14T04:20:47.978+01:00  INFO 35344 --- [eureka] [a-EvictionTimer] c.n.e.registry.AbstractInstanceRegistry  : Running the evict task with compensationTime 8ms
2026-04-14T04:21:47.980+01:00  INFO 35344 --- [eureka] [a-EvictionTimer] c.n.e.registry.AbstractInstanceRegistry  : Running the evict task with compensationTime 1ms
2026-04-14T04:22:47.994+01:00  INFO 35344 --- [eureka] [a-EvictionTimer] c.n.e.registry.AbstractInstanceRegistry  : Running the evict task with compensationTime 14ms
2026-04-14T04:23:47.996+01:00  INFO 35344 --- [eureka] [a-EvictionTimer] c.n.e.registry.AbstractInstanceRegistry  : Running the evict task with compensationTime 1ms
2026-04-14T04:24:45.798+01:00  INFO 35344 --- [eureka] [hresholdUpdater] c.n.e.r.PeerAwareInstanceRegistryImpl    : Current renewal threshold is : 6
2026-04-14T04:24:45.922+01:00  WARN 35344 --- [eureka] [eerNodesUpdater] c.n.eureka.cluster.PeerEurekaNodes       : The replica size seems to be empty. Check the route 53 DNS Registry
2026-04-14T04:24:47.999+01:00  INFO 35344 --- [eureka] [a-EvictionTimer] c.n.e.registry.AbstractInstanceRegistry  : Running the evict task with compensationTime 2ms
2026-04-14T04:25:48.006+01:00  INFO 35344 --- [eureka] [a-EvictionTimer] c.n.e.registry.AbstractInstanceRegistry  : Running the evict task with compensationTime 6ms
2026-04-14T04:26:48.010+01:00  INFO 35344 --- [eureka] [a-EvictionTimer] c.n.e.registry.AbstractInstanceRegistry  : Running the evict task with compensationTime 3ms
2026-04-14T04:27:48.016+01:00  INFO 35344 --- [eureka] [a-EvictionTimer] c.n.e.registry.AbstractInstanceRegistry  : Running the evict task with compensationTime 6ms
2026-04-14T04:28:48.019+01:00  INFO 35344 --- [eureka] [a-EvictionTimer] c.n.e.registry.AbstractInstanceRegistry  : Running the evict task with compensationTime 2ms
2026-04-14T04:29:48.021+01:00  INFO 35344 --- [eureka] [a-EvictionTimer] c.n.e.registry.AbstractInstanceRegistry  : Running the evict task with compensationTime 2ms
2026-04-14T04:30:48.033+01:00  INFO 35344 --- [eureka] [a-EvictionTimer] c.n.e.registry.AbstractInstanceRegistry  : Running the evict task with compensationTime 11ms
2026-04-14T04:31:48.034+01:00  INFO 35344 --- [eureka] [a-EvictionTimer] c.n.e.registry.AbstractInstanceRegistry  : Running the evict task with compensationTime 1ms
2026-04-14T04:32:48.041+01:00  INFO 35344 --- [eureka] [a-EvictionTimer] c.n.e.registry.AbstractInstanceRegistry  : Running the evict task with compensationTime 6ms
2026-04-14T04:33:48.046+01:00  INFO 35344 --- [eureka] [a-EvictionTimer] c.n.e.registry.AbstractInstanceRegistry  : Running the evict task with compensationTime 5ms
2026-04-14T04:34:45.934+01:00  WARN 35344 --- [eureka] [eerNodesUpdater] c.n.eureka.cluster.PeerEurekaNodes       : The replica size seems to be empty. Check the route 53 DNS Registry
2026-04-14T04:34:48.050+01:00  INFO 35344 --- [eureka] [a-EvictionTimer] c.n.e.registry.AbstractInstanceRegistry  : Running the evict task with compensationTime 3ms
2026-04-14T04:35:48.056+01:00  INFO 35344 --- [eureka] [a-EvictionTimer] c.n.e.registry.AbstractInstanceRegistry  : Running the evict task with compensationTime 6ms
2026-04-14T04:36:48.065+01:00  INFO 35344 --- [eureka] [a-EvictionTimer] c.n.e.registry.AbstractInstanceRegistry  : Running the evict task with compensationTime 8ms
2026-04-14T04:37:48.073+01:00  INFO 35344 --- [eureka] [a-EvictionTimer] c.n.e.registry.AbstractInstanceRegistry  : Running the evict task with compensationTime 8ms
2026-04-14T04:38:48.080+01:00  INFO 35344 --- [eureka] [a-EvictionTimer] c.n.e.registry.AbstractInstanceRegistry  : Running the evict task with compensationTime 7ms
2026-04-14T04:39:45.800+01:00  INFO 35344 --- [eureka] [hresholdUpdater] c.n.e.r.PeerAwareInstanceRegistryImpl    : Current renewal threshold is : 6
2026-04-14T04:39:48.093+01:00  INFO 35344 --- [eureka] [a-EvictionTimer] c.n.e.registry.AbstractInstanceRegistry  : Running the evict task with compensationTime 13ms
2026-04-14T04:40:48.099+01:00  INFO 35344 --- [eureka] [a-EvictionTimer] c.n.e.registry.AbstractInstanceRegistry  : Running the evict task with compensationTime 5ms
2026-04-14T04:41:48.103+01:00  INFO 35344 --- [eureka] [a-EvictionTimer] c.n.e.registry.AbstractInstanceRegistry  : Running the evict task with compensationTime 4ms
2026-04-14T04:42:48.109+01:00  INFO 35344 --- [eureka] [a-EvictionTimer] c.n.e.registry.AbstractInstanceRegistry  : Running the evict task with compensationTime 5ms
2026-04-14T04:43:48.124+01:00  INFO 35344 --- [eureka] [a-EvictionTimer] c.n.e.registry.AbstractInstanceRegistry  : Running the evict task with compensationTime 15ms
2026-04-14T04:44:45.948+01:00  WARN 35344 --- [eureka] [eerNodesUpdater] c.n.eureka.cluster.PeerEurekaNodes       : The replica size seems to be empty. Check the route 53 DNS Registry
2026-04-14T04:44:48.135+01:00  INFO 35344 --- [eureka] [a-EvictionTimer] c.n.e.registry.AbstractInstanceRegistry  : Running the evict task with compensationTime 10ms
2026-04-14T04:45:48.143+01:00  INFO 35344 --- [eureka] [a-EvictionTimer] c.n.e.registry.AbstractInstanceRegistry  : Running the evict task with compensationTime 7ms
2026-04-14T04:46:48.152+01:00  INFO 35344 --- [eureka] [a-EvictionTimer] c.n.e.registry.AbstractInstanceRegistry  : Running the evict task with compensationTime 9ms
2026-04-14T04:47:48.152+01:00  INFO 35344 --- [eureka] [a-EvictionTimer] c.n.e.registry.AbstractInstanceRegistry  : Running the evict task with compensationTime 0ms
2026-04-14T04:48:48.156+01:00  INFO 35344 --- [eureka] [a-EvictionTimer] c.n.e.registry.AbstractInstanceRegistry  : Running the evict task with compensationTime 3ms
2026-04-14T04:49:48.170+01:00  INFO 35344 --- [eureka] [a-EvictionTimer] c.n.e.registry.AbstractInstanceRegistry  : Running the evict task with compensationTime 14ms
2026-04-14T04:50:48.175+01:00  INFO 35344 --- [eureka] [a-EvictionTimer] c.n.e.registry.AbstractInstanceRegistry  : Running the evict task with compensationTime 5ms
2026-04-14T04:51:48.179+01:00  INFO 35344 --- [eureka] [a-EvictionTimer] c.n.e.registry.AbstractInstanceRegistry  : Running the evict task with compensationTime 3ms
2026-04-14T04:52:48.181+01:00  INFO 35344 --- [eureka] [a-EvictionTimer] c.n.e.registry.AbstractInstanceRegistry  : Running the evict task with compensationTime 2ms
2026-04-14T04:53:48.194+01:00  INFO 35344 --- [eureka] [a-EvictionTimer] c.n.e.registry.AbstractInstanceRegistry  : Running the evict task with compensationTime 13ms
2026-04-14T04:54:45.808+01:00  INFO 35344 --- [eureka] [hresholdUpdater] c.n.e.r.PeerAwareInstanceRegistryImpl    : Current renewal threshold is : 6
2026-04-14T04:54:45.963+01:00  WARN 35344 --- [eureka] [eerNodesUpdater] c.n.eureka.cluster.PeerEurekaNodes       : The replica size seems to be empty. Check the route 53 DNS Registry
2026-04-14T04:54:48.199+01:00  INFO 35344 --- [eureka] [a-EvictionTimer] c.n.e.registry.AbstractInstanceRegistry  : Running the evict task with compensationTime 4ms
2026-04-14T04:55:48.203+01:00  INFO 35344 --- [eureka] [a-EvictionTimer] c.n.e.registry.AbstractInstanceRegistry  : Running the evict task with compensationTime 4ms
2026-04-14T04:56:48.217+01:00  INFO 35344 --- [eureka] [a-EvictionTimer] c.n.e.registry.AbstractInstanceRegistry  : Running the evict task with compensationTime 14ms
2026-04-14T04:57:48.220+01:00  INFO 35344 --- [eureka] [a-EvictionTimer] c.n.e.registry.AbstractInstanceRegistry  : Running the evict task with compensationTime 2ms
2026-04-14T04:58:48.230+01:00  INFO 35344 --- [eureka] [a-EvictionTimer] c.n.e.registry.AbstractInstanceRegistry  : Running the evict task with compensationTime 9ms
2026-04-14T04:59:48.233+01:00  INFO 35344 --- [eureka] [a-EvictionTimer] c.n.e.registry.AbstractInstanceRegistry  : Running the evict task with compensationTime 3ms
2026-04-14T07:47:49.403+01:00  INFO 35344 --- [eureka] [a-EvictionTimer] c.n.e.registry.AbstractInstanceRegistry  : Running the evict task with compensationTime 10021169ms
2026-04-14T07:48:49.404+01:00  INFO 35344 --- [eureka] [a-EvictionTimer] c.n.e.registry.AbstractInstanceRegistry  : Running the evict task with compensationTime 1ms
2026-04-14T07:49:49.415+01:00  INFO 35344 --- [eureka] [a-EvictionTimer] c.n.e.registry.AbstractInstanceRegistry  : Running the evict task with compensationTime 10ms
2026-04-14T07:50:49.424+01:00  INFO 35344 --- [eureka] [a-EvictionTimer] c.n.e.registry.AbstractInstanceRegistry  : Running the evict task with compensationTime 9ms
2026-04-14T07:51:47.138+01:00  WARN 35344 --- [eureka] [eerNodesUpdater] c.n.eureka.cluster.PeerEurekaNodes       : The replica size seems to be empty. Check the route 53 DNS Registry
2026-04-14T07:51:49.436+01:00  INFO 35344 --- [eureka] [a-EvictionTimer] c.n.e.registry.AbstractInstanceRegistry  : Running the evict task with compensationTime 11ms
2026-04-14T07:52:49.441+01:00  INFO 35344 --- [eureka] [a-EvictionTimer] c.n.e.registry.AbstractInstanceRegistry  : Running the evict task with compensationTime 4ms
2026-04-14T07:53:49.444+01:00  INFO 35344 --- [eureka] [a-EvictionTimer] c.n.e.registry.AbstractInstanceRegistry  : Running the evict task with compensationTime 3ms
2026-04-14T07:54:49.453+01:00  INFO 35344 --- [eureka] [a-EvictionTimer] c.n.e.registry.AbstractInstanceRegistry  : Running the evict task with compensationTime 9ms
2026-04-14T07:55:49.468+01:00  INFO 35344 --- [eureka] [a-EvictionTimer] c.n.e.registry.AbstractInstanceRegistry  : Running the evict task with compensationTime 14ms
2026-04-14T07:56:46.978+01:00  INFO 35344 --- [eureka] [hresholdUpdater] c.n.e.r.PeerAwareInstanceRegistryImpl    : Current renewal threshold is : 6
2026-04-14T07:56:49.470+01:00  INFO 35344 --- [eureka] [a-EvictionTimer] c.n.e.registry.AbstractInstanceRegistry  : Running the evict task with compensationTime 2ms
2026-04-14T07:57:49.470+01:00  INFO 35344 --- [eureka] [a-EvictionTimer] c.n.e.registry.AbstractInstanceRegistry  : Running the evict task with compensationTime 0ms
2026-04-14T07:58:49.474+01:00  INFO 35344 --- [eureka] [a-EvictionTimer] c.n.e.registry.AbstractInstanceRegistry  : Running the evict task with compensationTime 4ms
2026-04-14T07:59:49.478+01:00  INFO 35344 --- [eureka] [a-EvictionTimer] c.n.e.registry.AbstractInstanceRegistry  : Running the evict task with compensationTime 3ms
2026-04-14T08:00:49.489+01:00  INFO 35344 --- [eureka] [a-EvictionTimer] c.n.e.registry.AbstractInstanceRegistry  : Running the evict task with compensationTime 11ms
2026-04-14T08:01:47.154+01:00  WARN 35344 --- [eureka] [eerNodesUpdater] c.n.eureka.cluster.PeerEurekaNodes       : The replica size seems to be empty. Check the route 53 DNS Registry
2026-04-14T08:01:49.493+01:00  INFO 35344 --- [eureka] [a-EvictionTimer] c.n.e.registry.AbstractInstanceRegistry  : Running the evict task with compensationTime 3ms
2026-04-14T08:02:49.494+01:00  INFO 35344 --- [eureka] [a-EvictionTimer] c.n.e.registry.AbstractInstanceRegistry  : Running the evict task with compensationTime 1ms
2026-04-14T08:03:49.494+01:00  INFO 35344 --- [eureka] [a-EvictionTimer] c.n.e.registry.AbstractInstanceRegistry  : Running the evict task with compensationTime 0ms
2026-04-14T08:04:49.498+01:00  INFO 35344 --- [eureka] [a-EvictionTimer] c.n.e.registry.AbstractInstanceRegistry  : Running the evict task with compensationTime 3ms
2026-04-14T08:05:49.513+01:00  INFO 35344 --- [eureka] [a-EvictionTimer] c.n.e.registry.AbstractInstanceRegistry  : Running the evict task with compensationTime 14ms
2026-04-14T08:06:49.518+01:00  INFO 35344 --- [eureka] [a-EvictionTimer] c.n.e.registry.AbstractInstanceRegistry  : Running the evict task with compensationTime 5ms
2026-04-14T08:07:49.530+01:00  INFO 35344 --- [eureka] [a-EvictionTimer] c.n.e.registry.AbstractInstanceRegistry  : Running the evict task with compensationTime 12ms
2026-04-14T08:08:49.533+01:00  INFO 35344 --- [eureka] [a-EvictionTimer] c.n.e.registry.AbstractInstanceRegistry  : Running the evict task with compensationTime 3ms
2026-04-14T08:09:49.543+01:00  INFO 35344 --- [eureka] [a-EvictionTimer] c.n.e.registry.AbstractInstanceRegistry  : Running the evict task with compensationTime 9ms
2026-04-14T08:10:49.544+01:00  INFO 35344 --- [eureka] [a-EvictionTimer] c.n.e.registry.AbstractInstanceRegistry  : Running the evict task with compensationTime 1ms
2026-04-14T08:11:46.979+01:00  INFO 35344 --- [eureka] [hresholdUpdater] c.n.e.r.PeerAwareInstanceRegistryImpl    : Current renewal threshold is : 6
2026-04-14T08:11:47.167+01:00  WARN 35344 --- [eureka] [eerNodesUpdater] c.n.eureka.cluster.PeerEurekaNodes       : The replica size seems to be empty. Check the route 53 DNS Registry
2026-04-14T08:11:49.558+01:00  INFO 35344 --- [eureka] [a-EvictionTimer] c.n.e.registry.AbstractInstanceRegistry  : Running the evict task with compensationTime 13ms
2026-04-14T08:12:49.559+01:00  INFO 35344 --- [eureka] [a-EvictionTimer] c.n.e.registry.AbstractInstanceRegistry  : Running the evict task with compensationTime 0ms
2026-04-14T08:13:49.560+01:00  INFO 35344 --- [eureka] [a-EvictionTimer] c.n.e.registry.AbstractInstanceRegistry  : Running the evict task with compensationTime 1111ms
2026-04-14T08:14:49.568+01:00  INFO 35344 --- [eureka] [a-EvictionTimer] c.n.e.registry.AbstractInstanceRegistry  : Running the evict task with compensationTime 8ms
2026-04-14T08:15:49.569+01:00  INFO 35344 --- [eureka] [a-EvictionTimer] c.n.e.registry.AbstractInstanceRegistry  : Running the evict task with compensationTime 1ms
2026-04-14T08:16:49.584+01:00  INFO 35344 --- [eureka] [a-EvictionTimer] c.n.e.registry.AbstractInstanceRegistry  : Running the evict task with compensationTime 15ms
2026-04-14T08:17:49.587+01:00  INFO 35344 --- [eureka] [a-EvictionTimer] c.n.e.registry.AbstractInstanceRegistry  : Running the evict task with compensationTime 2ms
2026-04-14T08:18:49.587+01:00  INFO 35344 --- [eureka] [a-EvictionTimer] c.n.e.registry.AbstractInstanceRegistry  : Running the evict task with compensationTime 0ms
2026-04-14T08:19:49.599+01:00  INFO 35344 --- [eureka] [a-EvictionTimer] c.n.e.registry.AbstractInstanceRegistry  : Running the evict task with compensationTime 11ms
2026-04-14T08:20:49.600+01:00  INFO 35344 --- [eureka] [a-EvictionTimer] c.n.e.registry.AbstractInstanceRegistry  : Running the evict task with compensationTime 1ms
2026-04-14T08:21:46.061+01:00  WARN 35344 --- [eureka] [eerNodesUpdater] c.n.eureka.cluster.PeerEurekaNodes       : The replica size seems to be empty. Check the route 53 DNS Registry
2026-04-14T08:21:49.608+01:00  INFO 35344 --- [eureka] [a-EvictionTimer] c.n.e.registry.AbstractInstanceRegistry  : Running the evict task with compensationTime 7ms
2026-04-14T08:22:49.617+01:00  INFO 35344 --- [eureka] [a-EvictionTimer] c.n.e.registry.AbstractInstanceRegistry  : Running the evict task with compensationTime 9ms
2026-04-14T08:23:49.622+01:00  INFO 35344 --- [eureka] [a-EvictionTimer] c.n.e.registry.AbstractInstanceRegistry  : Running the evict task with compensationTime 4ms
2026-04-14T08:24:49.627+01:00  INFO 35344 --- [eureka] [a-EvictionTimer] c.n.e.registry.AbstractInstanceRegistry  : Running the evict task with compensationTime 5ms
2026-04-14T08:25:49.631+01:00  INFO 35344 --- [eureka] [a-EvictionTimer] c.n.e.registry.AbstractInstanceRegistry  : Running the evict task with compensationTime 3ms
2026-04-14T08:26:46.979+01:00  INFO 35344 --- [eureka] [hresholdUpdater] c.n.e.r.PeerAwareInstanceRegistryImpl    : Current renewal threshold is : 6
2026-04-14T08:26:49.642+01:00  INFO 35344 --- [eureka] [a-EvictionTimer] c.n.e.registry.AbstractInstanceRegistry  : Running the evict task with compensationTime 11ms
2026-04-14T08:27:49.646+01:00  INFO 35344 --- [eureka] [a-EvictionTimer] c.n.e.registry.AbstractInstanceRegistry  : Running the evict task with compensationTime 3ms
2026-04-14T08:28:49.656+01:00  INFO 35344 --- [eureka] [a-EvictionTimer] c.n.e.registry.AbstractInstanceRegistry  : Running the evict task with compensationTime 10ms
2026-04-14T08:29:49.666+01:00  INFO 35344 --- [eureka] [a-EvictionTimer] c.n.e.registry.AbstractInstanceRegistry  : Running the evict task with compensationTime 9ms
2026-04-14T08:30:49.667+01:00  INFO 35344 --- [eureka] [a-EvictionTimer] c.n.e.registry.AbstractInstanceRegistry  : Running the evict task with compensationTime 0ms
2026-04-14T08:31:46.076+01:00  WARN 35344 --- [eureka] [eerNodesUpdater] c.n.eureka.cluster.PeerEurekaNodes       : The replica size seems to be empty. Check the route 53 DNS Registry
2026-04-14T08:31:49.678+01:00  INFO 35344 --- [eureka] [a-EvictionTimer] c.n.e.registry.AbstractInstanceRegistry  : Running the evict task with compensationTime 11ms
2026-04-14T08:32:49.691+01:00  INFO 35344 --- [eureka] [a-EvictionTimer] c.n.e.registry.AbstractInstanceRegistry  : Running the evict task with compensationTime 12ms
2026-04-14T08:33:49.691+01:00  INFO 35344 --- [eureka] [a-EvictionTimer] c.n.e.registry.AbstractInstanceRegistry  : Running the evict task with compensationTime 0ms
2026-04-14T08:34:49.701+01:00  INFO 35344 --- [eureka] [a-EvictionTimer] c.n.e.registry.AbstractInstanceRegistry  : Running the evict task with compensationTime 9ms
2026-04-14T08:35:49.701+01:00  INFO 35344 --- [eureka] [a-EvictionTimer] c.n.e.registry.AbstractInstanceRegistry  : Running the evict task with compensationTime 0ms
2026-04-14T08:36:49.714+01:00  INFO 35344 --- [eureka] [a-EvictionTimer] c.n.e.registry.AbstractInstanceRegistry  : Running the evict task with compensationTime 12ms
2026-04-14T08:37:49.723+01:00  INFO 35344 --- [eureka] [a-EvictionTimer] c.n.e.registry.AbstractInstanceRegistry  : Running the evict task with compensationTime 9ms
2026-04-14T08:38:49.736+01:00  INFO 35344 --- [eureka] [a-EvictionTimer] c.n.e.registry.AbstractInstanceRegistry  : Running the evict task with compensationTime 13ms
2026-04-14T08:39:49.745+01:00  INFO 35344 --- [eureka] [a-EvictionTimer] c.n.e.registry.AbstractInstanceRegistry  : Running the evict task with compensationTime 7ms
2026-04-14T08:40:49.754+01:00  INFO 35344 --- [eureka] [a-EvictionTimer] c.n.e.registry.AbstractInstanceRegistry  : Running the evict task with compensationTime 9ms
2026-04-14T08:41:46.080+01:00  WARN 35344 --- [eureka] [eerNodesUpdater] c.n.eureka.cluster.PeerEurekaNodes       : The replica size seems to be empty. Check the route 53 DNS Registry
2026-04-14T08:41:46.992+01:00  INFO 35344 --- [eureka] [hresholdUpdater] c.n.e.r.PeerAwareInstanceRegistryImpl    : Current renewal threshold is : 6
2026-04-14T08:41:49.765+01:00  INFO 35344 --- [eureka] [a-EvictionTimer] c.n.e.registry.AbstractInstanceRegistry  : Running the evict task with compensationTime 11ms
2026-04-14T08:42:49.766+01:00  INFO 35344 --- [eureka] [a-EvictionTimer] c.n.e.registry.AbstractInstanceRegistry  : Running the evict task with compensationTime 0ms
2026-04-14T08:43:49.770+01:00  INFO 35344 --- [eureka] [a-EvictionTimer] c.n.e.registry.AbstractInstanceRegistry  : Running the evict task with compensationTime 4ms
2026-04-14T08:44:49.779+01:00  INFO 35344 --- [eureka] [a-EvictionTimer] c.n.e.registry.AbstractInstanceRegistry  : Running the evict task with compensationTime 8ms
2026-04-14T08:45:49.782+01:00  INFO 35344 --- [eureka] [a-EvictionTimer] c.n.e.registry.AbstractInstanceRegistry  : Running the evict task with compensationTime 4ms
2026-04-14T08:46:49.782+01:00  INFO 35344 --- [eureka] [a-EvictionTimer] c.n.e.registry.AbstractInstanceRegistry  : Running the evict task with compensationTime 0ms
2026-04-14T08:47:49.793+01:00  INFO 35344 --- [eureka] [a-EvictionTimer] c.n.e.registry.AbstractInstanceRegistry  : Running the evict task with compensationTime 10ms
2026-04-14T08:48:49.794+01:00  INFO 35344 --- [eureka] [a-EvictionTimer] c.n.e.registry.AbstractInstanceRegistry  : Running the evict task with compensationTime 1ms
2026-04-14T08:49:49.802+01:00  INFO 35344 --- [eureka] [a-EvictionTimer] c.n.e.registry.AbstractInstanceRegistry  : Running the evict task with compensationTime 8ms
2026-04-14T08:50:49.815+01:00  INFO 35344 --- [eureka] [a-EvictionTimer] c.n.e.registry.AbstractInstanceRegistry  : Running the evict task with compensationTime 12ms
2026-04-14T08:51:46.081+01:00  WARN 35344 --- [eureka] [eerNodesUpdater] c.n.eureka.cluster.PeerEurekaNodes       : The replica size seems to be empty. Check the route 53 DNS Registry
2026-04-14T08:51:49.824+01:00  INFO 35344 --- [eureka] [a-EvictionTimer] c.n.e.registry.AbstractInstanceRegistry  : Running the evict task with compensationTime 8ms
2026-04-14T08:52:49.825+01:00  INFO 35344 --- [eureka] [a-EvictionTimer] c.n.e.registry.AbstractInstanceRegistry  : Running the evict task with compensationTime 1ms
2026-04-14T08:53:49.826+01:00  INFO 35344 --- [eureka] [a-EvictionTimer] c.n.e.registry.AbstractInstanceRegistry  : Running the evict task with compensationTime 0ms
2026-04-14T08:54:49.840+01:00  INFO 35344 --- [eureka] [a-EvictionTimer] c.n.e.registry.AbstractInstanceRegistry  : Running the evict task with compensationTime 13ms
2026-04-14T08:55:49.841+01:00  INFO 35344 --- [eureka] [a-EvictionTimer] c.n.e.registry.AbstractInstanceRegistry  : Running the evict task with compensationTime 1ms
2026-04-14T08:56:46.992+01:00  INFO 35344 --- [eureka] [hresholdUpdater] c.n.e.r.PeerAwareInstanceRegistryImpl    : Current renewal threshold is : 6
2026-04-14T08:56:49.844+01:00  INFO 35344 --- [eureka] [a-EvictionTimer] c.n.e.registry.AbstractInstanceRegistry  : Running the evict task with compensationTime 2ms
2026-04-14T08:57:49.844+01:00  INFO 35344 --- [eureka] [a-EvictionTimer] c.n.e.registry.AbstractInstanceRegistry  : Running the evict task with compensationTime 0ms
2026-04-14T08:58:49.849+01:00  INFO 35344 --- [eureka] [a-EvictionTimer] c.n.e.registry.AbstractInstanceRegistry  : Running the evict task with compensationTime 4ms
2026-04-14T08:59:49.861+01:00  INFO 35344 --- [eureka] [a-EvictionTimer] c.n.e.registry.AbstractInstanceRegistry  : Running the evict task with compensationTime 11ms
2026-04-14T09:00:49.872+01:00  INFO 35344 --- [eureka] [a-EvictionTimer] c.n.e.registry.AbstractInstanceRegistry  : Running the evict task with compensationTime 10ms
2026-04-14T09:01:46.083+01:00  WARN 35344 --- [eureka] [eerNodesUpdater] c.n.eureka.cluster.PeerEurekaNodes       : The replica size seems to be empty. Check the route 53 DNS Registry
2026-04-14T09:01:49.875+01:00  INFO 35344 --- [eureka] [a-EvictionTimer] c.n.e.registry.AbstractInstanceRegistry  : Running the evict task with compensationTime 3ms
2026-04-14T09:02:49.890+01:00  INFO 35344 --- [eureka] [a-EvictionTimer] c.n.e.registry.AbstractInstanceRegistry  : Running the evict task with compensationTime 14ms
2026-04-14T09:03:49.897+01:00  INFO 35344 --- [eureka] [a-EvictionTimer] c.n.e.registry.AbstractInstanceRegistry  : Running the evict task with compensationTime 7ms
2026-04-14T09:04:49.904+01:00  INFO 35344 --- [eureka] [a-EvictionTimer] c.n.e.registry.AbstractInstanceRegistry  : Running the evict task with compensationTime 7ms
2026-04-14T09:05:49.906+01:00  INFO 35344 --- [eureka] [a-EvictionTimer] c.n.e.registry.AbstractInstanceRegistry  : Running the evict task with compensationTime 1ms
2026-04-14T09:06:49.907+01:00  INFO 35344 --- [eureka] [a-EvictionTimer] c.n.e.registry.AbstractInstanceRegistry  : Running the evict task with compensationTime 0ms
2026-04-14T09:07:49.917+01:00  INFO 35344 --- [eureka] [a-EvictionTimer] c.n.e.registry.AbstractInstanceRegistry  : Running the evict task with compensationTime 10ms
2026-04-14T09:08:49.920+01:00  INFO 35344 --- [eureka] [a-EvictionTimer] c.n.e.registry.AbstractInstanceRegistry  : Running the evict task with compensationTime 3ms
2026-04-14T09:09:49.922+01:00  INFO 35344 --- [eureka] [a-EvictionTimer] c.n.e.registry.AbstractInstanceRegistry  : Running the evict task with compensationTime 1ms
2026-04-14T09:10:49.922+01:00  INFO 35344 --- [eureka] [a-EvictionTimer] c.n.e.registry.AbstractInstanceRegistry  : Running the evict task with compensationTime 0ms
2026-04-14T09:11:46.095+01:00  WARN 35344 --- [eureka] [eerNodesUpdater] c.n.eureka.cluster.PeerEurekaNodes       : The replica size seems to be empty. Check the route 53 DNS Registry
2026-04-14T09:11:46.992+01:00  INFO 35344 --- [eureka] [hresholdUpdater] c.n.e.r.PeerAwareInstanceRegistryImpl    : Current renewal threshold is : 6
2026-04-14T09:11:49.922+01:00  INFO 35344 --- [eureka] [a-EvictionTimer] c.n.e.registry.AbstractInstanceRegistry  : Running the evict task with compensationTime 0ms
2026-04-14T09:12:49.924+01:00  INFO 35344 --- [eureka] [a-EvictionTimer] c.n.e.registry.AbstractInstanceRegistry  : Running the evict task with compensationTime 1ms
2026-04-14T09:13:49.936+01:00  INFO 35344 --- [eureka] [a-EvictionTimer] c.n.e.registry.AbstractInstanceRegistry  : Running the evict task with compensationTime 11ms
2026-04-14T09:14:49.938+01:00  INFO 35344 --- [eureka] [a-EvictionTimer] c.n.e.registry.AbstractInstanceRegistry  : Running the evict task with compensationTime 2ms
2026-04-14T09:15:49.941+01:00  INFO 35344 --- [eureka] [a-EvictionTimer] c.n.e.registry.AbstractInstanceRegistry  : Running the evict task with compensationTime 2ms
2026-04-14T09:16:49.941+01:00  INFO 35344 --- [eureka] [a-EvictionTimer] c.n.e.registry.AbstractInstanceRegistry  : Running the evict task with compensationTime 0ms
2026-04-14T09:17:49.944+01:00  INFO 35344 --- [eureka] [a-EvictionTimer] c.n.e.registry.AbstractInstanceRegistry  : Running the evict task with compensationTime 2ms
2026-04-14T09:18:49.945+01:00  INFO 35344 --- [eureka] [a-EvictionTimer] c.n.e.registry.AbstractInstanceRegistry  : Running the evict task with compensationTime 1ms
2026-04-14T09:19:49.950+01:00  INFO 35344 --- [eureka] [a-EvictionTimer] c.n.e.registry.AbstractInstanceRegistry  : Running the evict task with compensationTime 4ms
2026-04-14T09:20:49.963+01:00  INFO 35344 --- [eureka] [a-EvictionTimer] c.n.e.registry.AbstractInstanceRegistry  : Running the evict task with compensationTime 13ms
2026-04-14T09:21:46.110+01:00  WARN 35344 --- [eureka] [eerNodesUpdater] c.n.eureka.cluster.PeerEurekaNodes       : The replica size seems to be empty. Check the route 53 DNS Registry
2026-04-14T09:21:49.976+01:00  INFO 35344 --- [eureka] [a-EvictionTimer] c.n.e.registry.AbstractInstanceRegistry  : Running the evict task with compensationTime 12ms
2026-04-14T09:22:49.989+01:00  INFO 35344 --- [eureka] [a-EvictionTimer] c.n.e.registry.AbstractInstanceRegistry  : Running the evict task with compensationTime 13ms
2026-04-14T09:23:50.005+01:00  INFO 35344 --- [eureka] [a-EvictionTimer] c.n.e.registry.AbstractInstanceRegistry  : Running the evict task with compensationTime 15ms
2026-04-14T09:24:50.009+01:00  INFO 35344 --- [eureka] [a-EvictionTimer] c.n.e.registry.AbstractInstanceRegistry  : Running the evict task with compensationTime 3ms
2026-04-14T09:25:50.010+01:00  INFO 35344 --- [eureka] [a-EvictionTimer] c.n.e.registry.AbstractInstanceRegistry  : Running the evict task with compensationTime 1ms
2026-04-14T09:26:46.993+01:00  INFO 35344 --- [eureka] [hresholdUpdater] c.n.e.r.PeerAwareInstanceRegistryImpl    : Current renewal threshold is : 6
2026-04-14T09:26:50.016+01:00  INFO 35344 --- [eureka] [a-EvictionTimer] c.n.e.registry.AbstractInstanceRegistry  : Running the evict task with compensationTime 6ms
2026-04-14T09:27:50.018+01:00  INFO 35344 --- [eureka] [a-EvictionTimer] c.n.e.registry.AbstractInstanceRegistry  : Running the evict task with compensationTime 1ms
2026-04-14T09:28:50.021+01:00  INFO 35344 --- [eureka] [a-EvictionTimer] c.n.e.registry.AbstractInstanceRegistry  : Running the evict task with compensationTime 2ms
2026-04-14T09:29:50.034+01:00  INFO 35344 --- [eureka] [a-EvictionTimer] c.n.e.registry.AbstractInstanceRegistry  : Running the evict task with compensationTime 12ms
2026-04-14T09:30:50.038+01:00  INFO 35344 --- [eureka] [a-EvictionTimer] c.n.e.registry.AbstractInstanceRegistry  : Running the evict task with compensationTime 4ms
2026-04-14T09:31:46.120+01:00  WARN 35344 --- [eureka] [eerNodesUpdater] c.n.eureka.cluster.PeerEurekaNodes       : The replica size seems to be empty. Check the route 53 DNS Registry
2026-04-14T09:31:50.052+01:00  INFO 35344 --- [eureka] [a-EvictionTimer] c.n.e.registry.AbstractInstanceRegistry  : Running the evict task with compensationTime 13ms
2026-04-14T09:32:50.053+01:00  INFO 35344 --- [eureka] [a-EvictionTimer] c.n.e.registry.AbstractInstanceRegistry  : Running the evict task with compensationTime 1ms
2026-04-14T09:33:50.056+01:00  INFO 35344 --- [eureka] [a-EvictionTimer] c.n.e.registry.AbstractInstanceRegistry  : Running the evict task with compensationTime 3ms
2026-04-14T09:34:50.068+01:00  INFO 35344 --- [eureka] [a-EvictionTimer] c.n.e.registry.AbstractInstanceRegistry  : Running the evict task with compensationTime 11ms
2026-04-14T09:35:50.079+01:00  INFO 35344 --- [eureka] [a-EvictionTimer] c.n.e.registry.AbstractInstanceRegistry  : Running the evict task with compensationTime 10ms
2026-04-14T09:36:50.084+01:00  INFO 35344 --- [eureka] [a-EvictionTimer] c.n.e.registry.AbstractInstanceRegistry  : Running the evict task with compensationTime 5ms
2026-04-14T09:37:50.096+01:00  INFO 35344 --- [eureka] [a-EvictionTimer] c.n.e.registry.AbstractInstanceRegistry  : Running the evict task with compensationTime 12ms
2026-04-14T09:38:50.100+01:00  INFO 35344 --- [eureka] [a-EvictionTimer] c.n.e.registry.AbstractInstanceRegistry  : Running the evict task with compensationTime 4ms
2026-04-14T09:39:50.116+01:00  INFO 35344 --- [eureka] [a-EvictionTimer] c.n.e.registry.AbstractInstanceRegistry  : Running the evict task with compensationTime 15ms
2026-04-14T09:40:50.125+01:00  INFO 35344 --- [eureka] [a-EvictionTimer] c.n.e.registry.AbstractInstanceRegistry  : Running the evict task with compensationTime 9ms
2026-04-14T09:41:46.136+01:00  WARN 35344 --- [eureka] [eerNodesUpdater] c.n.eureka.cluster.PeerEurekaNodes       : The replica size seems to be empty. Check the route 53 DNS Registry
2026-04-14T09:41:47.000+01:00  INFO 35344 --- [eureka] [hresholdUpdater] c.n.e.r.PeerAwareInstanceRegistryImpl    : Current renewal threshold is : 6
2026-04-14T09:41:50.128+01:00  INFO 35344 --- [eureka] [a-EvictionTimer] c.n.e.registry.AbstractInstanceRegistry  : Running the evict task with compensationTime 3ms
2026-04-14T09:42:50.139+01:00  INFO 35344 --- [eureka] [a-EvictionTimer] c.n.e.registry.AbstractInstanceRegistry  : Running the evict task with compensationTime 10ms
2026-04-14T09:43:50.140+01:00  INFO 35344 --- [eureka] [a-EvictionTimer] c.n.e.registry.AbstractInstanceRegistry  : Running the evict task with compensationTime 1ms
2026-04-14T09:44:50.145+01:00  INFO 35344 --- [eureka] [a-EvictionTimer] c.n.e.registry.AbstractInstanceRegistry  : Running the evict task with compensationTime 4ms
2026-04-14T09:45:50.149+01:00  INFO 35344 --- [eureka] [a-EvictionTimer] c.n.e.registry.AbstractInstanceRegistry  : Running the evict task with compensationTime 4ms
2026-04-14T09:46:50.158+01:00  INFO 35344 --- [eureka] [a-EvictionTimer] c.n.e.registry.AbstractInstanceRegistry  : Running the evict task with compensationTime 9ms
2026-04-14T09:47:50.164+01:00  INFO 35344 --- [eureka] [a-EvictionTimer] c.n.e.registry.AbstractInstanceRegistry  : Running the evict task with compensationTime 6ms
2026-04-14T09:48:50.165+01:00  INFO 35344 --- [eureka] [a-EvictionTimer] c.n.e.registry.AbstractInstanceRegistry  : Running the evict task with compensationTime 0ms
2026-04-14T09:49:50.179+01:00  INFO 35344 --- [eureka] [a-EvictionTimer] c.n.e.registry.AbstractInstanceRegistry  : Running the evict task with compensationTime 14ms
2026-04-14T09:50:50.188+01:00  INFO 35344 --- [eureka] [a-EvictionTimer] c.n.e.registry.AbstractInstanceRegistry  : Running the evict task with compensationTime 8ms
2026-04-14T09:51:46.139+01:00  WARN 35344 --- [eureka] [eerNodesUpdater] c.n.eureka.cluster.PeerEurekaNodes       : The replica size seems to be empty. Check the route 53 DNS Registry
2026-04-14T09:51:50.196+01:00  INFO 35344 --- [eureka] [a-EvictionTimer] c.n.e.registry.AbstractInstanceRegistry  : Running the evict task with compensationTime 8ms
2026-04-14T09:52:50.197+01:00  INFO 35344 --- [eureka] [a-EvictionTimer] c.n.e.registry.AbstractInstanceRegistry  : Running the evict task with compensationTime 0ms
2026-04-14T09:53:50.212+01:00  INFO 35344 --- [eureka] [a-EvictionTimer] c.n.e.registry.AbstractInstanceRegistry  : Running the evict task with compensationTime 15ms
2026-04-14T09:54:50.225+01:00  INFO 35344 --- [eureka] [a-EvictionTimer] c.n.e.registry.AbstractInstanceRegistry  : Running the evict task with compensationTime 13ms
2026-04-14T09:55:50.235+01:00  INFO 35344 --- [eureka] [a-EvictionTimer] c.n.e.registry.AbstractInstanceRegistry  : Running the evict task with compensationTime 10ms
2026-04-14T09:56:47.009+01:00  INFO 35344 --- [eureka] [hresholdUpdater] c.n.e.r.PeerAwareInstanceRegistryImpl    : Current renewal threshold is : 6
2026-04-14T09:56:50.250+01:00  INFO 35344 --- [eureka] [a-EvictionTimer] c.n.e.registry.AbstractInstanceRegistry  : Running the evict task with compensationTime 14ms
2026-04-14T09:57:50.251+01:00  INFO 35344 --- [eureka] [a-EvictionTimer] c.n.e.registry.AbstractInstanceRegistry  : Running the evict task with compensationTime 0ms
2026-04-14T09:58:50.251+01:00  INFO 35344 --- [eureka] [a-EvictionTimer] c.n.e.registry.AbstractInstanceRegistry  : Running the evict task with compensationTime 0ms
2026-04-14T09:59:50.256+01:00  INFO 35344 --- [eureka] [a-EvictionTimer] c.n.e.registry.AbstractInstanceRegistry  : Running the evict task with compensationTime 4ms
2026-04-14T10:00:50.261+01:00  INFO 35344 --- [eureka] [a-EvictionTimer] c.n.e.registry.AbstractInstanceRegistry  : Running the evict task with compensationTime 4ms
2026-04-14T10:01:46.150+01:00  WARN 35344 --- [eureka] [eerNodesUpdater] c.n.eureka.cluster.PeerEurekaNodes       : The replica size seems to be empty. Check the route 53 DNS Registry
2026-04-14T10:01:50.273+01:00  INFO 35344 --- [eureka] [a-EvictionTimer] c.n.e.registry.AbstractInstanceRegistry  : Running the evict task with compensationTime 12ms
2026-04-14T10:02:50.277+01:00  INFO 35344 --- [eureka] [a-EvictionTimer] c.n.e.registry.AbstractInstanceRegistry  : Running the evict task with compensationTime 3ms
2026-04-14T10:03:50.277+01:00  INFO 35344 --- [eureka] [a-EvictionTimer] c.n.e.registry.AbstractInstanceRegistry  : Running the evict task with compensationTime 0ms
2026-04-14T10:04:50.288+01:00  INFO 35344 --- [eureka] [a-EvictionTimer] c.n.e.registry.AbstractInstanceRegistry  : Running the evict task with compensationTime 10ms
2026-04-14T10:05:50.297+01:00  INFO 35344 --- [eureka] [a-EvictionTimer] c.n.e.registry.AbstractInstanceRegistry  : Running the evict task with compensationTime 9ms
2026-04-14T10:06:50.311+01:00  INFO 35344 --- [eureka] [a-EvictionTimer] c.n.e.registry.AbstractInstanceRegistry  : Running the evict task with compensationTime 13ms
2026-04-14T10:07:50.322+01:00  INFO 35344 --- [eureka] [a-EvictionTimer] c.n.e.registry.AbstractInstanceRegistry  : Running the evict task with compensationTime 10ms
2026-04-14T10:08:50.323+01:00  INFO 35344 --- [eureka] [a-EvictionTimer] c.n.e.registry.AbstractInstanceRegistry  : Running the evict task with compensationTime 1ms
2026-04-14T10:09:50.324+01:00  INFO 35344 --- [eureka] [a-EvictionTimer] c.n.e.registry.AbstractInstanceRegistry  : Running the evict task with compensationTime 0ms
2026-04-14T10:10:50.325+01:00  INFO 35344 --- [eureka] [a-EvictionTimer] c.n.e.registry.AbstractInstanceRegistry  : Running the evict task with compensationTime 1ms
2026-04-14T10:11:46.152+01:00  WARN 35344 --- [eureka] [eerNodesUpdater] c.n.eureka.cluster.PeerEurekaNodes       : The replica size seems to be empty. Check the route 53 DNS Registry
2026-04-14T10:11:47.020+01:00  INFO 35344 --- [eureka] [hresholdUpdater] c.n.e.r.PeerAwareInstanceRegistryImpl    : Current renewal threshold is : 6
2026-04-14T10:11:50.327+01:00  INFO 35344 --- [eureka] [a-EvictionTimer] c.n.e.registry.AbstractInstanceRegistry  : Running the evict task with compensationTime 2ms
2026-04-14T10:12:50.328+01:00  INFO 35344 --- [eureka] [a-EvictionTimer] c.n.e.registry.AbstractInstanceRegistry  : Running the evict task with compensationTime 0ms
2026-04-14T10:13:50.331+01:00  INFO 35344 --- [eureka] [a-EvictionTimer] c.n.e.registry.AbstractInstanceRegistry  : Running the evict task with compensationTime 3ms
2026-04-14T10:14:50.346+01:00  INFO 35344 --- [eureka] [a-EvictionTimer] c.n.e.registry.AbstractInstanceRegistry  : Running the evict task with compensationTime 14ms
2026-04-14T10:15:50.359+01:00  INFO 35344 --- [eureka] [a-EvictionTimer] c.n.e.registry.AbstractInstanceRegistry  : Running the evict task with compensationTime 12ms
2026-04-14T10:16:50.368+01:00  INFO 35344 --- [eureka] [a-EvictionTimer] c.n.e.registry.AbstractInstanceRegistry  : Running the evict task with compensationTime 8ms
2026-04-14T10:17:50.379+01:00  INFO 35344 --- [eureka] [a-EvictionTimer] c.n.e.registry.AbstractInstanceRegistry  : Running the evict task with compensationTime 11ms
2026-04-14T10:18:50.392+01:00  INFO 35344 --- [eureka] [a-EvictionTimer] c.n.e.registry.AbstractInstanceRegistry  : Running the evict task with compensationTime 12ms
2026-04-14T10:19:50.407+01:00  INFO 35344 --- [eureka] [a-EvictionTimer] c.n.e.registry.AbstractInstanceRegistry  : Running the evict task with compensationTime 14ms
2026-04-14T10:20:50.420+01:00  INFO 35344 --- [eureka] [a-EvictionTimer] c.n.e.registry.AbstractInstanceRegistry  : Running the evict task with compensationTime 13ms
2026-04-14T10:21:46.156+01:00  WARN 35344 --- [eureka] [eerNodesUpdater] c.n.eureka.cluster.PeerEurekaNodes       : The replica size seems to be empty. Check the route 53 DNS Registry
2026-04-14T10:21:50.424+01:00  INFO 35344 --- [eureka] [a-EvictionTimer] c.n.e.registry.AbstractInstanceRegistry  : Running the evict task with compensationTime 4ms
2026-04-14T10:22:50.433+01:00  INFO 35344 --- [eureka] [a-EvictionTimer] c.n.e.registry.AbstractInstanceRegistry  : Running the evict task with compensationTime 8ms
2026-04-14T10:23:50.445+01:00  INFO 35344 --- [eureka] [a-EvictionTimer] c.n.e.registry.AbstractInstanceRegistry  : Running the evict task with compensationTime 12ms
2026-04-14T10:24:50.445+01:00  INFO 35344 --- [eureka] [a-EvictionTimer] c.n.e.registry.AbstractInstanceRegistry  : Running the evict task with compensationTime 0ms
2026-04-14T10:25:50.448+01:00  INFO 35344 --- [eureka] [a-EvictionTimer] c.n.e.registry.AbstractInstanceRegistry  : Running the evict task with compensationTime 3ms
2026-04-14T10:26:47.020+01:00  INFO 35344 --- [eureka] [hresholdUpdater] c.n.e.r.PeerAwareInstanceRegistryImpl    : Current renewal threshold is : 6
2026-04-14T10:26:50.458+01:00  INFO 35344 --- [eureka] [a-EvictionTimer] c.n.e.registry.AbstractInstanceRegistry  : Running the evict task with compensationTime 9ms
2026-04-14T10:27:50.460+01:00  INFO 35344 --- [eureka] [a-EvictionTimer] c.n.e.registry.AbstractInstanceRegistry  : Running the evict task with compensationTime 1ms
2026-04-14T10:28:50.471+01:00  INFO 35344 --- [eureka] [a-EvictionTimer] c.n.e.registry.AbstractInstanceRegistry  : Running the evict task with compensationTime 11ms
2026-04-14T10:29:50.479+01:00  INFO 35344 --- [eureka] [a-EvictionTimer] c.n.e.registry.AbstractInstanceRegistry  : Running the evict task with compensationTime 8ms
2026-04-14T10:30:50.480+01:00  INFO 35344 --- [eureka] [a-EvictionTimer] c.n.e.registry.AbstractInstanceRegistry  : Running the evict task with compensationTime 0ms
2026-04-14T10:31:46.159+01:00  WARN 35344 --- [eureka] [eerNodesUpdater] c.n.eureka.cluster.PeerEurekaNodes       : The replica size seems to be empty. Check the route 53 DNS Registry
2026-04-14T10:31:50.483+01:00  INFO 35344 --- [eureka] [a-EvictionTimer] c.n.e.registry.AbstractInstanceRegistry  : Running the evict task with compensationTime 3ms
2026-04-14T10:32:50.486+01:00  INFO 35344 --- [eureka] [a-EvictionTimer] c.n.e.registry.AbstractInstanceRegistry  : Running the evict task with compensationTime 2ms
2026-04-14T10:33:50.494+01:00  INFO 35344 --- [eureka] [a-EvictionTimer] c.n.e.registry.AbstractInstanceRegistry  : Running the evict task with compensationTime 7ms
2026-04-14T10:34:50.495+01:00  INFO 35344 --- [eureka] [a-EvictionTimer] c.n.e.registry.AbstractInstanceRegistry  : Running the evict task with compensationTime 1ms
2026-04-14T10:35:50.502+01:00  INFO 35344 --- [eureka] [a-EvictionTimer] c.n.e.registry.AbstractInstanceRegistry  : Running the evict task with compensationTime 7ms
2026-04-14T10:36:50.503+01:00  INFO 35344 --- [eureka] [a-EvictionTimer] c.n.e.registry.AbstractInstanceRegistry  : Running the evict task with compensationTime 0ms
2026-04-14T10:37:50.518+01:00  INFO 35344 --- [eureka] [a-EvictionTimer] c.n.e.registry.AbstractInstanceRegistry  : Running the evict task with compensationTime 14ms
2026-04-14T10:38:50.530+01:00  INFO 35344 --- [eureka] [a-EvictionTimer] c.n.e.registry.AbstractInstanceRegistry  : Running the evict task with compensationTime 11ms
2026-04-14T10:39:50.531+01:00  INFO 35344 --- [eureka] [a-EvictionTimer] c.n.e.registry.AbstractInstanceRegistry  : Running the evict task with compensationTime 0ms
2026-04-14T10:40:50.545+01:00  INFO 35344 --- [eureka] [a-EvictionTimer] c.n.e.registry.AbstractInstanceRegistry  : Running the evict task with compensationTime 14ms
2026-04-14T10:41:46.171+01:00  WARN 35344 --- [eureka] [eerNodesUpdater] c.n.eureka.cluster.PeerEurekaNodes       : The replica size seems to be empty. Check the route 53 DNS Registry
2026-04-14T10:41:47.029+01:00  INFO 35344 --- [eureka] [hresholdUpdater] c.n.e.r.PeerAwareInstanceRegistryImpl    : Current renewal threshold is : 6
2026-04-14T10:41:50.548+01:00  INFO 35344 --- [eureka] [a-EvictionTimer] c.n.e.registry.AbstractInstanceRegistry  : Running the evict task with compensationTime 3ms
2026-04-14T10:42:50.558+01:00  INFO 35344 --- [eureka] [a-EvictionTimer] c.n.e.registry.AbstractInstanceRegistry  : Running the evict task with compensationTime 9ms
2026-04-14T10:43:50.563+01:00  INFO 35344 --- [eureka] [a-EvictionTimer] c.n.e.registry.AbstractInstanceRegistry  : Running the evict task with compensationTime 4ms
2026-04-14T10:44:50.563+01:00  INFO 35344 --- [eureka] [a-EvictionTimer] c.n.e.registry.AbstractInstanceRegistry  : Running the evict task with compensationTime 0ms
2026-04-14T10:45:50.565+01:00  INFO 35344 --- [eureka] [a-EvictionTimer] c.n.e.registry.AbstractInstanceRegistry  : Running the evict task with compensationTime 1ms
2026-04-14T10:46:50.570+01:00  INFO 35344 --- [eureka] [a-EvictionTimer] c.n.e.registry.AbstractInstanceRegistry  : Running the evict task with compensationTime 5ms
2026-04-14T10:47:50.572+01:00  INFO 35344 --- [eureka] [a-EvictionTimer] c.n.e.registry.AbstractInstanceRegistry  : Running the evict task with compensationTime 1ms
2026-04-14T10:48:50.580+01:00  INFO 35344 --- [eureka] [a-EvictionTimer] c.n.e.registry.AbstractInstanceRegistry  : Running the evict task with compensationTime 7ms
2026-04-14T10:49:50.580+01:00  INFO 35344 --- [eureka] [a-EvictionTimer] c.n.e.registry.AbstractInstanceRegistry  : Running the evict task with compensationTime 0ms
2026-04-14T10:50:50.585+01:00  INFO 35344 --- [eureka] [a-EvictionTimer] c.n.e.registry.AbstractInstanceRegistry  : Running the evict task with compensationTime 5ms
2026-04-14T10:51:46.182+01:00  WARN 35344 --- [eureka] [eerNodesUpdater] c.n.eureka.cluster.PeerEurekaNodes       : The replica size seems to be empty. Check the route 53 DNS Registry
2026-04-14T10:51:50.586+01:00  INFO 35344 --- [eureka] [a-EvictionTimer] c.n.e.registry.AbstractInstanceRegistry  : Running the evict task with compensationTime 0ms
2026-04-14T10:52:50.600+01:00  INFO 35344 --- [eureka] [a-EvictionTimer] c.n.e.registry.AbstractInstanceRegistry  : Running the evict task with compensationTime 14ms
2026-04-14T10:53:50.605+01:00  INFO 35344 --- [eureka] [a-EvictionTimer] c.n.e.registry.AbstractInstanceRegistry  : Running the evict task with compensationTime 4ms
2026-04-14T10:54:50.618+01:00  INFO 35344 --- [eureka] [a-EvictionTimer] c.n.e.registry.AbstractInstanceRegistry  : Running the evict task with compensationTime 13ms
2026-04-14T10:55:50.627+01:00  INFO 35344 --- [eureka] [a-EvictionTimer] c.n.e.registry.AbstractInstanceRegistry  : Running the evict task with compensationTime 9ms
2026-04-14T10:56:47.042+01:00  INFO 35344 --- [eureka] [hresholdUpdater] c.n.e.r.PeerAwareInstanceRegistryImpl    : Current renewal threshold is : 6
2026-04-14T10:56:50.631+01:00  INFO 35344 --- [eureka] [a-EvictionTimer] c.n.e.registry.AbstractInstanceRegistry  : Running the evict task with compensationTime 3ms
2026-04-14T10:57:50.632+01:00  INFO 35344 --- [eureka] [a-EvictionTimer] c.n.e.registry.AbstractInstanceRegistry  : Running the evict task with compensationTime 0ms
2026-04-14T10:58:50.637+01:00  INFO 35344 --- [eureka] [a-EvictionTimer] c.n.e.registry.AbstractInstanceRegistry  : Running the evict task with compensationTime 5ms
2026-04-14T10:59:50.638+01:00  INFO 35344 --- [eureka] [a-EvictionTimer] c.n.e.registry.AbstractInstanceRegistry  : Running the evict task with compensationTime 1ms
2026-04-14T11:00:50.645+01:00  INFO 35344 --- [eureka] [a-EvictionTimer] c.n.e.registry.AbstractInstanceRegistry  : Running the evict task with compensationTime 7ms
2026-04-14T11:01:46.195+01:00  WARN 35344 --- [eureka] [eerNodesUpdater] c.n.eureka.cluster.PeerEurekaNodes       : The replica size seems to be empty. Check the route 53 DNS Registry
2026-04-14T11:01:50.658+01:00  INFO 35344 --- [eureka] [a-EvictionTimer] c.n.e.registry.AbstractInstanceRegistry  : Running the evict task with compensationTime 13ms
2026-04-14T11:02:50.666+01:00  INFO 35344 --- [eureka] [a-EvictionTimer] c.n.e.registry.AbstractInstanceRegistry  : Running the evict task with compensationTime 7ms
2026-04-14T11:03:50.671+01:00  INFO 35344 --- [eureka] [a-EvictionTimer] c.n.e.registry.AbstractInstanceRegistry  : Running the evict task with compensationTime 4ms
2026-04-14T11:04:50.686+01:00  INFO 35344 --- [eureka] [a-EvictionTimer] c.n.e.registry.AbstractInstanceRegistry  : Running the evict task with compensationTime 15ms
2026-04-14T11:05:50.701+01:00  INFO 35344 --- [eureka] [a-EvictionTimer] c.n.e.registry.AbstractInstanceRegistry  : Running the evict task with compensationTime 14ms
2026-04-14T11:06:50.701+01:00  INFO 35344 --- [eureka] [a-EvictionTimer] c.n.e.registry.AbstractInstanceRegistry  : Running the evict task with compensationTime 0ms
2026-04-14T11:07:50.712+01:00  INFO 35344 --- [eureka] [a-EvictionTimer] c.n.e.registry.AbstractInstanceRegistry  : Running the evict task with compensationTime 10ms
2026-04-14T11:08:50.713+01:00  INFO 35344 --- [eureka] [a-EvictionTimer] c.n.e.registry.AbstractInstanceRegistry  : Running the evict task with compensationTime 1ms
2026-04-14T11:09:50.713+01:00  INFO 35344 --- [eureka] [a-EvictionTimer] c.n.e.registry.AbstractInstanceRegistry  : Running the evict task with compensationTime 0ms
2026-04-14T11:10:50.720+01:00  INFO 35344 --- [eureka] [a-EvictionTimer] c.n.e.registry.AbstractInstanceRegistry  : Running the evict task with compensationTime 6ms
2026-04-14T11:11:46.201+01:00  WARN 35344 --- [eureka] [eerNodesUpdater] c.n.eureka.cluster.PeerEurekaNodes       : The replica size seems to be empty. Check the route 53 DNS Registry
2026-04-14T11:11:47.042+01:00  INFO 35344 --- [eureka] [hresholdUpdater] c.n.e.r.PeerAwareInstanceRegistryImpl    : Current renewal threshold is : 6
2026-04-14T11:11:50.720+01:00  INFO 35344 --- [eureka] [a-EvictionTimer] c.n.e.registry.AbstractInstanceRegistry  : Running the evict task with compensationTime 0ms
2026-04-14T11:12:50.720+01:00  INFO 35344 --- [eureka] [a-EvictionTimer] c.n.e.registry.AbstractInstanceRegistry  : Running the evict task with compensationTime 0ms
2026-04-14T11:13:50.722+01:00  INFO 35344 --- [eureka] [a-EvictionTimer] c.n.e.registry.AbstractInstanceRegistry  : Running the evict task with compensationTime 1ms
2026-04-14T11:14:50.732+01:00  INFO 35344 --- [eureka] [a-EvictionTimer] c.n.e.registry.AbstractInstanceRegistry  : Running the evict task with compensationTime 10ms
2026-04-14T11:15:50.744+01:00  INFO 35344 --- [eureka] [a-EvictionTimer] c.n.e.registry.AbstractInstanceRegistry  : Running the evict task with compensationTime 11ms
2026-04-14T11:16:50.751+01:00  INFO 35344 --- [eureka] [a-EvictionTimer] c.n.e.registry.AbstractInstanceRegistry  : Running the evict task with compensationTime 7ms
2026-04-14T11:17:50.752+01:00  INFO 35344 --- [eureka] [a-EvictionTimer] c.n.e.registry.AbstractInstanceRegistry  : Running the evict task with compensationTime 1ms
2026-04-14T11:18:50.752+01:00  INFO 35344 --- [eureka] [a-EvictionTimer] c.n.e.registry.AbstractInstanceRegistry  : Running the evict task with compensationTime 0ms
2026-04-14T11:19:50.756+01:00  INFO 35344 --- [eureka] [a-EvictionTimer] c.n.e.registry.AbstractInstanceRegistry  : Running the evict task with compensationTime 3ms
2026-04-14T11:20:50.763+01:00  INFO 35344 --- [eureka] [a-EvictionTimer] c.n.e.registry.AbstractInstanceRegistry  : Running the evict task with compensationTime 7ms
2026-04-14T11:21:46.203+01:00  WARN 35344 --- [eureka] [eerNodesUpdater] c.n.eureka.cluster.PeerEurekaNodes       : The replica size seems to be empty. Check the route 53 DNS Registry
2026-04-14T11:21:50.764+01:00  INFO 35344 --- [eureka] [a-EvictionTimer] c.n.e.registry.AbstractInstanceRegistry  : Running the evict task with compensationTime 0ms
2026-04-14T11:22:50.771+01:00  INFO 35344 --- [eureka] [a-EvictionTimer] c.n.e.registry.AbstractInstanceRegistry  : Running the evict task with compensationTime 6ms
2026-04-14T11:23:50.783+01:00  INFO 35344 --- [eureka] [a-EvictionTimer] c.n.e.registry.AbstractInstanceRegistry  : Running the evict task with compensationTime 12ms
2026-04-14T11:24:50.790+01:00  INFO 35344 --- [eureka] [a-EvictionTimer] c.n.e.registry.AbstractInstanceRegistry  : Running the evict task with compensationTime 7ms
2026-04-14T11:25:50.790+01:00  INFO 35344 --- [eureka] [a-EvictionTimer] c.n.e.registry.AbstractInstanceRegistry  : Running the evict task with compensationTime 0ms
2026-04-14T11:26:47.043+01:00  INFO 35344 --- [eureka] [hresholdUpdater] c.n.e.r.PeerAwareInstanceRegistryImpl    : Current renewal threshold is : 6
2026-04-14T11:26:50.791+01:00  INFO 35344 --- [eureka] [a-EvictionTimer] c.n.e.registry.AbstractInstanceRegistry  : Running the evict task with compensationTime 1ms
2026-04-14T11:27:50.800+01:00  INFO 35344 --- [eureka] [a-EvictionTimer] c.n.e.registry.AbstractInstanceRegistry  : Running the evict task with compensationTime 7ms
2026-04-14T11:28:50.800+01:00  INFO 35344 --- [eureka] [a-EvictionTimer] c.n.e.registry.AbstractInstanceRegistry  : Running the evict task with compensationTime 0ms
2026-04-14T11:29:50.800+01:00  INFO 35344 --- [eureka] [a-EvictionTimer] c.n.e.registry.AbstractInstanceRegistry  : Running the evict task with compensationTime 0ms
2026-04-14T11:30:50.807+01:00  INFO 35344 --- [eureka] [a-EvictionTimer] c.n.e.registry.AbstractInstanceRegistry  : Running the evict task with compensationTime 7ms
2026-04-14T11:31:46.215+01:00  WARN 35344 --- [eureka] [eerNodesUpdater] c.n.eureka.cluster.PeerEurekaNodes       : The replica size seems to be empty. Check the route 53 DNS Registry
2026-04-14T11:31:50.810+01:00  INFO 35344 --- [eureka] [a-EvictionTimer] c.n.e.registry.AbstractInstanceRegistry  : Running the evict task with compensationTime 3ms
2026-04-14T11:32:50.824+01:00  INFO 35344 --- [eureka] [a-EvictionTimer] c.n.e.registry.AbstractInstanceRegistry  : Running the evict task with compensationTime 13ms
2026-04-14T11:33:50.831+01:00  INFO 35344 --- [eureka] [a-EvictionTimer] c.n.e.registry.AbstractInstanceRegistry  : Running the evict task with compensationTime 6ms
2026-04-14T11:34:50.835+01:00  INFO 35344 --- [eureka] [a-EvictionTimer] c.n.e.registry.AbstractInstanceRegistry  : Running the evict task with compensationTime 3ms
2026-04-14T11:35:50.847+01:00  INFO 35344 --- [eureka] [a-EvictionTimer] c.n.e.registry.AbstractInstanceRegistry  : Running the evict task with compensationTime 12ms
2026-04-14T11:36:50.847+01:00  INFO 35344 --- [eureka] [a-EvictionTimer] c.n.e.registry.AbstractInstanceRegistry  : Running the evict task with compensationTime 0ms
2026-04-14T11:37:50.847+01:00  INFO 35344 --- [eureka] [a-EvictionTimer] c.n.e.registry.AbstractInstanceRegistry  : Running the evict task with compensationTime 0ms
2026-04-14T11:38:50.857+01:00  INFO 35344 --- [eureka] [a-EvictionTimer] c.n.e.registry.AbstractInstanceRegistry  : Running the evict task with compensationTime 10ms
2026-04-14T11:39:50.870+01:00  INFO 35344 --- [eureka] [a-EvictionTimer] c.n.e.registry.AbstractInstanceRegistry  : Running the evict task with compensationTime 13ms
2026-04-14T11:40:50.876+01:00  INFO 35344 --- [eureka] [a-EvictionTimer] c.n.e.registry.AbstractInstanceRegistry  : Running the evict task with compensationTime 5ms
2026-04-14T11:41:46.216+01:00  WARN 35344 --- [eureka] [eerNodesUpdater] c.n.eureka.cluster.PeerEurekaNodes       : The replica size seems to be empty. Check the route 53 DNS Registry
2026-04-14T11:41:47.058+01:00  INFO 35344 --- [eureka] [hresholdUpdater] c.n.e.r.PeerAwareInstanceRegistryImpl    : Current renewal threshold is : 6
2026-04-14T11:41:50.890+01:00  INFO 35344 --- [eureka] [a-EvictionTimer] c.n.e.registry.AbstractInstanceRegistry  : Running the evict task with compensationTime 14ms
2026-04-14T11:42:50.903+01:00  INFO 35344 --- [eureka] [a-EvictionTimer] c.n.e.registry.AbstractInstanceRegistry  : Running the evict task with compensationTime 12ms
2026-04-14T11:43:50.915+01:00  INFO 35344 --- [eureka] [a-EvictionTimer] c.n.e.registry.AbstractInstanceRegistry  : Running the evict task with compensationTime 12ms
2026-04-14T11:44:50.920+01:00  INFO 35344 --- [eureka] [a-EvictionTimer] c.n.e.registry.AbstractInstanceRegistry  : Running the evict task with compensationTime 4ms
2026-04-14T11:45:50.926+01:00  INFO 35344 --- [eureka] [a-EvictionTimer] c.n.e.registry.AbstractInstanceRegistry  : Running the evict task with compensationTime 5ms
2026-04-14T11:46:50.937+01:00  INFO 35344 --- [eureka] [a-EvictionTimer] c.n.e.registry.AbstractInstanceRegistry  : Running the evict task with compensationTime 11ms
2026-04-14T11:47:50.937+01:00  INFO 35344 --- [eureka] [a-EvictionTimer] c.n.e.registry.AbstractInstanceRegistry  : Running the evict task with compensationTime 0ms
2026-04-14T11:48:50.950+01:00  INFO 35344 --- [eureka] [a-EvictionTimer] c.n.e.registry.AbstractInstanceRegistry  : Running the evict task with compensationTime 13ms
2026-04-14T11:49:50.953+01:00  INFO 35344 --- [eureka] [a-EvictionTimer] c.n.e.registry.AbstractInstanceRegistry  : Running the evict task with compensationTime 2ms
2026-04-14T11:50:50.963+01:00  INFO 35344 --- [eureka] [a-EvictionTimer] c.n.e.registry.AbstractInstanceRegistry  : Running the evict task with compensationTime 10ms
2026-04-14T11:51:46.227+01:00  WARN 35344 --- [eureka] [eerNodesUpdater] c.n.eureka.cluster.PeerEurekaNodes       : The replica size seems to be empty. Check the route 53 DNS Registry
2026-04-14T11:51:50.972+01:00  INFO 35344 --- [eureka] [a-EvictionTimer] c.n.e.registry.AbstractInstanceRegistry  : Running the evict task with compensationTime 9ms
2026-04-14T11:52:50.979+01:00  INFO 35344 --- [eureka] [a-EvictionTimer] c.n.e.registry.AbstractInstanceRegistry  : Running the evict task with compensationTime 6ms
2026-04-14T11:53:50.982+01:00  INFO 35344 --- [eureka] [a-EvictionTimer] c.n.e.registry.AbstractInstanceRegistry  : Running the evict task with compensationTime 3ms
2026-04-14T11:54:50.993+01:00  INFO 35344 --- [eureka] [a-EvictionTimer] c.n.e.registry.AbstractInstanceRegistry  : Running the evict task with compensationTime 11ms
2026-04-14T11:55:51.003+01:00  INFO 35344 --- [eureka] [a-EvictionTimer] c.n.e.registry.AbstractInstanceRegistry  : Running the evict task with compensationTime 9ms
2026-04-14T11:56:47.067+01:00  INFO 35344 --- [eureka] [hresholdUpdater] c.n.e.r.PeerAwareInstanceRegistryImpl    : Current renewal threshold is : 6
2026-04-14T11:56:51.015+01:00  INFO 35344 --- [eureka] [a-EvictionTimer] c.n.e.registry.AbstractInstanceRegistry  : Running the evict task with compensationTime 12ms
2026-04-14T11:57:51.015+01:00  INFO 35344 --- [eureka] [a-EvictionTimer] c.n.e.registry.AbstractInstanceRegistry  : Running the evict task with compensationTime 0ms
2026-04-14T11:58:51.028+01:00  INFO 35344 --- [eureka] [a-EvictionTimer] c.n.e.registry.AbstractInstanceRegistry  : Running the evict task with compensationTime 12ms
2026-04-14T11:59:51.043+01:00  INFO 35344 --- [eureka] [a-EvictionTimer] c.n.e.registry.AbstractInstanceRegistry  : Running the evict task with compensationTime 15ms
2026-04-14T12:00:51.047+01:00  INFO 35344 --- [eureka] [a-EvictionTimer] c.n.e.registry.AbstractInstanceRegistry  : Running the evict task with compensationTime 4ms
2026-04-14T12:01:46.233+01:00  WARN 35344 --- [eureka] [eerNodesUpdater] c.n.eureka.cluster.PeerEurekaNodes       : The replica size seems to be empty. Check the route 53 DNS Registry
2026-04-14T12:01:51.054+01:00  INFO 35344 --- [eureka] [a-EvictionTimer] c.n.e.registry.AbstractInstanceRegistry  : Running the evict task with compensationTime 7ms
2026-04-14T12:02:51.066+01:00  INFO 35344 --- [eureka] [a-EvictionTimer] c.n.e.registry.AbstractInstanceRegistry  : Running the evict task with compensationTime 12ms
2026-04-14T12:03:51.069+01:00  INFO 35344 --- [eureka] [a-EvictionTimer] c.n.e.registry.AbstractInstanceRegistry  : Running the evict task with compensationTime 2ms
2026-04-14T12:04:51.084+01:00  INFO 35344 --- [eureka] [a-EvictionTimer] c.n.e.registry.AbstractInstanceRegistry  : Running the evict task with compensationTime 14ms
2026-04-14T12:05:51.097+01:00  INFO 35344 --- [eureka] [a-EvictionTimer] c.n.e.registry.AbstractInstanceRegistry  : Running the evict task with compensationTime 14ms
2026-04-14T12:06:51.106+01:00  INFO 35344 --- [eureka] [a-EvictionTimer] c.n.e.registry.AbstractInstanceRegistry  : Running the evict task with compensationTime 8ms
2026-04-14T12:07:51.108+01:00  INFO 35344 --- [eureka] [a-EvictionTimer] c.n.e.registry.AbstractInstanceRegistry  : Running the evict task with compensationTime 1ms
2026-04-14T12:08:51.113+01:00  INFO 35344 --- [eureka] [a-EvictionTimer] c.n.e.registry.AbstractInstanceRegistry  : Running the evict task with compensationTime 5ms
2026-04-14T12:09:51.113+01:00  INFO 35344 --- [eureka] [a-EvictionTimer] c.n.e.registry.AbstractInstanceRegistry  : Running the evict task with compensationTime 0ms
2026-04-14T12:10:51.115+01:00  INFO 35344 --- [eureka] [a-EvictionTimer] c.n.e.registry.AbstractInstanceRegistry  : Running the evict task with compensationTime 1ms
2026-04-14T12:11:46.242+01:00  WARN 35344 --- [eureka] [eerNodesUpdater] c.n.eureka.cluster.PeerEurekaNodes       : The replica size seems to be empty. Check the route 53 DNS Registry
2026-04-14T12:11:47.080+01:00  INFO 35344 --- [eureka] [hresholdUpdater] c.n.e.r.PeerAwareInstanceRegistryImpl    : Current renewal threshold is : 6
2026-04-14T12:11:51.120+01:00  INFO 35344 --- [eureka] [a-EvictionTimer] c.n.e.registry.AbstractInstanceRegistry  : Running the evict task with compensationTime 5ms
2026-04-14T12:12:51.122+01:00  INFO 35344 --- [eureka] [a-EvictionTimer] c.n.e.registry.AbstractInstanceRegistry  : Running the evict task with compensationTime 2ms
2026-04-14T12:13:51.131+01:00  INFO 35344 --- [eureka] [a-EvictionTimer] c.n.e.registry.AbstractInstanceRegistry  : Running the evict task with compensationTime 8ms
2026-04-14T12:14:51.142+01:00  INFO 35344 --- [eureka] [a-EvictionTimer] c.n.e.registry.AbstractInstanceRegistry  : Running the evict task with compensationTime 10ms
2026-04-14T12:15:51.143+01:00  INFO 35344 --- [eureka] [a-EvictionTimer] c.n.e.registry.AbstractInstanceRegistry  : Running the evict task with compensationTime 1ms
2026-04-14T12:16:51.158+01:00  INFO 35344 --- [eureka] [a-EvictionTimer] c.n.e.registry.AbstractInstanceRegistry  : Running the evict task with compensationTime 15ms
2026-04-14T12:17:51.170+01:00  INFO 35344 --- [eureka] [a-EvictionTimer] c.n.e.registry.AbstractInstanceRegistry  : Running the evict task with compensationTime 11ms
2026-04-14T12:18:51.172+01:00  INFO 35344 --- [eureka] [a-EvictionTimer] c.n.e.registry.AbstractInstanceRegistry  : Running the evict task with compensationTime 2ms
2026-04-14T12:19:51.181+01:00  INFO 35344 --- [eureka] [a-EvictionTimer] c.n.e.registry.AbstractInstanceRegistry  : Running the evict task with compensationTime 9ms
2026-04-14T12:20:51.194+01:00  INFO 35344 --- [eureka] [a-EvictionTimer] c.n.e.registry.AbstractInstanceRegistry  : Running the evict task with compensationTime 12ms
2026-04-14T12:21:46.243+01:00  WARN 35344 --- [eureka] [eerNodesUpdater] c.n.eureka.cluster.PeerEurekaNodes       : The replica size seems to be empty. Check the route 53 DNS Registry
2026-04-14T12:21:51.204+01:00  INFO 35344 --- [eureka] [a-EvictionTimer] c.n.e.registry.AbstractInstanceRegistry  : Running the evict task with compensationTime 10ms
2026-04-14T12:22:51.206+01:00  INFO 35344 --- [eureka] [a-EvictionTimer] c.n.e.registry.AbstractInstanceRegistry  : Running the evict task with compensationTime 1ms
2026-04-14T12:23:51.207+01:00  INFO 35344 --- [eureka] [a-EvictionTimer] c.n.e.registry.AbstractInstanceRegistry  : Running the evict task with compensationTime 0ms
2026-04-14T12:24:51.207+01:00  INFO 35344 --- [eureka] [a-EvictionTimer] c.n.e.registry.AbstractInstanceRegistry  : Running the evict task with compensationTime 0ms
2026-04-14T12:25:51.215+01:00  INFO 35344 --- [eureka] [a-EvictionTimer] c.n.e.registry.AbstractInstanceRegistry  : Running the evict task with compensationTime 8ms
2026-04-14T12:26:47.082+01:00  INFO 35344 --- [eureka] [hresholdUpdater] c.n.e.r.PeerAwareInstanceRegistryImpl    : Current renewal threshold is : 6
2026-04-14T12:26:51.228+01:00  INFO 35344 --- [eureka] [a-EvictionTimer] c.n.e.registry.AbstractInstanceRegistry  : Running the evict task with compensationTime 12ms
2026-04-14T12:27:51.240+01:00  INFO 35344 --- [eureka] [a-EvictionTimer] c.n.e.registry.AbstractInstanceRegistry  : Running the evict task with compensationTime 12ms
2026-04-14T12:28:51.243+01:00  INFO 35344 --- [eureka] [a-EvictionTimer] c.n.e.registry.AbstractInstanceRegistry  : Running the evict task with compensationTime 3ms
2026-04-14T12:29:51.251+01:00  INFO 35344 --- [eureka] [a-EvictionTimer] c.n.e.registry.AbstractInstanceRegistry  : Running the evict task with compensationTime 8ms
2026-04-14T12:30:51.251+01:00  INFO 35344 --- [eureka] [a-EvictionTimer] c.n.e.registry.AbstractInstanceRegistry  : Running the evict task with compensationTime 0ms
2026-04-14T12:31:46.251+01:00  WARN 35344 --- [eureka] [eerNodesUpdater] c.n.eureka.cluster.PeerEurekaNodes       : The replica size seems to be empty. Check the route 53 DNS Registry
2026-04-14T12:31:51.259+01:00  INFO 35344 --- [eureka] [a-EvictionTimer] c.n.e.registry.AbstractInstanceRegistry  : Running the evict task with compensationTime 7ms
2026-04-14T12:32:51.260+01:00  INFO 35344 --- [eureka] [a-EvictionTimer] c.n.e.registry.AbstractInstanceRegistry  : Running the evict task with compensationTime 0ms
2026-04-14T12:33:51.275+01:00  INFO 35344 --- [eureka] [a-EvictionTimer] c.n.e.registry.AbstractInstanceRegistry  : Running the evict task with compensationTime 15ms
2026-04-14T12:34:51.281+01:00  INFO 35344 --- [eureka] [a-EvictionTimer] c.n.e.registry.AbstractInstanceRegistry  : Running the evict task with compensationTime 6ms
2026-04-14T12:35:51.284+01:00  INFO 35344 --- [eureka] [a-EvictionTimer] c.n.e.registry.AbstractInstanceRegistry  : Running the evict task with compensationTime 2ms
2026-04-14T12:36:51.299+01:00  INFO 35344 --- [eureka] [a-EvictionTimer] c.n.e.registry.AbstractInstanceRegistry  : Running the evict task with compensationTime 15ms
2026-04-14T12:37:51.308+01:00  INFO 35344 --- [eureka] [a-EvictionTimer] c.n.e.registry.AbstractInstanceRegistry  : Running the evict task with compensationTime 8ms
2026-04-14T12:38:51.322+01:00  INFO 35344 --- [eureka] [a-EvictionTimer] c.n.e.registry.AbstractInstanceRegistry  : Running the evict task with compensationTime 14ms
2026-04-14T12:39:51.323+01:00  INFO 35344 --- [eureka] [a-EvictionTimer] c.n.e.registry.AbstractInstanceRegistry  : Running the evict task with compensationTime 0ms
2026-04-14T12:40:51.323+01:00  INFO 35344 --- [eureka] [a-EvictionTimer] c.n.e.registry.AbstractInstanceRegistry  : Running the evict task with compensationTime 0ms
2026-04-14T12:41:46.262+01:00  WARN 35344 --- [eureka] [eerNodesUpdater] c.n.eureka.cluster.PeerEurekaNodes       : The replica size seems to be empty. Check the route 53 DNS Registry
2026-04-14T12:41:47.097+01:00  INFO 35344 --- [eureka] [hresholdUpdater] c.n.e.r.PeerAwareInstanceRegistryImpl    : Current renewal threshold is : 6
2026-04-14T12:41:51.328+01:00  INFO 35344 --- [eureka] [a-EvictionTimer] c.n.e.registry.AbstractInstanceRegistry  : Running the evict task with compensationTime 5ms
2026-04-14T12:42:51.329+01:00  INFO 35344 --- [eureka] [a-EvictionTimer] c.n.e.registry.AbstractInstanceRegistry  : Running the evict task with compensationTime 0ms
2026-04-14T12:43:51.337+01:00  INFO 35344 --- [eureka] [a-EvictionTimer] c.n.e.registry.AbstractInstanceRegistry  : Running the evict task with compensationTime 8ms
2026-04-14T12:44:51.343+01:00  INFO 35344 --- [eureka] [a-EvictionTimer] c.n.e.registry.AbstractInstanceRegistry  : Running the evict task with compensationTime 4ms
2026-04-14T12:45:51.348+01:00  INFO 35344 --- [eureka] [a-EvictionTimer] c.n.e.registry.AbstractInstanceRegistry  : Running the evict task with compensationTime 5ms
2026-04-14T12:46:51.363+01:00  INFO 35344 --- [eureka] [a-EvictionTimer] c.n.e.registry.AbstractInstanceRegistry  : Running the evict task with compensationTime 14ms
2026-04-14T12:47:51.365+01:00  INFO 35344 --- [eureka] [a-EvictionTimer] c.n.e.registry.AbstractInstanceRegistry  : Running the evict task with compensationTime 2ms
2026-04-14T12:48:51.367+01:00  INFO 35344 --- [eureka] [a-EvictionTimer] c.n.e.registry.AbstractInstanceRegistry  : Running the evict task with compensationTime 1ms
2026-04-14T12:49:51.368+01:00  INFO 35344 --- [eureka] [a-EvictionTimer] c.n.e.registry.AbstractInstanceRegistry  : Running the evict task with compensationTime 0ms
2026-04-14T12:50:51.376+01:00  INFO 35344 --- [eureka] [a-EvictionTimer] c.n.e.registry.AbstractInstanceRegistry  : Running the evict task with compensationTime 8ms
2026-04-14T12:51:46.265+01:00  WARN 35344 --- [eureka] [eerNodesUpdater] c.n.eureka.cluster.PeerEurekaNodes       : The replica size seems to be empty. Check the route 53 DNS Registry
2026-04-14T12:51:51.391+01:00  INFO 35344 --- [eureka] [a-EvictionTimer] c.n.e.registry.AbstractInstanceRegistry  : Running the evict task with compensationTime 14ms
2026-04-14T12:52:51.393+01:00  INFO 35344 --- [eureka] [a-EvictionTimer] c.n.e.registry.AbstractInstanceRegistry  : Running the evict task with compensationTime 2ms
2026-04-14T12:53:51.404+01:00  INFO 35344 --- [eureka] [a-EvictionTimer] c.n.e.registry.AbstractInstanceRegistry  : Running the evict task with compensationTime 11ms
2026-04-14T12:54:51.418+01:00  INFO 35344 --- [eureka] [a-EvictionTimer] c.n.e.registry.AbstractInstanceRegistry  : Running the evict task with compensationTime 14ms
2026-04-14T12:55:51.424+01:00  INFO 35344 --- [eureka] [a-EvictionTimer] c.n.e.registry.AbstractInstanceRegistry  : Running the evict task with compensationTime 5ms
2026-04-14T12:56:47.097+01:00  INFO 35344 --- [eureka] [hresholdUpdater] c.n.e.r.PeerAwareInstanceRegistryImpl    : Current renewal threshold is : 6
2026-04-14T12:56:51.426+01:00  INFO 35344 --- [eureka] [a-EvictionTimer] c.n.e.registry.AbstractInstanceRegistry  : Running the evict task with compensationTime 2ms
2026-04-14T12:57:51.435+01:00  INFO 35344 --- [eureka] [a-EvictionTimer] c.n.e.registry.AbstractInstanceRegistry  : Running the evict task with compensationTime 9ms
2026-04-14T12:58:51.448+01:00  INFO 35344 --- [eureka] [a-EvictionTimer] c.n.e.registry.AbstractInstanceRegistry  : Running the evict task with compensationTime 12ms
2026-04-14T12:59:51.462+01:00  INFO 35344 --- [eureka] [a-EvictionTimer] c.n.e.registry.AbstractInstanceRegistry  : Running the evict task with compensationTime 14ms
2026-04-14T13:00:51.466+01:00  INFO 35344 --- [eureka] [a-EvictionTimer] c.n.e.registry.AbstractInstanceRegistry  : Running the evict task with compensationTime 3ms
2026-04-14T13:01:46.278+01:00  WARN 35344 --- [eureka] [eerNodesUpdater] c.n.eureka.cluster.PeerEurekaNodes       : The replica size seems to be empty. Check the route 53 DNS Registry
2026-04-14T13:01:51.467+01:00  INFO 35344 --- [eureka] [a-EvictionTimer] c.n.e.registry.AbstractInstanceRegistry  : Running the evict task with compensationTime 0ms
2026-04-14T13:02:51.468+01:00  INFO 35344 --- [eureka] [a-EvictionTimer] c.n.e.registry.AbstractInstanceRegistry  : Running the evict task with compensationTime 1ms
2026-04-14T13:03:51.469+01:00  INFO 35344 --- [eureka] [a-EvictionTimer] c.n.e.registry.AbstractInstanceRegistry  : Running the evict task with compensationTime 0ms
2026-04-14T13:04:51.470+01:00  INFO 35344 --- [eureka] [a-EvictionTimer] c.n.e.registry.AbstractInstanceRegistry  : Running the evict task with compensationTime 1ms
2026-04-14T13:05:51.477+01:00  INFO 35344 --- [eureka] [a-EvictionTimer] c.n.e.registry.AbstractInstanceRegistry  : Running the evict task with compensationTime 7ms
2026-04-14T13:06:51.489+01:00  INFO 35344 --- [eureka] [a-EvictionTimer] c.n.e.registry.AbstractInstanceRegistry  : Running the evict task with compensationTime 11ms
2026-04-14T13:07:51.490+01:00  INFO 35344 --- [eureka] [a-EvictionTimer] c.n.e.registry.AbstractInstanceRegistry  : Running the evict task with compensationTime 1ms
2026-04-14T13:08:51.491+01:00  INFO 35344 --- [eureka] [a-EvictionTimer] c.n.e.registry.AbstractInstanceRegistry  : Running the evict task with compensationTime 1ms
2026-04-14T13:09:51.506+01:00  INFO 35344 --- [eureka] [a-EvictionTimer] c.n.e.registry.AbstractInstanceRegistry  : Running the evict task with compensationTime 14ms
2026-04-14T13:10:51.516+01:00  INFO 35344 --- [eureka] [a-EvictionTimer] c.n.e.registry.AbstractInstanceRegistry  : Running the evict task with compensationTime 10ms
2026-04-14T13:11:46.287+01:00  WARN 35344 --- [eureka] [eerNodesUpdater] c.n.eureka.cluster.PeerEurekaNodes       : The replica size seems to be empty. Check the route 53 DNS Registry
2026-04-14T13:11:47.100+01:00  INFO 35344 --- [eureka] [hresholdUpdater] c.n.e.r.PeerAwareInstanceRegistryImpl    : Current renewal threshold is : 6
2026-04-14T13:11:51.524+01:00  INFO 35344 --- [eureka] [a-EvictionTimer] c.n.e.registry.AbstractInstanceRegistry  : Running the evict task with compensationTime 7ms
2026-04-14T13:12:51.525+01:00  INFO 35344 --- [eureka] [a-EvictionTimer] c.n.e.registry.AbstractInstanceRegistry  : Running the evict task with compensationTime 1ms
2026-04-14T13:13:51.532+01:00  INFO 35344 --- [eureka] [a-EvictionTimer] c.n.e.registry.AbstractInstanceRegistry  : Running the evict task with compensationTime 6ms
2026-04-14T13:14:51.533+01:00  INFO 35344 --- [eureka] [a-EvictionTimer] c.n.e.registry.AbstractInstanceRegistry  : Running the evict task with compensationTime 1ms
2026-04-14T13:15:51.547+01:00  INFO 35344 --- [eureka] [a-EvictionTimer] c.n.e.registry.AbstractInstanceRegistry  : Running the evict task with compensationTime 13ms
2026-04-14T13:16:51.551+01:00  INFO 35344 --- [eureka] [a-EvictionTimer] c.n.e.registry.AbstractInstanceRegistry  : Running the evict task with compensationTime 3ms
2026-04-14T13:17:51.554+01:00  INFO 35344 --- [eureka] [a-EvictionTimer] c.n.e.registry.AbstractInstanceRegistry  : Running the evict task with compensationTime 2ms
2026-04-14T13:18:51.567+01:00  INFO 35344 --- [eureka] [a-EvictionTimer] c.n.e.registry.AbstractInstanceRegistry  : Running the evict task with compensationTime 13ms
2026-04-14T13:19:51.572+01:00  INFO 35344 --- [eureka] [a-EvictionTimer] c.n.e.registry.AbstractInstanceRegistry  : Running the evict task with compensationTime 4ms
2026-04-14T13:20:51.578+01:00  INFO 35344 --- [eureka] [a-EvictionTimer] c.n.e.registry.AbstractInstanceRegistry  : Running the evict task with compensationTime 6ms
2026-04-14T13:21:46.302+01:00  WARN 35344 --- [eureka] [eerNodesUpdater] c.n.eureka.cluster.PeerEurekaNodes       : The replica size seems to be empty. Check the route 53 DNS Registry
2026-04-14T13:21:51.579+01:00  INFO 35344 --- [eureka] [a-EvictionTimer] c.n.e.registry.AbstractInstanceRegistry  : Running the evict task with compensationTime 0ms
2026-04-14T13:22:51.590+01:00  INFO 35344 --- [eureka] [a-EvictionTimer] c.n.e.registry.AbstractInstanceRegistry  : Running the evict task with compensationTime 11ms
2026-04-14T13:23:51.606+01:00  INFO 35344 --- [eureka] [a-EvictionTimer] c.n.e.registry.AbstractInstanceRegistry  : Running the evict task with compensationTime 15ms
2026-04-14T13:24:51.615+01:00  INFO 35344 --- [eureka] [a-EvictionTimer] c.n.e.registry.AbstractInstanceRegistry  : Running the evict task with compensationTime 9ms
2026-04-14T13:25:51.631+01:00  INFO 35344 --- [eureka] [a-EvictionTimer] c.n.e.registry.AbstractInstanceRegistry  : Running the evict task with compensationTime 15ms
2026-04-14T13:26:47.111+01:00  INFO 35344 --- [eureka] [hresholdUpdater] c.n.e.r.PeerAwareInstanceRegistryImpl    : Current renewal threshold is : 6
2026-04-14T13:26:51.645+01:00  INFO 35344 --- [eureka] [a-EvictionTimer] c.n.e.registry.AbstractInstanceRegistry  : Running the evict task with compensationTime 14ms
2026-04-14T13:27:51.646+01:00  INFO 35344 --- [eureka] [a-EvictionTimer] c.n.e.registry.AbstractInstanceRegistry  : Running the evict task with compensationTime 1ms
2026-04-14T13:28:51.647+01:00  INFO 35344 --- [eureka] [a-EvictionTimer] c.n.e.registry.AbstractInstanceRegistry  : Running the evict task with compensationTime 1ms
2026-04-14T13:29:51.647+01:00  INFO 35344 --- [eureka] [a-EvictionTimer] c.n.e.registry.AbstractInstanceRegistry  : Running the evict task with compensationTime 0ms
2026-04-14T13:30:51.647+01:00  INFO 35344 --- [eureka] [a-EvictionTimer] c.n.e.registry.AbstractInstanceRegistry  : Running the evict task with compensationTime 0ms
2026-04-14T13:31:46.315+01:00  WARN 35344 --- [eureka] [eerNodesUpdater] c.n.eureka.cluster.PeerEurekaNodes       : The replica size seems to be empty. Check the route 53 DNS Registry
2026-04-14T13:31:51.648+01:00  INFO 35344 --- [eureka] [a-EvictionTimer] c.n.e.registry.AbstractInstanceRegistry  : Running the evict task with compensationTime 0ms
2026-04-14T13:32:51.649+01:00  INFO 35344 --- [eureka] [a-EvictionTimer] c.n.e.registry.AbstractInstanceRegistry  : Running the evict task with compensationTime 0ms
2026-04-14T13:33:51.649+01:00  INFO 35344 --- [eureka] [a-EvictionTimer] c.n.e.registry.AbstractInstanceRegistry  : Running the evict task with compensationTime 0ms
2026-04-14T13:34:51.649+01:00  INFO 35344 --- [eureka] [a-EvictionTimer] c.n.e.registry.AbstractInstanceRegistry  : Running the evict task with compensationTime 0ms
2026-04-14T13:35:51.649+01:00  INFO 35344 --- [eureka] [a-EvictionTimer] c.n.e.registry.AbstractInstanceRegistry  : Running the evict task with compensationTime 0ms
2026-04-14T13:36:51.650+01:00  INFO 35344 --- [eureka] [a-EvictionTimer] c.n.e.registry.AbstractInstanceRegistry  : Running the evict task with compensationTime 0ms
