[INFO] Scanning for projects...
[WARNING] 
[WARNING] Some problems were encountered while building the effective model for tn.spring:User:jar:0.0.1-SNAPSHOT
[WARNING] 'dependencies.dependency.scope' for org.projectlombok:lombok:jar must be one of [provided, compile, runtime, test, system] but is 'annotationProcessor'. @ line 131, column 11
[WARNING] 
[WARNING] It is highly recommended to fix these problems because they threaten the stability of your build.
[WARNING] 
[WARNING] For this reason, future Maven versions might no longer support building such malformed projects.
[WARNING] 
[INFO] 
[INFO] ---------------------------< tn.spring:User >---------------------------
[INFO] Building User 0.0.1-SNAPSHOT
[INFO]   from pom.xml
[INFO] --------------------------------[ jar ]---------------------------------
[INFO] 
[INFO] >>> spring-boot:4.0.2:run (default-cli) > test-compile @ User >>>
[INFO] 
[INFO] --- resources:3.3.1:resources (default-resources) @ User ---
[INFO] Copying 1 resource from src\main\resources to target\classes
[INFO] Copying 0 resource from src\main\resources to target\classes
[INFO] 
[INFO] --- compiler:3.14.1:compile (default-compile) @ User ---
[INFO] Nothing to compile - all classes are up to date.
[INFO] 
[INFO] --- resources:3.3.1:testResources (default-testResources) @ User ---
[INFO] skip non existing resourceDirectory C:\Users\21627\Desktop\copypidevv\backEnd\microservices\User\src\test\resources
[INFO] 
[INFO] --- compiler:3.14.1:testCompile (default-testCompile) @ User ---
[INFO] Nothing to compile - all classes are up to date.
[INFO] 
[INFO] <<< spring-boot:4.0.2:run (default-cli) < test-compile @ User <<<
[INFO] 
[INFO] 
[INFO] --- spring-boot:4.0.2:run (default-cli) @ User ---
[INFO] Attaching agents: []

  .   ____          _            __ _ _
 /\\ / ___'_ __ _ _(_)_ __  __ _ \ \ \ \
( ( )\___ | '_ | '_| | '_ \/ _` | \ \ \ \
 \\/  ___)| |_)| | | | | || (_| |  ) ) ) )
  '  |____| .__|_| |_|_| |_\__, | / / / /
 =========|_|==============|___/=/_/_/_/

 :: Spring Boot ::                (v4.0.2)

2026-04-13T22:19:08.405+01:00  INFO 11132 --- [User] [  restartedMain] tn.spring.user.UserApplication           : Starting UserApplication using Java 17.0.12 with PID 11132 (C:\Users\21627\Desktop\copypidevv\backEnd\microservices\User\target\classes started by 21627 in C:\Users\21627\Desktop\copypidevv\backEnd\microservices\User)
2026-04-13T22:19:08.409+01:00  INFO 11132 --- [User] [  restartedMain] tn.spring.user.UserApplication           : No active profile set, falling back to 1 default profile: "default"
2026-04-13T22:19:08.452+01:00  INFO 11132 --- [User] [  restartedMain] .e.DevToolsPropertyDefaultsPostProcessor : Devtools property defaults active! Set 'spring.devtools.add-properties' to 'false' to disable
2026-04-13T22:19:08.455+01:00  INFO 11132 --- [User] [  restartedMain] .e.DevToolsPropertyDefaultsPostProcessor : For additional web related logging consider setting the 'logging.level.web' property to 'DEBUG'
2026-04-13T22:19:09.343+01:00  INFO 11132 --- [User] [  restartedMain] .s.d.r.c.RepositoryConfigurationDelegate : Bootstrapping Spring Data JPA repositories in DEFAULT mode.
2026-04-13T22:19:09.505+01:00  INFO 11132 --- [User] [  restartedMain] .s.d.r.c.RepositoryConfigurationDelegate : Finished Spring Data repository scanning in 153 ms. Found 4 JPA repository interfaces.
2026-04-13T22:19:09.809+01:00  INFO 11132 --- [User] [  restartedMain] o.s.cloud.context.scope.GenericScope     : BeanFactory id=2f706b7f-943a-3d34-b9c8-35061772896c
2026-04-13T22:19:10.384+01:00  INFO 11132 --- [User] [  restartedMain] o.s.boot.tomcat.TomcatWebServer          : Tomcat initialized with port 8081 (http)
2026-04-13T22:19:10.397+01:00  INFO 11132 --- [User] [  restartedMain] o.apache.catalina.core.StandardService   : Starting service [Tomcat]
2026-04-13T22:19:10.398+01:00  INFO 11132 --- [User] [  restartedMain] o.apache.catalina.core.StandardEngine    : Starting Servlet engine: [Apache Tomcat/11.0.15]
2026-04-13T22:19:10.471+01:00  INFO 11132 --- [User] [  restartedMain] b.w.c.s.WebApplicationContextInitializer : Root WebApplicationContext: initialization completed in 2014 ms
2026-04-13T22:19:10.608+01:00  INFO 11132 --- [User] [  restartedMain] org.hibernate.orm.jpa                    : HHH008540: Processing PersistenceUnitInfo [name: default]
2026-04-13T22:19:10.663+01:00  INFO 11132 --- [User] [  restartedMain] org.hibernate.orm.core                   : HHH000001: Hibernate ORM core version 7.2.1.Final
2026-04-13T22:19:11.164+01:00  INFO 11132 --- [User] [  restartedMain] o.s.o.j.p.SpringPersistenceUnitInfo      : No LoadTimeWeaver setup: ignoring JPA class transformer
2026-04-13T22:19:11.199+01:00  INFO 11132 --- [User] [  restartedMain] com.zaxxer.hikari.HikariDataSource       : HikariPool-1 - Starting...
2026-04-13T22:19:11.370+01:00  INFO 11132 --- [User] [  restartedMain] com.zaxxer.hikari.pool.HikariPool        : HikariPool-1 - Added connection org.postgresql.jdbc.PgConnection@34267a6e
2026-04-13T22:19:11.373+01:00  INFO 11132 --- [User] [  restartedMain] com.zaxxer.hikari.HikariDataSource       : HikariPool-1 - Start completed.
2026-04-13T22:19:11.442+01:00  INFO 11132 --- [User] [  restartedMain] org.hibernate.orm.connections.pooling    : HHH10001005: Database info:
	Database JDBC URL [jdbc:postgresql://localhost:5432/CandidatAndEval]
	Database driver: PostgreSQL JDBC Driver
	Database dialect: PostgreSQLDialect
	Database version: 18.3
	Default catalog/schema: CandidatAndEval/public
	Autocommit mode: undefined/unknown
	Isolation level: READ_COMMITTED [default READ_COMMITTED]
	JDBC fetch size: none
	Pool: DataSourceConnectionProvider
	Minimum pool size: undefined/unknown
	Maximum pool size: undefined/unknown
2026-04-13T22:19:12.419+01:00  INFO 11132 --- [User] [  restartedMain] org.hibernate.orm.core                   : HHH000489: No JTA platform available (set 'hibernate.transaction.jta.platform' to enable JTA platform integration)
2026-04-13T22:19:12.520+01:00  INFO 11132 --- [User] [  restartedMain] j.LocalContainerEntityManagerFactoryBean : Initialized JPA EntityManagerFactory for persistence unit 'default'
2026-04-13T22:19:12.606+01:00  INFO 11132 --- [User] [  restartedMain] o.s.d.j.r.query.QueryEnhancerFactories   : Hibernate is in classpath; If applicable, HQL parser will be used.
2026-04-13T22:19:13.347+01:00  INFO 11132 --- [User] [  restartedMain] eAuthenticationProviderManagerConfigurer : Global AuthenticationManager configured with AuthenticationProvider bean with name authenticationProvider
2026-04-13T22:19:13.348+01:00  WARN 11132 --- [User] [  restartedMain] r$InitializeUserDetailsManagerConfigurer : Global AuthenticationManager configured with an AuthenticationProvider bean. UserDetailsService beans will not be used by Spring Security for automatically configuring username/password login. Consider removing the AuthenticationProvider bean. Alternatively, consider using the UserDetailsService in a manually instantiated DaoAuthenticationProvider. If the current configuration is intentional, to turn off this warning, increase the logging level of 'org.springframework.security.config.annotation.authentication.configuration.InitializeUserDetailsBeanManagerConfigurer' to ERROR
2026-04-13T22:19:13.442+01:00  WARN 11132 --- [User] [  restartedMain] JpaBaseConfiguration$JpaWebConfiguration : spring.jpa.open-in-view is enabled by default. Therefore, database queries may be performed during view rendering. Explicitly configure spring.jpa.open-in-view to disable this warning
2026-04-13T22:19:13.879+01:00 DEBUG 11132 --- [User] [  restartedMain] o.s.s.web.DefaultSecurityFilterChain     : Will secure any request with filters: DisableEncodeUrlFilter, WebAsyncManagerIntegrationFilter, SecurityContextHolderFilter, HeaderWriterFilter, LogoutFilter, JwtAuthenticationFilter, RequestCacheAwareFilter, SecurityContextHolderAwareRequestFilter, AnonymousAuthenticationFilter, SessionManagementFilter, ExceptionTranslationFilter, AuthorizationFilter
2026-04-13T22:19:14.009+01:00 DEBUG 11132 --- [User] [  restartedMain] s.w.s.m.m.a.RequestMappingHandlerMapping : 20 mappings in 'requestMappingHandlerMapping'
2026-04-13T22:19:14.044+01:00 DEBUG 11132 --- [User] [  restartedMain] o.s.w.s.handler.SimpleUrlHandlerMapping  : Patterns [/webjars/**, /**] in 'resourceHandlerMapping'
2026-04-13T22:19:14.081+01:00 DEBUG 11132 --- [User] [  restartedMain] s.w.s.m.m.a.RequestMappingHandlerAdapter : ControllerAdvice beans: 0 @ModelAttribute, 0 @InitBinder, 2 RequestBodyAdvice, 1 ResponseBodyAdvice
2026-04-13T22:19:14.138+01:00 DEBUG 11132 --- [User] [  restartedMain] .m.m.a.ExceptionHandlerExceptionResolver : ControllerAdvice beans: 1 @ExceptionHandler, 1 ResponseBodyAdvice
2026-04-13T22:19:14.168+01:00 DEBUG 11132 --- [User] [  restartedMain] .m.m.a.ExceptionHandlerExceptionResolver : ControllerAdvice beans: 1 @ExceptionHandler, 0 ResponseBodyAdvice
2026-04-13T22:19:14.332+01:00  INFO 11132 --- [User] [  restartedMain] o.s.b.h.a.H2ConsoleAutoConfiguration     : H2 console available at '/h2-console'. Database available at 'jdbc:postgresql://localhost:5432/CandidatAndEval'
2026-04-13T22:19:15.667+01:00  INFO 11132 --- [User] [  restartedMain] o.s.cloud.commons.util.InetUtils         : Cannot determine local hostname
2026-04-13T22:19:16.913+01:00  INFO 11132 --- [User] [  restartedMain] o.s.cloud.commons.util.InetUtils         : Cannot determine local hostname
2026-04-13T22:19:16.936+01:00  INFO 11132 --- [User] [  restartedMain] DiscoveryClientOptionalArgsConfiguration : Eureka HTTP Client uses RestClient.
2026-04-13T22:19:16.981+01:00  WARN 11132 --- [User] [  restartedMain] iguration$LoadBalancerCaffeineWarnLogger : Spring Cloud LoadBalancer is currently working with the default cache. While this cache implementation is useful for development and tests, it's recommended to use Caffeine cache in production.You can switch to using Caffeine cache, by adding it and org.springframework.cache.caffeine.CaffeineCacheManager to the classpath.
2026-04-13T22:19:17.003+01:00  INFO 11132 --- [User] [  restartedMain] o.s.c.n.eureka.InstanceInfoFactory       : Setting initial instance status as: STARTING
2026-04-13T22:19:17.027+01:00  INFO 11132 --- [User] [  restartedMain] com.netflix.discovery.DiscoveryClient    : Initializing Eureka in region us-east-1
2026-04-13T22:19:17.031+01:00  INFO 11132 --- [User] [  restartedMain] c.n.d.s.r.aws.ConfigClusterResolver      : Resolving eureka endpoints via configuration
2026-04-13T22:19:17.039+01:00  INFO 11132 --- [User] [  restartedMain] com.netflix.discovery.DiscoveryClient    : Disable delta property : false
2026-04-13T22:19:17.039+01:00  INFO 11132 --- [User] [  restartedMain] com.netflix.discovery.DiscoveryClient    : Single vip registry refresh property : null
2026-04-13T22:19:17.041+01:00  INFO 11132 --- [User] [  restartedMain] com.netflix.discovery.DiscoveryClient    : Force full registry fetch : false
2026-04-13T22:19:17.041+01:00  INFO 11132 --- [User] [  restartedMain] com.netflix.discovery.DiscoveryClient    : Application is null : false
2026-04-13T22:19:17.041+01:00  INFO 11132 --- [User] [  restartedMain] com.netflix.discovery.DiscoveryClient    : Registered Applications size is zero : true
2026-04-13T22:19:17.041+01:00  INFO 11132 --- [User] [  restartedMain] com.netflix.discovery.DiscoveryClient    : Application version is -1: true
2026-04-13T22:19:17.041+01:00  INFO 11132 --- [User] [  restartedMain] com.netflix.discovery.DiscoveryClient    : Getting all instance registry info from the eureka server
2026-04-13T22:19:17.353+01:00 DEBUG 11132 --- [User] [  restartedMain] o.s.web.client.DefaultRestClient         : Reading to [com.netflix.discovery.shared.Applications]
2026-04-13T22:19:17.380+01:00  INFO 11132 --- [User] [  restartedMain] com.netflix.discovery.DiscoveryClient    : The response status is 200
2026-04-13T22:19:17.382+01:00  INFO 11132 --- [User] [  restartedMain] com.netflix.discovery.DiscoveryClient    : Starting heartbeat executor: renew interval is: 30
2026-04-13T22:19:17.384+01:00  INFO 11132 --- [User] [  restartedMain] c.n.discovery.InstanceInfoReplicator     : InstanceInfoReplicator onDemand update allowed rate per min is 4
2026-04-13T22:19:17.385+01:00  INFO 11132 --- [User] [  restartedMain] com.netflix.discovery.DiscoveryClient    : Discovery Client initialized at timestamp 1776115157385 with initial instances count: 3
2026-04-13T22:19:17.390+01:00  INFO 11132 --- [User] [  restartedMain] o.s.c.n.e.s.EurekaServiceRegistry        : Registering application USER with eureka with status UP
2026-04-13T22:19:17.390+01:00  INFO 11132 --- [User] [  restartedMain] com.netflix.discovery.DiscoveryClient    : Saw local status change event StatusChangeEvent [timestamp=1776115157390, current=UP, previous=STARTING]
2026-04-13T22:19:17.393+01:00  INFO 11132 --- [User] [foReplicator-%d] com.netflix.discovery.DiscoveryClient    : DiscoveryClient_USER/localhost:User:8081: registering service...
2026-04-13T22:19:17.410+01:00 DEBUG 11132 --- [User] [foReplicator-%d] o.s.web.client.DefaultRestClient         : Writing [InstanceInfo [instanceId = localhost:User:8081, appName = USER, hostName = localhost, status = UP, ipAddr = 192.168.158.1, port = 8081, securePort = 443, dataCenterInfo = com.netflix.appinfo.MyDataCenterInfo@4c1f329d] as "application/json" with org.springframework.http.converter.json.MappingJackson2HttpMessageConverter
2026-04-13T22:19:17.414+01:00  INFO 11132 --- [User] [  restartedMain] o.s.boot.tomcat.TomcatWebServer          : Tomcat started on port 8081 (http) with context path '/'
2026-04-13T22:19:17.414+01:00  INFO 11132 --- [User] [  restartedMain] .s.c.n.e.s.EurekaAutoServiceRegistration : Updating port to 8081
2026-04-13T22:19:17.429+01:00  INFO 11132 --- [User] [foReplicator-%d] com.netflix.discovery.DiscoveryClient    : DiscoveryClient_USER/localhost:User:8081 - registration status: 204
2026-04-13T22:19:18.644+01:00  INFO 11132 --- [User] [  restartedMain] o.s.cloud.commons.util.InetUtils         : Cannot determine local hostname
2026-04-13T22:19:18.652+01:00  INFO 11132 --- [User] [  restartedMain] tn.spring.user.UserApplication           : Started UserApplication in 11.986 seconds (process running for 12.912)
2026-04-13T22:19:47.411+01:00 DEBUG 11132 --- [User] [reshExecutor-%d] o.s.web.client.DefaultRestClient         : Reading to [com.netflix.discovery.shared.Applications]
2026-04-13T22:20:17.436+01:00 DEBUG 11132 --- [User] [reshExecutor-%d] o.s.web.client.DefaultRestClient         : Reading to [com.netflix.discovery.shared.Applications]
2026-04-13T22:20:47.463+01:00 DEBUG 11132 --- [User] [reshExecutor-%d] o.s.web.client.DefaultRestClient         : Reading to [com.netflix.discovery.shared.Applications]
2026-04-13T22:21:07.835+01:00  INFO 11132 --- [User] [nio-8081-exec-1] o.a.c.c.C.[Tomcat].[localhost].[/]       : Initializing Spring DispatcherServlet 'dispatcherServlet'
2026-04-13T22:21:07.835+01:00  INFO 11132 --- [User] [nio-8081-exec-1] o.s.web.servlet.DispatcherServlet        : Initializing Servlet 'dispatcherServlet'
2026-04-13T22:21:07.835+01:00 DEBUG 11132 --- [User] [nio-8081-exec-1] o.s.web.servlet.DispatcherServlet        : Detected StandardServletMultipartResolver
2026-04-13T22:21:07.835+01:00 DEBUG 11132 --- [User] [nio-8081-exec-1] o.s.web.servlet.DispatcherServlet        : Detected AcceptHeaderLocaleResolver
2026-04-13T22:21:07.837+01:00 DEBUG 11132 --- [User] [nio-8081-exec-1] o.s.web.servlet.DispatcherServlet        : Detected org.springframework.web.servlet.view.DefaultRequestToViewNameTranslator@5b5cf867
2026-04-13T22:21:07.837+01:00 DEBUG 11132 --- [User] [nio-8081-exec-1] o.s.web.servlet.DispatcherServlet        : Detected org.springframework.web.servlet.support.SessionFlashMapManager@4bdf6a8b
2026-04-13T22:21:07.837+01:00 DEBUG 11132 --- [User] [nio-8081-exec-1] o.s.web.servlet.DispatcherServlet        : enableLoggingRequestDetails='false': request parameters and headers will be masked to prevent unsafe logging of potentially sensitive data
2026-04-13T22:21:07.837+01:00  INFO 11132 --- [User] [nio-8081-exec-1] o.s.web.servlet.DispatcherServlet        : Completed initialization in 2 ms
2026-04-13T22:21:07.845+01:00 DEBUG 11132 --- [User] [nio-8081-exec-1] o.s.security.web.FilterChainProxy        : Securing POST /api/auth/login
2026-04-13T22:21:07.853+01:00 DEBUG 11132 --- [User] [nio-8081-exec-1] o.s.s.w.a.AnonymousAuthenticationFilter  : Set SecurityContextHolder to anonymous SecurityContext
2026-04-13T22:21:07.854+01:00 DEBUG 11132 --- [User] [nio-8081-exec-1] o.s.security.web.FilterChainProxy        : Secured POST /api/auth/login
2026-04-13T22:21:07.856+01:00 DEBUG 11132 --- [User] [nio-8081-exec-1] o.s.web.servlet.DispatcherServlet        : POST "/api/auth/login", parameters={}
2026-04-13T22:21:07.863+01:00 DEBUG 11132 --- [User] [nio-8081-exec-1] s.w.s.m.m.a.RequestMappingHandlerMapping : Mapped to tn.spring.user.Controllers.AuthController#login(AuthenticationRequest, HttpServletResponse, HttpServletRequest)
2026-04-13T22:21:07.924+01:00 DEBUG 11132 --- [User] [nio-8081-exec-1] m.m.a.RequestResponseBodyMethodProcessor : Read "application/json;charset=UTF-8" to [AuthenticationRequest(rememberMe=false, login=TU1@gmail.com, password=NOUR0000)]
2026-04-13T22:21:08.216+01:00 DEBUG 11132 --- [User] [nio-8081-exec-1] o.s.s.a.dao.DaoAuthenticationProvider    : Authenticated user
2026-04-13T22:21:08.255+01:00 DEBUG 11132 --- [User] [nio-8081-exec-1] o.s.w.s.m.m.a.HttpEntityMethodProcessor  : Using 'application/json', given [text/plain, application/json, application/*+json, */*] and supported [application/json, application/*+json]
2026-04-13T22:21:08.259+01:00 DEBUG 11132 --- [User] [nio-8081-exec-1] o.s.w.s.m.m.a.HttpEntityMethodProcessor  : Writing [AuthenticationResponse(token=eyJhbGciOiJIUzI1NiJ9.eyJyb2xlIjoiVFVUT1IiLCJzdWIiOiJUVTFAZ21haWwuY29tIi (truncated)...]
2026-04-13T22:21:08.285+01:00 DEBUG 11132 --- [User] [nio-8081-exec-1] o.s.web.servlet.DispatcherServlet        : Completed 200 OK
2026-04-13T22:21:17.496+01:00 DEBUG 11132 --- [User] [reshExecutor-%d] o.s.web.client.DefaultRestClient         : Reading to [com.netflix.discovery.shared.Applications]
2026-04-13T22:21:47.526+01:00 DEBUG 11132 --- [User] [reshExecutor-%d] o.s.web.client.DefaultRestClient         : Reading to [com.netflix.discovery.shared.Applications]
2026-04-13T22:22:17.552+01:00 DEBUG 11132 --- [User] [reshExecutor-%d] o.s.web.client.DefaultRestClient         : Reading to [com.netflix.discovery.shared.Applications]
2026-04-13T22:22:47.583+01:00 DEBUG 11132 --- [User] [reshExecutor-%d] o.s.web.client.DefaultRestClient         : Reading to [com.netflix.discovery.shared.Applications]
2026-04-13T22:23:17.603+01:00 DEBUG 11132 --- [User] [reshExecutor-%d] o.s.web.client.DefaultRestClient         : Reading to [com.netflix.discovery.shared.Applications]
2026-04-13T22:23:47.628+01:00 DEBUG 11132 --- [User] [reshExecutor-%d] o.s.web.client.DefaultRestClient         : Reading to [com.netflix.discovery.shared.Applications]
2026-04-13T22:24:17.043+01:00  INFO 11132 --- [User] [rap-executor-%d] c.n.d.s.r.aws.ConfigClusterResolver      : Resolving eureka endpoints via configuration
2026-04-13T22:24:17.649+01:00 DEBUG 11132 --- [User] [reshExecutor-%d] o.s.web.client.DefaultRestClient         : Reading to [com.netflix.discovery.shared.Applications]
2026-04-13T22:24:47.677+01:00 DEBUG 11132 --- [User] [reshExecutor-%d] o.s.web.client.DefaultRestClient         : Reading to [com.netflix.discovery.shared.Applications]
2026-04-13T22:25:17.709+01:00 DEBUG 11132 --- [User] [reshExecutor-%d] o.s.web.client.DefaultRestClient         : Reading to [com.netflix.discovery.shared.Applications]
2026-04-13T22:25:47.736+01:00 DEBUG 11132 --- [User] [reshExecutor-%d] o.s.web.client.DefaultRestClient         : Reading to [com.netflix.discovery.shared.Applications]
2026-04-13T22:26:17.767+01:00 DEBUG 11132 --- [User] [reshExecutor-%d] o.s.web.client.DefaultRestClient         : Reading to [com.netflix.discovery.shared.Applications]
2026-04-13T22:26:47.786+01:00 DEBUG 11132 --- [User] [reshExecutor-%d] o.s.web.client.DefaultRestClient         : Reading to [com.netflix.discovery.shared.Applications]
2026-04-13T22:27:17.815+01:00 DEBUG 11132 --- [User] [reshExecutor-%d] o.s.web.client.DefaultRestClient         : Reading to [com.netflix.discovery.shared.Applications]
2026-04-13T22:27:47.836+01:00 DEBUG 11132 --- [User] [reshExecutor-%d] o.s.web.client.DefaultRestClient         : Reading to [com.netflix.discovery.shared.Applications]
2026-04-13T22:28:17.858+01:00 DEBUG 11132 --- [User] [reshExecutor-%d] o.s.web.client.DefaultRestClient         : Reading to [com.netflix.discovery.shared.Applications]
2026-04-13T22:28:47.892+01:00 DEBUG 11132 --- [User] [reshExecutor-%d] o.s.web.client.DefaultRestClient         : Reading to [com.netflix.discovery.shared.Applications]
2026-04-13T22:29:17.058+01:00  INFO 11132 --- [User] [rap-executor-%d] c.n.d.s.r.aws.ConfigClusterResolver      : Resolving eureka endpoints via configuration
2026-04-13T22:29:17.912+01:00 DEBUG 11132 --- [User] [reshExecutor-%d] o.s.web.client.DefaultRestClient         : Reading to [com.netflix.discovery.shared.Applications]
2026-04-13T22:29:47.946+01:00 DEBUG 11132 --- [User] [reshExecutor-%d] o.s.web.client.DefaultRestClient         : Reading to [com.netflix.discovery.shared.Applications]
2026-04-13T22:30:17.977+01:00 DEBUG 11132 --- [User] [reshExecutor-%d] o.s.web.client.DefaultRestClient         : Reading to [com.netflix.discovery.shared.Applications]
2026-04-13T22:30:48.006+01:00 DEBUG 11132 --- [User] [reshExecutor-%d] o.s.web.client.DefaultRestClient         : Reading to [com.netflix.discovery.shared.Applications]
2026-04-13T22:31:18.038+01:00 DEBUG 11132 --- [User] [reshExecutor-%d] o.s.web.client.DefaultRestClient         : Reading to [com.netflix.discovery.shared.Applications]
2026-04-13T22:31:48.048+01:00 DEBUG 11132 --- [User] [reshExecutor-%d] o.s.web.client.DefaultRestClient         : Reading to [com.netflix.discovery.shared.Applications]
2026-04-13T22:32:18.074+01:00 DEBUG 11132 --- [User] [reshExecutor-%d] o.s.web.client.DefaultRestClient         : Reading to [com.netflix.discovery.shared.Applications]
2026-04-13T22:32:48.097+01:00 DEBUG 11132 --- [User] [reshExecutor-%d] o.s.web.client.DefaultRestClient         : Reading to [com.netflix.discovery.shared.Applications]
2026-04-13T22:33:18.126+01:00 DEBUG 11132 --- [User] [reshExecutor-%d] o.s.web.client.DefaultRestClient         : Reading to [com.netflix.discovery.shared.Applications]
2026-04-13T22:33:48.159+01:00 DEBUG 11132 --- [User] [reshExecutor-%d] o.s.web.client.DefaultRestClient         : Reading to [com.netflix.discovery.shared.Applications]
2026-04-13T22:34:14.376+01:00 DEBUG 11132 --- [User] [nio-8081-exec-3] o.s.security.web.FilterChainProxy        : Securing GET /api/users/students
2026-04-13T22:34:14.396+01:00 ERROR 11132 --- [User] [nio-8081-exec-3] o.a.c.c.C.[.[.[/].[dispatcherServlet]    : Servlet.service() for servlet [dispatcherServlet] in context with path [] threw exception

io.jsonwebtoken.ExpiredJwtException: JWT expired at 2026-04-13T21:28:21Z. Current time: 2026-04-13T21:34:14Z, a difference of 353394 milliseconds.  Allowed clock skew: 0 milliseconds.
	at io.jsonwebtoken.impl.DefaultJwtParser.parse(DefaultJwtParser.java:427) ~[jjwt-impl-0.11.5.jar:0.11.5]
	at io.jsonwebtoken.impl.DefaultJwtParser.parse(DefaultJwtParser.java:529) ~[jjwt-impl-0.11.5.jar:0.11.5]
	at io.jsonwebtoken.impl.DefaultJwtParser.parseClaimsJws(DefaultJwtParser.java:589) ~[jjwt-impl-0.11.5.jar:0.11.5]
	at io.jsonwebtoken.impl.ImmutableJwtParser.parseClaimsJws(ImmutableJwtParser.java:173) ~[jjwt-impl-0.11.5.jar:0.11.5]
	at tn.spring.user.Services.JwtService.extractallClaims(JwtService.java:115) ~[classes/:na]
	at tn.spring.user.Services.JwtService.extractClaim(JwtService.java:119) ~[classes/:na]
	at tn.spring.user.Services.JwtService.extractUsername(JwtService.java:35) ~[classes/:na]
	at tn.spring.user.Filters.JwtAuthenticationFilter.doFilterInternal(JwtAuthenticationFilter.java:59) ~[classes/:na]
	at org.springframework.web.filter.OncePerRequestFilter.doFilter(OncePerRequestFilter.java:116) ~[spring-web-7.0.3.jar:7.0.3]
	at org.springframework.security.web.FilterChainProxy$VirtualFilterChain.doFilter(FilterChainProxy.java:380) ~[spring-security-web-7.0.2.jar:7.0.2]
	at org.springframework.security.web.authentication.logout.LogoutFilter.doFilter(LogoutFilter.java:110) ~[spring-security-web-7.0.2.jar:7.0.2]
	at org.springframework.security.web.authentication.logout.LogoutFilter.doFilter(LogoutFilter.java:96) ~[spring-security-web-7.0.2.jar:7.0.2]
	at org.springframework.security.web.FilterChainProxy$VirtualFilterChain.doFilter(FilterChainProxy.java:380) ~[spring-security-web-7.0.2.jar:7.0.2]
	at org.springframework.security.web.header.HeaderWriterFilter.doHeadersAfter(HeaderWriterFilter.java:90) ~[spring-security-web-7.0.2.jar:7.0.2]
	at org.springframework.security.web.header.HeaderWriterFilter.doFilterInternal(HeaderWriterFilter.java:75) ~[spring-security-web-7.0.2.jar:7.0.2]
	at org.springframework.web.filter.OncePerRequestFilter.doFilter(OncePerRequestFilter.java:116) ~[spring-web-7.0.3.jar:7.0.3]
	at org.springframework.security.web.FilterChainProxy$VirtualFilterChain.doFilter(FilterChainProxy.java:380) ~[spring-security-web-7.0.2.jar:7.0.2]
	at org.springframework.security.web.context.SecurityContextHolderFilter.doFilter(SecurityContextHolderFilter.java:82) ~[spring-security-web-7.0.2.jar:7.0.2]
	at org.springframework.security.web.context.SecurityContextHolderFilter.doFilter(SecurityContextHolderFilter.java:69) ~[spring-security-web-7.0.2.jar:7.0.2]
	at org.springframework.security.web.FilterChainProxy$VirtualFilterChain.doFilter(FilterChainProxy.java:380) ~[spring-security-web-7.0.2.jar:7.0.2]
	at org.springframework.security.web.context.request.async.WebAsyncManagerIntegrationFilter.doFilterInternal(WebAsyncManagerIntegrationFilter.java:62) ~[spring-security-web-7.0.2.jar:7.0.2]
	at org.springframework.web.filter.OncePerRequestFilter.doFilter(OncePerRequestFilter.java:116) ~[spring-web-7.0.3.jar:7.0.3]
	at org.springframework.security.web.FilterChainProxy$VirtualFilterChain.doFilter(FilterChainProxy.java:380) ~[spring-security-web-7.0.2.jar:7.0.2]
	at org.springframework.security.web.session.DisableEncodeUrlFilter.doFilterInternal(DisableEncodeUrlFilter.java:42) ~[spring-security-web-7.0.2.jar:7.0.2]
	at org.springframework.web.filter.OncePerRequestFilter.doFilter(OncePerRequestFilter.java:116) ~[spring-web-7.0.3.jar:7.0.3]
	at org.springframework.security.web.FilterChainProxy$VirtualFilterChain.doFilter(FilterChainProxy.java:380) ~[spring-security-web-7.0.2.jar:7.0.2]
	at org.springframework.security.web.FilterChainProxy.doFilterInternal(FilterChainProxy.java:237) ~[spring-security-web-7.0.2.jar:7.0.2]
	at org.springframework.security.web.FilterChainProxy.doFilter(FilterChainProxy.java:195) ~[spring-security-web-7.0.2.jar:7.0.2]
	at org.springframework.web.filter.CompositeFilter$VirtualFilterChain.doFilter(CompositeFilter.java:113) ~[spring-web-7.0.3.jar:7.0.3]
	at org.springframework.web.filter.ServletRequestPathFilter.doFilter(ServletRequestPathFilter.java:52) ~[spring-web-7.0.3.jar:7.0.3]
	at org.springframework.web.filter.CompositeFilter$VirtualFilterChain.doFilter(CompositeFilter.java:113) ~[spring-web-7.0.3.jar:7.0.3]
	at org.springframework.web.filter.CompositeFilter.doFilter(CompositeFilter.java:74) ~[spring-web-7.0.3.jar:7.0.3]
	at org.springframework.security.config.annotation.web.configuration.WebSecurityConfiguration$CompositeFilterChainProxy.doFilter(WebSecurityConfiguration.java:317) ~[spring-security-config-7.0.2.jar:7.0.2]
	at org.springframework.web.filter.DelegatingFilterProxy.invokeDelegate(DelegatingFilterProxy.java:355) ~[spring-web-7.0.3.jar:7.0.3]
	at org.springframework.web.filter.DelegatingFilterProxy.doFilter(DelegatingFilterProxy.java:272) ~[spring-web-7.0.3.jar:7.0.3]
	at org.apache.catalina.core.ApplicationFilterChain.doFilter(ApplicationFilterChain.java:107) ~[tomcat-embed-core-11.0.15.jar:11.0.15]
	at org.springframework.web.filter.RequestContextFilter.doFilterInternal(RequestContextFilter.java:100) ~[spring-web-7.0.3.jar:7.0.3]
	at org.springframework.web.filter.OncePerRequestFilter.doFilter(OncePerRequestFilter.java:116) ~[spring-web-7.0.3.jar:7.0.3]
	at org.apache.catalina.core.ApplicationFilterChain.doFilter(ApplicationFilterChain.java:107) ~[tomcat-embed-core-11.0.15.jar:11.0.15]
	at org.springframework.web.filter.FormContentFilter.doFilterInternal(FormContentFilter.java:93) ~[spring-web-7.0.3.jar:7.0.3]
	at org.springframework.web.filter.OncePerRequestFilter.doFilter(OncePerRequestFilter.java:116) ~[spring-web-7.0.3.jar:7.0.3]
	at org.apache.catalina.core.ApplicationFilterChain.doFilter(ApplicationFilterChain.java:107) ~[tomcat-embed-core-11.0.15.jar:11.0.15]
	at org.springframework.web.filter.CharacterEncodingFilter.doFilterInternal(CharacterEncodingFilter.java:199) ~[spring-web-7.0.3.jar:7.0.3]
	at org.springframework.web.filter.OncePerRequestFilter.doFilter(OncePerRequestFilter.java:116) ~[spring-web-7.0.3.jar:7.0.3]
	at org.apache.catalina.core.ApplicationFilterChain.doFilter(ApplicationFilterChain.java:107) ~[tomcat-embed-core-11.0.15.jar:11.0.15]
	at org.apache.catalina.core.StandardWrapperValve.invoke(StandardWrapperValve.java:165) ~[tomcat-embed-core-11.0.15.jar:11.0.15]
	at org.apache.catalina.core.StandardContextValve.invoke(StandardContextValve.java:77) ~[tomcat-embed-core-11.0.15.jar:11.0.15]
	at org.apache.catalina.authenticator.AuthenticatorBase.invoke(AuthenticatorBase.java:482) ~[tomcat-embed-core-11.0.15.jar:11.0.15]
	at org.apache.catalina.core.StandardHostValve.invoke(StandardHostValve.java:113) ~[tomcat-embed-core-11.0.15.jar:11.0.15]
	at org.apache.catalina.valves.ErrorReportValve.invoke(ErrorReportValve.java:83) ~[tomcat-embed-core-11.0.15.jar:11.0.15]
	at org.apache.catalina.core.StandardEngineValve.invoke(StandardEngineValve.java:72) ~[tomcat-embed-core-11.0.15.jar:11.0.15]
	at org.apache.catalina.connector.CoyoteAdapter.service(CoyoteAdapter.java:341) ~[tomcat-embed-core-11.0.15.jar:11.0.15]
	at org.apache.coyote.http11.Http11Processor.service(Http11Processor.java:397) ~[tomcat-embed-core-11.0.15.jar:11.0.15]
	at org.apache.coyote.AbstractProcessorLight.process(AbstractProcessorLight.java:63) ~[tomcat-embed-core-11.0.15.jar:11.0.15]
	at org.apache.coyote.AbstractProtocol$ConnectionHandler.process(AbstractProtocol.java:903) ~[tomcat-embed-core-11.0.15.jar:11.0.15]
	at org.apache.tomcat.util.net.NioEndpoint$SocketProcessor.doRun(NioEndpoint.java:1778) ~[tomcat-embed-core-11.0.15.jar:11.0.15]
	at org.apache.tomcat.util.net.SocketProcessorBase.run(SocketProcessorBase.java:52) ~[tomcat-embed-core-11.0.15.jar:11.0.15]
	at org.apache.tomcat.util.threads.ThreadPoolExecutor.runWorker(ThreadPoolExecutor.java:946) ~[tomcat-embed-core-11.0.15.jar:11.0.15]
	at org.apache.tomcat.util.threads.ThreadPoolExecutor$Worker.run(ThreadPoolExecutor.java:480) ~[tomcat-embed-core-11.0.15.jar:11.0.15]
	at org.apache.tomcat.util.threads.TaskThread$WrappingRunnable.run(TaskThread.java:57) ~[tomcat-embed-core-11.0.15.jar:11.0.15]
	at java.base/java.lang.Thread.run(Thread.java:842) ~[na:na]

2026-04-13T22:34:14.411+01:00 DEBUG 11132 --- [User] [nio-8081-exec-3] o.s.security.web.FilterChainProxy        : Securing GET /error
2026-04-13T22:34:14.412+01:00 DEBUG 11132 --- [User] [nio-8081-exec-3] o.s.s.w.a.AnonymousAuthenticationFilter  : Set SecurityContextHolder to anonymous SecurityContext
2026-04-13T22:34:14.412+01:00 DEBUG 11132 --- [User] [nio-8081-exec-3] o.s.security.web.FilterChainProxy        : Secured GET /error
2026-04-13T22:34:14.414+01:00 DEBUG 11132 --- [User] [nio-8081-exec-3] o.s.web.servlet.DispatcherServlet        : "ERROR" dispatch for GET "/error", parameters={}
2026-04-13T22:34:14.416+01:00 DEBUG 11132 --- [User] [nio-8081-exec-3] s.w.s.m.m.a.RequestMappingHandlerMapping : Mapped to org.springframework.boot.webmvc.autoconfigure.error.BasicErrorController#error(HttpServletRequest)
2026-04-13T22:34:14.419+01:00 DEBUG 11132 --- [User] [nio-8081-exec-3] o.s.w.s.m.m.a.HttpEntityMethodProcessor  : Using 'application/json', given [application/json, text/plain, */*] and supported [application/json, application/*+json]
2026-04-13T22:34:14.419+01:00 DEBUG 11132 --- [User] [nio-8081-exec-3] o.s.w.s.m.m.a.HttpEntityMethodProcessor  : Writing [{timestamp=Mon Apr 13 22:34:14 CET 2026, status=500, error=Internal Server Error, trace=io.jsonwebto (truncated)...]
2026-04-13T22:34:14.429+01:00 DEBUG 11132 --- [User] [nio-8081-exec-3] o.s.web.servlet.DispatcherServlet        : Exiting from "ERROR" dispatch, status 500
2026-04-13T22:34:15.651+01:00 DEBUG 11132 --- [User] [nio-8081-exec-4] o.s.security.web.FilterChainProxy        : Securing GET /api/users/students
2026-04-13T22:34:15.653+01:00 ERROR 11132 --- [User] [nio-8081-exec-4] o.a.c.c.C.[.[.[/].[dispatcherServlet]    : Servlet.service() for servlet [dispatcherServlet] in context with path [] threw exception

io.jsonwebtoken.ExpiredJwtException: JWT expired at 2026-04-13T21:28:21Z. Current time: 2026-04-13T21:34:15Z, a difference of 354653 milliseconds.  Allowed clock skew: 0 milliseconds.
	at io.jsonwebtoken.impl.DefaultJwtParser.parse(DefaultJwtParser.java:427) ~[jjwt-impl-0.11.5.jar:0.11.5]
	at io.jsonwebtoken.impl.DefaultJwtParser.parse(DefaultJwtParser.java:529) ~[jjwt-impl-0.11.5.jar:0.11.5]
	at io.jsonwebtoken.impl.DefaultJwtParser.parseClaimsJws(DefaultJwtParser.java:589) ~[jjwt-impl-0.11.5.jar:0.11.5]
	at io.jsonwebtoken.impl.ImmutableJwtParser.parseClaimsJws(ImmutableJwtParser.java:173) ~[jjwt-impl-0.11.5.jar:0.11.5]
	at tn.spring.user.Services.JwtService.extractallClaims(JwtService.java:115) ~[classes/:na]
	at tn.spring.user.Services.JwtService.extractClaim(JwtService.java:119) ~[classes/:na]
	at tn.spring.user.Services.JwtService.extractUsername(JwtService.java:35) ~[classes/:na]
	at tn.spring.user.Filters.JwtAuthenticationFilter.doFilterInternal(JwtAuthenticationFilter.java:59) ~[classes/:na]
	at org.springframework.web.filter.OncePerRequestFilter.doFilter(OncePerRequestFilter.java:116) ~[spring-web-7.0.3.jar:7.0.3]
	at org.springframework.security.web.FilterChainProxy$VirtualFilterChain.doFilter(FilterChainProxy.java:380) ~[spring-security-web-7.0.2.jar:7.0.2]
	at org.springframework.security.web.authentication.logout.LogoutFilter.doFilter(LogoutFilter.java:110) ~[spring-security-web-7.0.2.jar:7.0.2]
	at org.springframework.security.web.authentication.logout.LogoutFilter.doFilter(LogoutFilter.java:96) ~[spring-security-web-7.0.2.jar:7.0.2]
	at org.springframework.security.web.FilterChainProxy$VirtualFilterChain.doFilter(FilterChainProxy.java:380) ~[spring-security-web-7.0.2.jar:7.0.2]
	at org.springframework.security.web.header.HeaderWriterFilter.doHeadersAfter(HeaderWriterFilter.java:90) ~[spring-security-web-7.0.2.jar:7.0.2]
	at org.springframework.security.web.header.HeaderWriterFilter.doFilterInternal(HeaderWriterFilter.java:75) ~[spring-security-web-7.0.2.jar:7.0.2]
	at org.springframework.web.filter.OncePerRequestFilter.doFilter(OncePerRequestFilter.java:116) ~[spring-web-7.0.3.jar:7.0.3]
	at org.springframework.security.web.FilterChainProxy$VirtualFilterChain.doFilter(FilterChainProxy.java:380) ~[spring-security-web-7.0.2.jar:7.0.2]
	at org.springframework.security.web.context.SecurityContextHolderFilter.doFilter(SecurityContextHolderFilter.java:82) ~[spring-security-web-7.0.2.jar:7.0.2]
	at org.springframework.security.web.context.SecurityContextHolderFilter.doFilter(SecurityContextHolderFilter.java:69) ~[spring-security-web-7.0.2.jar:7.0.2]
	at org.springframework.security.web.FilterChainProxy$VirtualFilterChain.doFilter(FilterChainProxy.java:380) ~[spring-security-web-7.0.2.jar:7.0.2]
	at org.springframework.security.web.context.request.async.WebAsyncManagerIntegrationFilter.doFilterInternal(WebAsyncManagerIntegrationFilter.java:62) ~[spring-security-web-7.0.2.jar:7.0.2]
	at org.springframework.web.filter.OncePerRequestFilter.doFilter(OncePerRequestFilter.java:116) ~[spring-web-7.0.3.jar:7.0.3]
	at org.springframework.security.web.FilterChainProxy$VirtualFilterChain.doFilter(FilterChainProxy.java:380) ~[spring-security-web-7.0.2.jar:7.0.2]
	at org.springframework.security.web.session.DisableEncodeUrlFilter.doFilterInternal(DisableEncodeUrlFilter.java:42) ~[spring-security-web-7.0.2.jar:7.0.2]
	at org.springframework.web.filter.OncePerRequestFilter.doFilter(OncePerRequestFilter.java:116) ~[spring-web-7.0.3.jar:7.0.3]
	at org.springframework.security.web.FilterChainProxy$VirtualFilterChain.doFilter(FilterChainProxy.java:380) ~[spring-security-web-7.0.2.jar:7.0.2]
	at org.springframework.security.web.FilterChainProxy.doFilterInternal(FilterChainProxy.java:237) ~[spring-security-web-7.0.2.jar:7.0.2]
	at org.springframework.security.web.FilterChainProxy.doFilter(FilterChainProxy.java:195) ~[spring-security-web-7.0.2.jar:7.0.2]
	at org.springframework.web.filter.CompositeFilter$VirtualFilterChain.doFilter(CompositeFilter.java:113) ~[spring-web-7.0.3.jar:7.0.3]
	at org.springframework.web.filter.ServletRequestPathFilter.doFilter(ServletRequestPathFilter.java:52) ~[spring-web-7.0.3.jar:7.0.3]
	at org.springframework.web.filter.CompositeFilter$VirtualFilterChain.doFilter(CompositeFilter.java:113) ~[spring-web-7.0.3.jar:7.0.3]
	at org.springframework.web.filter.CompositeFilter.doFilter(CompositeFilter.java:74) ~[spring-web-7.0.3.jar:7.0.3]
	at org.springframework.security.config.annotation.web.configuration.WebSecurityConfiguration$CompositeFilterChainProxy.doFilter(WebSecurityConfiguration.java:317) ~[spring-security-config-7.0.2.jar:7.0.2]
	at org.springframework.web.filter.DelegatingFilterProxy.invokeDelegate(DelegatingFilterProxy.java:355) ~[spring-web-7.0.3.jar:7.0.3]
	at org.springframework.web.filter.DelegatingFilterProxy.doFilter(DelegatingFilterProxy.java:272) ~[spring-web-7.0.3.jar:7.0.3]
	at org.apache.catalina.core.ApplicationFilterChain.doFilter(ApplicationFilterChain.java:107) ~[tomcat-embed-core-11.0.15.jar:11.0.15]
	at org.springframework.web.filter.RequestContextFilter.doFilterInternal(RequestContextFilter.java:100) ~[spring-web-7.0.3.jar:7.0.3]
	at org.springframework.web.filter.OncePerRequestFilter.doFilter(OncePerRequestFilter.java:116) ~[spring-web-7.0.3.jar:7.0.3]
	at org.apache.catalina.core.ApplicationFilterChain.doFilter(ApplicationFilterChain.java:107) ~[tomcat-embed-core-11.0.15.jar:11.0.15]
	at org.springframework.web.filter.FormContentFilter.doFilterInternal(FormContentFilter.java:93) ~[spring-web-7.0.3.jar:7.0.3]
	at org.springframework.web.filter.OncePerRequestFilter.doFilter(OncePerRequestFilter.java:116) ~[spring-web-7.0.3.jar:7.0.3]
	at org.apache.catalina.core.ApplicationFilterChain.doFilter(ApplicationFilterChain.java:107) ~[tomcat-embed-core-11.0.15.jar:11.0.15]
	at org.springframework.web.filter.CharacterEncodingFilter.doFilterInternal(CharacterEncodingFilter.java:199) ~[spring-web-7.0.3.jar:7.0.3]
	at org.springframework.web.filter.OncePerRequestFilter.doFilter(OncePerRequestFilter.java:116) ~[spring-web-7.0.3.jar:7.0.3]
	at org.apache.catalina.core.ApplicationFilterChain.doFilter(ApplicationFilterChain.java:107) ~[tomcat-embed-core-11.0.15.jar:11.0.15]
	at org.apache.catalina.core.StandardWrapperValve.invoke(StandardWrapperValve.java:165) ~[tomcat-embed-core-11.0.15.jar:11.0.15]
	at org.apache.catalina.core.StandardContextValve.invoke(StandardContextValve.java:77) ~[tomcat-embed-core-11.0.15.jar:11.0.15]
	at org.apache.catalina.authenticator.AuthenticatorBase.invoke(AuthenticatorBase.java:482) ~[tomcat-embed-core-11.0.15.jar:11.0.15]
	at org.apache.catalina.core.StandardHostValve.invoke(StandardHostValve.java:113) ~[tomcat-embed-core-11.0.15.jar:11.0.15]
	at org.apache.catalina.valves.ErrorReportValve.invoke(ErrorReportValve.java:83) ~[tomcat-embed-core-11.0.15.jar:11.0.15]
	at org.apache.catalina.core.StandardEngineValve.invoke(StandardEngineValve.java:72) ~[tomcat-embed-core-11.0.15.jar:11.0.15]
	at org.apache.catalina.connector.CoyoteAdapter.service(CoyoteAdapter.java:341) ~[tomcat-embed-core-11.0.15.jar:11.0.15]
	at org.apache.coyote.http11.Http11Processor.service(Http11Processor.java:397) ~[tomcat-embed-core-11.0.15.jar:11.0.15]
	at org.apache.coyote.AbstractProcessorLight.process(AbstractProcessorLight.java:63) ~[tomcat-embed-core-11.0.15.jar:11.0.15]
	at org.apache.coyote.AbstractProtocol$ConnectionHandler.process(AbstractProtocol.java:903) ~[tomcat-embed-core-11.0.15.jar:11.0.15]
	at org.apache.tomcat.util.net.NioEndpoint$SocketProcessor.doRun(NioEndpoint.java:1778) ~[tomcat-embed-core-11.0.15.jar:11.0.15]
	at org.apache.tomcat.util.net.SocketProcessorBase.run(SocketProcessorBase.java:52) ~[tomcat-embed-core-11.0.15.jar:11.0.15]
	at org.apache.tomcat.util.threads.ThreadPoolExecutor.runWorker(ThreadPoolExecutor.java:946) ~[tomcat-embed-core-11.0.15.jar:11.0.15]
	at org.apache.tomcat.util.threads.ThreadPoolExecutor$Worker.run(ThreadPoolExecutor.java:480) ~[tomcat-embed-core-11.0.15.jar:11.0.15]
	at org.apache.tomcat.util.threads.TaskThread$WrappingRunnable.run(TaskThread.java:57) ~[tomcat-embed-core-11.0.15.jar:11.0.15]
	at java.base/java.lang.Thread.run(Thread.java:842) ~[na:na]

2026-04-13T22:34:15.654+01:00 DEBUG 11132 --- [User] [nio-8081-exec-4] o.s.security.web.FilterChainProxy        : Securing GET /error
2026-04-13T22:34:15.654+01:00 DEBUG 11132 --- [User] [nio-8081-exec-4] o.s.s.w.a.AnonymousAuthenticationFilter  : Set SecurityContextHolder to anonymous SecurityContext
2026-04-13T22:34:15.654+01:00 DEBUG 11132 --- [User] [nio-8081-exec-4] o.s.security.web.FilterChainProxy        : Secured GET /error
2026-04-13T22:34:15.654+01:00 DEBUG 11132 --- [User] [nio-8081-exec-4] o.s.web.servlet.DispatcherServlet        : "ERROR" dispatch for GET "/error", parameters={}
2026-04-13T22:34:15.654+01:00 DEBUG 11132 --- [User] [nio-8081-exec-4] s.w.s.m.m.a.RequestMappingHandlerMapping : Mapped to org.springframework.boot.webmvc.autoconfigure.error.BasicErrorController#error(HttpServletRequest)
2026-04-13T22:34:15.655+01:00 DEBUG 11132 --- [User] [nio-8081-exec-4] o.s.w.s.m.m.a.HttpEntityMethodProcessor  : Using 'application/json', given [application/json, text/plain, */*] and supported [application/json, application/*+json]
2026-04-13T22:34:15.655+01:00 DEBUG 11132 --- [User] [nio-8081-exec-4] o.s.w.s.m.m.a.HttpEntityMethodProcessor  : Writing [{timestamp=Mon Apr 13 22:34:15 CET 2026, status=500, error=Internal Server Error, trace=io.jsonwebto (truncated)...]
2026-04-13T22:34:15.656+01:00 DEBUG 11132 --- [User] [nio-8081-exec-4] o.s.web.servlet.DispatcherServlet        : Exiting from "ERROR" dispatch, status 500
2026-04-13T22:34:17.067+01:00  INFO 11132 --- [User] [rap-executor-%d] c.n.d.s.r.aws.ConfigClusterResolver      : Resolving eureka endpoints via configuration
2026-04-13T22:34:18.186+01:00 DEBUG 11132 --- [User] [reshExecutor-%d] o.s.web.client.DefaultRestClient         : Reading to [com.netflix.discovery.shared.Applications]
2026-04-13T22:34:48.220+01:00 DEBUG 11132 --- [User] [reshExecutor-%d] o.s.web.client.DefaultRestClient         : Reading to [com.netflix.discovery.shared.Applications]
2026-04-13T22:35:18.247+01:00 DEBUG 11132 --- [User] [reshExecutor-%d] o.s.web.client.DefaultRestClient         : Reading to [com.netflix.discovery.shared.Applications]
2026-04-13T22:35:48.269+01:00 DEBUG 11132 --- [User] [reshExecutor-%d] o.s.web.client.DefaultRestClient         : Reading to [com.netflix.discovery.shared.Applications]
2026-04-13T22:36:18.288+01:00 DEBUG 11132 --- [User] [reshExecutor-%d] o.s.web.client.DefaultRestClient         : Reading to [com.netflix.discovery.shared.Applications]
2026-04-13T22:36:48.314+01:00 DEBUG 11132 --- [User] [reshExecutor-%d] o.s.web.client.DefaultRestClient         : Reading to [com.netflix.discovery.shared.Applications]
2026-04-13T22:37:18.340+01:00 DEBUG 11132 --- [User] [reshExecutor-%d] o.s.web.client.DefaultRestClient         : Reading to [com.netflix.discovery.shared.Applications]
2026-04-13T22:37:48.359+01:00 DEBUG 11132 --- [User] [reshExecutor-%d] o.s.web.client.DefaultRestClient         : Reading to [com.netflix.discovery.shared.Applications]
2026-04-13T22:38:18.382+01:00 DEBUG 11132 --- [User] [reshExecutor-%d] o.s.web.client.DefaultRestClient         : Reading to [com.netflix.discovery.shared.Applications]
2026-04-13T22:38:23.280+01:00 DEBUG 11132 --- [User] [nio-8081-exec-5] o.s.security.web.FilterChainProxy        : Securing POST /api/auth/login
2026-04-13T22:38:23.280+01:00 DEBUG 11132 --- [User] [nio-8081-exec-5] o.s.s.w.a.AnonymousAuthenticationFilter  : Set SecurityContextHolder to anonymous SecurityContext
2026-04-13T22:38:23.280+01:00 DEBUG 11132 --- [User] [nio-8081-exec-5] o.s.security.web.FilterChainProxy        : Secured POST /api/auth/login
2026-04-13T22:38:23.280+01:00 DEBUG 11132 --- [User] [nio-8081-exec-5] o.s.web.servlet.DispatcherServlet        : POST "/api/auth/login", parameters={}
2026-04-13T22:38:23.281+01:00 DEBUG 11132 --- [User] [nio-8081-exec-5] s.w.s.m.m.a.RequestMappingHandlerMapping : Mapped to tn.spring.user.Controllers.AuthController#login(AuthenticationRequest, HttpServletResponse, HttpServletRequest)
2026-04-13T22:38:23.282+01:00 DEBUG 11132 --- [User] [nio-8081-exec-5] m.m.a.RequestResponseBodyMethodProcessor : Read "application/json;charset=UTF-8" to [AuthenticationRequest(rememberMe=false, login=TU1@gmail.com, password=NOUR0000)]
2026-04-13T22:38:23.357+01:00 DEBUG 11132 --- [User] [nio-8081-exec-5] o.s.s.a.dao.DaoAuthenticationProvider    : Authenticated user
2026-04-13T22:38:23.359+01:00 DEBUG 11132 --- [User] [nio-8081-exec-5] o.s.w.s.m.m.a.HttpEntityMethodProcessor  : Using 'application/json', given [application/json, text/plain, */*] and supported [application/json, application/*+json]
2026-04-13T22:38:23.359+01:00 DEBUG 11132 --- [User] [nio-8081-exec-5] o.s.w.s.m.m.a.HttpEntityMethodProcessor  : Writing [AuthenticationResponse(token=eyJhbGciOiJIUzI1NiJ9.eyJyb2xlIjoiVFVUT1IiLCJzdWIiOiJUVTFAZ21haWwuY29tIi (truncated)...]
2026-04-13T22:38:23.361+01:00 DEBUG 11132 --- [User] [nio-8081-exec-5] o.s.web.servlet.DispatcherServlet        : Completed 200 OK
2026-04-13T22:38:23.384+01:00 DEBUG 11132 --- [User] [nio-8081-exec-6] o.s.security.web.FilterChainProxy        : Securing GET /api/users/students
2026-04-13T22:38:23.421+01:00 DEBUG 11132 --- [User] [nio-8081-exec-6] o.s.security.web.FilterChainProxy        : Secured GET /api/users/students
2026-04-13T22:38:23.421+01:00 DEBUG 11132 --- [User] [nio-8081-exec-6] o.s.web.servlet.DispatcherServlet        : GET "/api/users/students", parameters={}
2026-04-13T22:38:23.421+01:00 DEBUG 11132 --- [User] [nio-8081-exec-6] s.w.s.m.m.a.RequestMappingHandlerMapping : Mapped to tn.spring.user.Controllers.UserController#getAllstudents()
2026-04-13T22:38:23.423+01:00 DEBUG 11132 --- [User] [nio-8081-exec-6] horizationManagerBeforeMethodInterceptor : Authorizing method invocation ReflectiveMethodInvocation: public org.springframework.http.ResponseEntity tn.spring.user.Controllers.UserController.getAllstudents(); target is of class [tn.spring.user.Controllers.UserController]
2026-04-13T22:38:23.451+01:00 DEBUG 11132 --- [User] [nio-8081-exec-6] horizationManagerBeforeMethodInterceptor : Authorized method invocation ReflectiveMethodInvocation: public org.springframework.http.ResponseEntity tn.spring.user.Controllers.UserController.getAllstudents(); target is of class [tn.spring.user.Controllers.UserController]
2026-04-13T22:38:23.486+01:00 DEBUG 11132 --- [User] [nio-8081-exec-6] o.s.w.s.m.m.a.HttpEntityMethodProcessor  : Using 'application/json', given [application/json, text/plain, */*] and supported [application/json, application/*+json]
2026-04-13T22:38:23.486+01:00 DEBUG 11132 --- [User] [nio-8081-exec-6] o.s.w.s.m.m.a.HttpEntityMethodProcessor  : Writing [[Student(englishLevel=A1, learningGoal=General, dailyGoalMinutes=0), Student(englishLevel=A1, learni (truncated)...]
2026-04-13T22:38:23.497+01:00 DEBUG 11132 --- [User] [nio-8081-exec-6] o.s.web.servlet.DispatcherServlet        : Completed 200 OK
2026-04-13T22:38:48.417+01:00 DEBUG 11132 --- [User] [reshExecutor-%d] o.s.web.client.DefaultRestClient         : Reading to [com.netflix.discovery.shared.Applications]
2026-04-13T22:39:17.072+01:00  INFO 11132 --- [User] [rap-executor-%d] c.n.d.s.r.aws.ConfigClusterResolver      : Resolving eureka endpoints via configuration
2026-04-13T22:39:18.439+01:00 DEBUG 11132 --- [User] [reshExecutor-%d] o.s.web.client.DefaultRestClient         : Reading to [com.netflix.discovery.shared.Applications]
2026-04-13T22:39:48.471+01:00 DEBUG 11132 --- [User] [reshExecutor-%d] o.s.web.client.DefaultRestClient         : Reading to [com.netflix.discovery.shared.Applications]
2026-04-13T22:39:56.698+01:00 DEBUG 11132 --- [User] [nio-8081-exec-8] o.s.security.web.FilterChainProxy        : Securing GET /api/users/students
2026-04-13T22:39:56.709+01:00 DEBUG 11132 --- [User] [nio-8081-exec-8] o.s.security.web.FilterChainProxy        : Secured GET /api/users/students
2026-04-13T22:39:56.709+01:00 DEBUG 11132 --- [User] [nio-8081-exec-8] o.s.web.servlet.DispatcherServlet        : GET "/api/users/students", parameters={}
2026-04-13T22:39:56.710+01:00 DEBUG 11132 --- [User] [nio-8081-exec-8] s.w.s.m.m.a.RequestMappingHandlerMapping : Mapped to tn.spring.user.Controllers.UserController#getAllstudents()
2026-04-13T22:39:56.710+01:00 DEBUG 11132 --- [User] [nio-8081-exec-8] horizationManagerBeforeMethodInterceptor : Authorizing method invocation ReflectiveMethodInvocation: public org.springframework.http.ResponseEntity tn.spring.user.Controllers.UserController.getAllstudents(); target is of class [tn.spring.user.Controllers.UserController]
2026-04-13T22:39:56.711+01:00 DEBUG 11132 --- [User] [nio-8081-exec-8] horizationManagerBeforeMethodInterceptor : Authorized method invocation ReflectiveMethodInvocation: public org.springframework.http.ResponseEntity tn.spring.user.Controllers.UserController.getAllstudents(); target is of class [tn.spring.user.Controllers.UserController]
2026-04-13T22:39:56.716+01:00 DEBUG 11132 --- [User] [nio-8081-exec-8] o.s.w.s.m.m.a.HttpEntityMethodProcessor  : Using 'application/json', given [application/json, text/plain, */*] and supported [application/json, application/*+json]
2026-04-13T22:39:56.716+01:00 DEBUG 11132 --- [User] [nio-8081-exec-8] o.s.w.s.m.m.a.HttpEntityMethodProcessor  : Writing [[Student(englishLevel=A1, learningGoal=General, dailyGoalMinutes=0), Student(englishLevel=A1, learni (truncated)...]
2026-04-13T22:39:56.717+01:00 DEBUG 11132 --- [User] [nio-8081-exec-8] o.s.web.servlet.DispatcherServlet        : Completed 200 OK
2026-04-13T22:40:17.473+01:00 DEBUG 11132 --- [User] [nio-8081-exec-9] o.s.security.web.FilterChainProxy        : Securing POST /api/auth/login
2026-04-13T22:40:17.473+01:00 DEBUG 11132 --- [User] [nio-8081-exec-9] o.s.s.w.a.AnonymousAuthenticationFilter  : Set SecurityContextHolder to anonymous SecurityContext
2026-04-13T22:40:17.473+01:00 DEBUG 11132 --- [User] [nio-8081-exec-9] o.s.security.web.FilterChainProxy        : Secured POST /api/auth/login
2026-04-13T22:40:17.473+01:00 DEBUG 11132 --- [User] [nio-8081-exec-9] o.s.web.servlet.DispatcherServlet        : POST "/api/auth/login", parameters={}
2026-04-13T22:40:17.473+01:00 DEBUG 11132 --- [User] [nio-8081-exec-9] s.w.s.m.m.a.RequestMappingHandlerMapping : Mapped to tn.spring.user.Controllers.AuthController#login(AuthenticationRequest, HttpServletResponse, HttpServletRequest)
2026-04-13T22:40:17.474+01:00 DEBUG 11132 --- [User] [nio-8081-exec-9] m.m.a.RequestResponseBodyMethodProcessor : Read "application/json;charset=UTF-8" to [AuthenticationRequest(rememberMe=false, login=nour200sassi@gmail.com, password=nour123)]
2026-04-13T22:40:17.550+01:00 DEBUG 11132 --- [User] [nio-8081-exec-9] o.s.s.a.dao.DaoAuthenticationProvider    : Authenticated user
2026-04-13T22:40:17.551+01:00 DEBUG 11132 --- [User] [nio-8081-exec-9] o.s.w.s.m.m.a.HttpEntityMethodProcessor  : Using 'application/json', given [application/json, text/plain, */*] and supported [application/json, application/*+json]
2026-04-13T22:40:17.551+01:00 DEBUG 11132 --- [User] [nio-8081-exec-9] o.s.w.s.m.m.a.HttpEntityMethodProcessor  : Writing [AuthenticationResponse(token=eyJhbGciOiJIUzI1NiJ9.eyJyb2xlIjoiU1RVREVOVCIsInN1YiI6Im5vdXIyMDBzYXNzaU (truncated)...]
2026-04-13T22:40:17.552+01:00 DEBUG 11132 --- [User] [nio-8081-exec-9] o.s.web.servlet.DispatcherServlet        : Completed 200 OK
2026-04-13T22:40:18.490+01:00 DEBUG 11132 --- [User] [reshExecutor-%d] o.s.web.client.DefaultRestClient         : Reading to [com.netflix.discovery.shared.Applications]
2026-04-13T22:40:48.089+01:00 DEBUG 11132 --- [User] [io-8081-exec-10] o.s.security.web.FilterChainProxy        : Securing POST /api/auth/login
2026-04-13T22:40:48.089+01:00 DEBUG 11132 --- [User] [io-8081-exec-10] o.s.s.w.a.AnonymousAuthenticationFilter  : Set SecurityContextHolder to anonymous SecurityContext
2026-04-13T22:40:48.089+01:00 DEBUG 11132 --- [User] [io-8081-exec-10] o.s.security.web.FilterChainProxy        : Secured POST /api/auth/login
2026-04-13T22:40:48.090+01:00 DEBUG 11132 --- [User] [io-8081-exec-10] o.s.web.servlet.DispatcherServlet        : POST "/api/auth/login", parameters={}
2026-04-13T22:40:48.090+01:00 DEBUG 11132 --- [User] [io-8081-exec-10] s.w.s.m.m.a.RequestMappingHandlerMapping : Mapped to tn.spring.user.Controllers.AuthController#login(AuthenticationRequest, HttpServletResponse, HttpServletRequest)
2026-04-13T22:40:48.091+01:00 DEBUG 11132 --- [User] [io-8081-exec-10] m.m.a.RequestResponseBodyMethodProcessor : Read "application/json;charset=UTF-8" to [AuthenticationRequest(rememberMe=false, login=stud@gmail.com, password=NOUR0000)]
2026-04-13T22:40:48.165+01:00 DEBUG 11132 --- [User] [io-8081-exec-10] o.s.s.a.dao.DaoAuthenticationProvider    : Authenticated user
2026-04-13T22:40:48.167+01:00 DEBUG 11132 --- [User] [io-8081-exec-10] o.s.w.s.m.m.a.HttpEntityMethodProcessor  : Using 'application/json', given [application/json, text/plain, */*] and supported [application/json, application/*+json]
2026-04-13T22:40:48.168+01:00 DEBUG 11132 --- [User] [io-8081-exec-10] o.s.w.s.m.m.a.HttpEntityMethodProcessor  : Writing [AuthenticationResponse(token=eyJhbGciOiJIUzI1NiJ9.eyJyb2xlIjoiU1RVREVOVCIsInN1YiI6InN0dWRAZ21haWwuY2 (truncated)...]
2026-04-13T22:40:48.169+01:00 DEBUG 11132 --- [User] [io-8081-exec-10] o.s.web.servlet.DispatcherServlet        : Completed 200 OK
2026-04-13T22:40:48.508+01:00 DEBUG 11132 --- [User] [reshExecutor-%d] o.s.web.client.DefaultRestClient         : Reading to [com.netflix.discovery.shared.Applications]
2026-04-13T22:41:18.533+01:00 DEBUG 11132 --- [User] [reshExecutor-%d] o.s.web.client.DefaultRestClient         : Reading to [com.netflix.discovery.shared.Applications]
2026-04-13T22:41:48.554+01:00 DEBUG 11132 --- [User] [reshExecutor-%d] o.s.web.client.DefaultRestClient         : Reading to [com.netflix.discovery.shared.Applications]
2026-04-13T22:42:18.573+01:00 DEBUG 11132 --- [User] [reshExecutor-%d] o.s.web.client.DefaultRestClient         : Reading to [com.netflix.discovery.shared.Applications]
2026-04-13T22:42:48.601+01:00 DEBUG 11132 --- [User] [reshExecutor-%d] o.s.web.client.DefaultRestClient         : Reading to [com.netflix.discovery.shared.Applications]
2026-04-13T22:43:18.628+01:00 DEBUG 11132 --- [User] [reshExecutor-%d] o.s.web.client.DefaultRestClient         : Reading to [com.netflix.discovery.shared.Applications]
2026-04-13T22:43:48.657+01:00 DEBUG 11132 --- [User] [reshExecutor-%d] o.s.web.client.DefaultRestClient         : Reading to [com.netflix.discovery.shared.Applications]
2026-04-13T22:44:17.086+01:00  INFO 11132 --- [User] [rap-executor-%d] c.n.d.s.r.aws.ConfigClusterResolver      : Resolving eureka endpoints via configuration
2026-04-13T22:44:18.678+01:00 DEBUG 11132 --- [User] [reshExecutor-%d] o.s.web.client.DefaultRestClient         : Reading to [com.netflix.discovery.shared.Applications]
2026-04-13T22:44:48.698+01:00 DEBUG 11132 --- [User] [reshExecutor-%d] o.s.web.client.DefaultRestClient         : Reading to [com.netflix.discovery.shared.Applications]
2026-04-13T22:45:18.729+01:00 DEBUG 11132 --- [User] [reshExecutor-%d] o.s.web.client.DefaultRestClient         : Reading to [com.netflix.discovery.shared.Applications]
2026-04-13T22:45:23.586+01:00 DEBUG 11132 --- [User] [nio-8081-exec-2] o.s.security.web.FilterChainProxy        : Securing POST /api/auth/login
2026-04-13T22:45:23.586+01:00 DEBUG 11132 --- [User] [nio-8081-exec-2] o.s.s.w.a.AnonymousAuthenticationFilter  : Set SecurityContextHolder to anonymous SecurityContext
2026-04-13T22:45:23.586+01:00 DEBUG 11132 --- [User] [nio-8081-exec-2] o.s.security.web.FilterChainProxy        : Secured POST /api/auth/login
2026-04-13T22:45:23.586+01:00 DEBUG 11132 --- [User] [nio-8081-exec-2] o.s.web.servlet.DispatcherServlet        : POST "/api/auth/login", parameters={}
2026-04-13T22:45:23.586+01:00 DEBUG 11132 --- [User] [nio-8081-exec-2] s.w.s.m.m.a.RequestMappingHandlerMapping : Mapped to tn.spring.user.Controllers.AuthController#login(AuthenticationRequest, HttpServletResponse, HttpServletRequest)
2026-04-13T22:45:23.588+01:00 DEBUG 11132 --- [User] [nio-8081-exec-2] m.m.a.RequestResponseBodyMethodProcessor : Read "application/json;charset=UTF-8" to [AuthenticationRequest(rememberMe=false, login=TU1@gmail.com, password=NOUR0000)]
2026-04-13T22:45:23.664+01:00 DEBUG 11132 --- [User] [nio-8081-exec-2] o.s.s.a.dao.DaoAuthenticationProvider    : Authenticated user
2026-04-13T22:45:23.666+01:00 DEBUG 11132 --- [User] [nio-8081-exec-2] o.s.w.s.m.m.a.HttpEntityMethodProcessor  : Using 'application/json', given [application/json, text/plain, */*] and supported [application/json, application/*+json]
2026-04-13T22:45:23.666+01:00 DEBUG 11132 --- [User] [nio-8081-exec-2] o.s.w.s.m.m.a.HttpEntityMethodProcessor  : Writing [AuthenticationResponse(token=eyJhbGciOiJIUzI1NiJ9.eyJyb2xlIjoiVFVUT1IiLCJzdWIiOiJUVTFAZ21haWwuY29tIi (truncated)...]
2026-04-13T22:45:23.668+01:00 DEBUG 11132 --- [User] [nio-8081-exec-2] o.s.web.servlet.DispatcherServlet        : Completed 200 OK
2026-04-13T22:45:23.689+01:00 DEBUG 11132 --- [User] [nio-8081-exec-3] o.s.security.web.FilterChainProxy        : Securing GET /api/users/students
2026-04-13T22:45:23.699+01:00 DEBUG 11132 --- [User] [nio-8081-exec-3] o.s.security.web.FilterChainProxy        : Secured GET /api/users/students
2026-04-13T22:45:23.699+01:00 DEBUG 11132 --- [User] [nio-8081-exec-3] o.s.web.servlet.DispatcherServlet        : GET "/api/users/students", parameters={}
2026-04-13T22:45:23.700+01:00 DEBUG 11132 --- [User] [nio-8081-exec-3] s.w.s.m.m.a.RequestMappingHandlerMapping : Mapped to tn.spring.user.Controllers.UserController#getAllstudents()
2026-04-13T22:45:23.700+01:00 DEBUG 11132 --- [User] [nio-8081-exec-3] horizationManagerBeforeMethodInterceptor : Authorizing method invocation ReflectiveMethodInvocation: public org.springframework.http.ResponseEntity tn.spring.user.Controllers.UserController.getAllstudents(); target is of class [tn.spring.user.Controllers.UserController]
2026-04-13T22:45:23.701+01:00 DEBUG 11132 --- [User] [nio-8081-exec-3] horizationManagerBeforeMethodInterceptor : Authorized method invocation ReflectiveMethodInvocation: public org.springframework.http.ResponseEntity tn.spring.user.Controllers.UserController.getAllstudents(); target is of class [tn.spring.user.Controllers.UserController]
2026-04-13T22:45:23.705+01:00 DEBUG 11132 --- [User] [nio-8081-exec-3] o.s.w.s.m.m.a.HttpEntityMethodProcessor  : Using 'application/json', given [application/json, text/plain, */*] and supported [application/json, application/*+json]
2026-04-13T22:45:23.705+01:00 DEBUG 11132 --- [User] [nio-8081-exec-3] o.s.w.s.m.m.a.HttpEntityMethodProcessor  : Writing [[Student(englishLevel=A1, learningGoal=General, dailyGoalMinutes=0), Student(englishLevel=A1, learni (truncated)...]
2026-04-13T22:45:23.706+01:00 DEBUG 11132 --- [User] [nio-8081-exec-3] o.s.web.servlet.DispatcherServlet        : Completed 200 OK
2026-04-13T22:45:48.757+01:00 DEBUG 11132 --- [User] [reshExecutor-%d] o.s.web.client.DefaultRestClient         : Reading to [com.netflix.discovery.shared.Applications]
2026-04-13T22:46:18.786+01:00 DEBUG 11132 --- [User] [reshExecutor-%d] o.s.web.client.DefaultRestClient         : Reading to [com.netflix.discovery.shared.Applications]
2026-04-13T22:46:48.815+01:00 DEBUG 11132 --- [User] [reshExecutor-%d] o.s.web.client.DefaultRestClient         : Reading to [com.netflix.discovery.shared.Applications]
2026-04-13T22:47:18.840+01:00 DEBUG 11132 --- [User] [reshExecutor-%d] o.s.web.client.DefaultRestClient         : Reading to [com.netflix.discovery.shared.Applications]
2026-04-13T22:47:48.870+01:00 DEBUG 11132 --- [User] [reshExecutor-%d] o.s.web.client.DefaultRestClient         : Reading to [com.netflix.discovery.shared.Applications]
2026-04-13T22:47:55.711+01:00 DEBUG 11132 --- [User] [nio-8081-exec-5] o.s.security.web.FilterChainProxy        : Securing GET /api/users/students
2026-04-13T22:47:55.719+01:00 DEBUG 11132 --- [User] [nio-8081-exec-5] o.s.security.web.FilterChainProxy        : Secured GET /api/users/students
2026-04-13T22:47:55.719+01:00 DEBUG 11132 --- [User] [nio-8081-exec-5] o.s.web.servlet.DispatcherServlet        : GET "/api/users/students", parameters={}
2026-04-13T22:47:55.719+01:00 DEBUG 11132 --- [User] [nio-8081-exec-5] s.w.s.m.m.a.RequestMappingHandlerMapping : Mapped to tn.spring.user.Controllers.UserController#getAllstudents()
2026-04-13T22:47:55.719+01:00 DEBUG 11132 --- [User] [nio-8081-exec-5] horizationManagerBeforeMethodInterceptor : Authorizing method invocation ReflectiveMethodInvocation: public org.springframework.http.ResponseEntity tn.spring.user.Controllers.UserController.getAllstudents(); target is of class [tn.spring.user.Controllers.UserController]
2026-04-13T22:47:55.719+01:00 DEBUG 11132 --- [User] [nio-8081-exec-5] horizationManagerBeforeMethodInterceptor : Authorized method invocation ReflectiveMethodInvocation: public org.springframework.http.ResponseEntity tn.spring.user.Controllers.UserController.getAllstudents(); target is of class [tn.spring.user.Controllers.UserController]
2026-04-13T22:47:55.722+01:00 DEBUG 11132 --- [User] [nio-8081-exec-5] o.s.w.s.m.m.a.HttpEntityMethodProcessor  : Using 'application/json', given [application/json, text/plain, */*] and supported [application/json, application/*+json]
2026-04-13T22:47:55.723+01:00 DEBUG 11132 --- [User] [nio-8081-exec-5] o.s.w.s.m.m.a.HttpEntityMethodProcessor  : Writing [[Student(englishLevel=A1, learningGoal=General, dailyGoalMinutes=0), Student(englishLevel=A1, learni (truncated)...]
2026-04-13T22:47:55.724+01:00 DEBUG 11132 --- [User] [nio-8081-exec-5] o.s.web.servlet.DispatcherServlet        : Completed 200 OK
2026-04-13T22:48:08.245+01:00 DEBUG 11132 --- [User] [nio-8081-exec-6] o.s.security.web.FilterChainProxy        : Securing POST /api/auth/login
2026-04-13T22:48:08.245+01:00 DEBUG 11132 --- [User] [nio-8081-exec-6] o.s.s.w.a.AnonymousAuthenticationFilter  : Set SecurityContextHolder to anonymous SecurityContext
2026-04-13T22:48:08.245+01:00 DEBUG 11132 --- [User] [nio-8081-exec-6] o.s.security.web.FilterChainProxy        : Secured POST /api/auth/login
2026-04-13T22:48:08.245+01:00 DEBUG 11132 --- [User] [nio-8081-exec-6] o.s.web.servlet.DispatcherServlet        : POST "/api/auth/login", parameters={}
2026-04-13T22:48:08.245+01:00 DEBUG 11132 --- [User] [nio-8081-exec-6] s.w.s.m.m.a.RequestMappingHandlerMapping : Mapped to tn.spring.user.Controllers.AuthController#login(AuthenticationRequest, HttpServletResponse, HttpServletRequest)
2026-04-13T22:48:08.246+01:00 DEBUG 11132 --- [User] [nio-8081-exec-6] m.m.a.RequestResponseBodyMethodProcessor : Read "application/json;charset=UTF-8" to [AuthenticationRequest(rememberMe=false, login=TU1@gmail.com, password=NOUR0000)]
2026-04-13T22:48:08.318+01:00 DEBUG 11132 --- [User] [nio-8081-exec-6] o.s.s.a.dao.DaoAuthenticationProvider    : Authenticated user
2026-04-13T22:48:08.322+01:00 DEBUG 11132 --- [User] [nio-8081-exec-6] o.s.w.s.m.m.a.HttpEntityMethodProcessor  : Using 'application/json', given [application/json, text/plain, */*] and supported [application/json, application/*+json]
2026-04-13T22:48:08.322+01:00 DEBUG 11132 --- [User] [nio-8081-exec-6] o.s.w.s.m.m.a.HttpEntityMethodProcessor  : Writing [AuthenticationResponse(token=eyJhbGciOiJIUzI1NiJ9.eyJyb2xlIjoiVFVUT1IiLCJzdWIiOiJUVTFAZ21haWwuY29tIi (truncated)...]
2026-04-13T22:48:08.323+01:00 DEBUG 11132 --- [User] [nio-8081-exec-6] o.s.web.servlet.DispatcherServlet        : Completed 200 OK
2026-04-13T22:48:08.340+01:00 DEBUG 11132 --- [User] [nio-8081-exec-7] o.s.security.web.FilterChainProxy        : Securing GET /api/users/students
2026-04-13T22:48:08.355+01:00 DEBUG 11132 --- [User] [nio-8081-exec-7] o.s.security.web.FilterChainProxy        : Secured GET /api/users/students
2026-04-13T22:48:08.355+01:00 DEBUG 11132 --- [User] [nio-8081-exec-7] o.s.web.servlet.DispatcherServlet        : GET "/api/users/students", parameters={}
2026-04-13T22:48:08.356+01:00 DEBUG 11132 --- [User] [nio-8081-exec-7] s.w.s.m.m.a.RequestMappingHandlerMapping : Mapped to tn.spring.user.Controllers.UserController#getAllstudents()
2026-04-13T22:48:08.356+01:00 DEBUG 11132 --- [User] [nio-8081-exec-7] horizationManagerBeforeMethodInterceptor : Authorizing method invocation ReflectiveMethodInvocation: public org.springframework.http.ResponseEntity tn.spring.user.Controllers.UserController.getAllstudents(); target is of class [tn.spring.user.Controllers.UserController]
2026-04-13T22:48:08.356+01:00 DEBUG 11132 --- [User] [nio-8081-exec-7] horizationManagerBeforeMethodInterceptor : Authorized method invocation ReflectiveMethodInvocation: public org.springframework.http.ResponseEntity tn.spring.user.Controllers.UserController.getAllstudents(); target is of class [tn.spring.user.Controllers.UserController]
2026-04-13T22:48:08.361+01:00 DEBUG 11132 --- [User] [nio-8081-exec-7] o.s.w.s.m.m.a.HttpEntityMethodProcessor  : Using 'application/json', given [application/json, text/plain, */*] and supported [application/json, application/*+json]
2026-04-13T22:48:08.361+01:00 DEBUG 11132 --- [User] [nio-8081-exec-7] o.s.w.s.m.m.a.HttpEntityMethodProcessor  : Writing [[Student(englishLevel=A1, learningGoal=General, dailyGoalMinutes=0), Student(englishLevel=A1, learni (truncated)...]
2026-04-13T22:48:08.362+01:00 DEBUG 11132 --- [User] [nio-8081-exec-7] o.s.web.servlet.DispatcherServlet        : Completed 200 OK
2026-04-13T22:48:17.072+01:00 DEBUG 11132 --- [User] [nio-8081-exec-8] o.s.security.web.FilterChainProxy        : Securing POST /api/auth/login
2026-04-13T22:48:17.073+01:00 DEBUG 11132 --- [User] [nio-8081-exec-8] o.s.s.w.a.AnonymousAuthenticationFilter  : Set SecurityContextHolder to anonymous SecurityContext
2026-04-13T22:48:17.073+01:00 DEBUG 11132 --- [User] [nio-8081-exec-8] o.s.security.web.FilterChainProxy        : Secured POST /api/auth/login
2026-04-13T22:48:17.073+01:00 DEBUG 11132 --- [User] [nio-8081-exec-8] o.s.web.servlet.DispatcherServlet        : POST "/api/auth/login", parameters={}
2026-04-13T22:48:17.073+01:00 DEBUG 11132 --- [User] [nio-8081-exec-8] s.w.s.m.m.a.RequestMappingHandlerMapping : Mapped to tn.spring.user.Controllers.AuthController#login(AuthenticationRequest, HttpServletResponse, HttpServletRequest)
2026-04-13T22:48:17.074+01:00 DEBUG 11132 --- [User] [nio-8081-exec-8] m.m.a.RequestResponseBodyMethodProcessor : Read "application/json;charset=UTF-8" to [AuthenticationRequest(rememberMe=false, login=stud@gmail.com, password=NOUR0000)]
2026-04-13T22:48:17.154+01:00 DEBUG 11132 --- [User] [nio-8081-exec-8] o.s.s.a.dao.DaoAuthenticationProvider    : Authenticated user
2026-04-13T22:48:17.156+01:00 DEBUG 11132 --- [User] [nio-8081-exec-8] o.s.w.s.m.m.a.HttpEntityMethodProcessor  : Using 'application/json', given [application/json, text/plain, */*] and supported [application/json, application/*+json]
2026-04-13T22:48:17.156+01:00 DEBUG 11132 --- [User] [nio-8081-exec-8] o.s.w.s.m.m.a.HttpEntityMethodProcessor  : Writing [AuthenticationResponse(token=eyJhbGciOiJIUzI1NiJ9.eyJyb2xlIjoiU1RVREVOVCIsInN1YiI6InN0dWRAZ21haWwuY2 (truncated)...]
2026-04-13T22:48:17.157+01:00 DEBUG 11132 --- [User] [nio-8081-exec-8] o.s.web.servlet.DispatcherServlet        : Completed 200 OK
2026-04-13T22:48:18.890+01:00 DEBUG 11132 --- [User] [reshExecutor-%d] o.s.web.client.DefaultRestClient         : Reading to [com.netflix.discovery.shared.Applications]
2026-04-13T22:48:48.911+01:00 DEBUG 11132 --- [User] [reshExecutor-%d] o.s.web.client.DefaultRestClient         : Reading to [com.netflix.discovery.shared.Applications]
2026-04-13T22:49:17.097+01:00  INFO 11132 --- [User] [rap-executor-%d] c.n.d.s.r.aws.ConfigClusterResolver      : Resolving eureka endpoints via configuration
2026-04-13T22:49:18.934+01:00 DEBUG 11132 --- [User] [reshExecutor-%d] o.s.web.client.DefaultRestClient         : Reading to [com.netflix.discovery.shared.Applications]
2026-04-13T22:49:21.373+01:00 DEBUG 11132 --- [User] [io-8081-exec-10] o.s.security.web.FilterChainProxy        : Securing POST /api/auth/login
2026-04-13T22:49:21.373+01:00 DEBUG 11132 --- [User] [io-8081-exec-10] o.s.s.w.a.AnonymousAuthenticationFilter  : Set SecurityContextHolder to anonymous SecurityContext
2026-04-13T22:49:21.373+01:00 DEBUG 11132 --- [User] [io-8081-exec-10] o.s.security.web.FilterChainProxy        : Secured POST /api/auth/login
2026-04-13T22:49:21.373+01:00 DEBUG 11132 --- [User] [io-8081-exec-10] o.s.web.servlet.DispatcherServlet        : POST "/api/auth/login", parameters={}
2026-04-13T22:49:21.374+01:00 DEBUG 11132 --- [User] [io-8081-exec-10] s.w.s.m.m.a.RequestMappingHandlerMapping : Mapped to tn.spring.user.Controllers.AuthController#login(AuthenticationRequest, HttpServletResponse, HttpServletRequest)
2026-04-13T22:49:21.375+01:00 DEBUG 11132 --- [User] [io-8081-exec-10] m.m.a.RequestResponseBodyMethodProcessor : Read "application/json;charset=UTF-8" to [AuthenticationRequest(rememberMe=false, login=TU1@gmail.com, password=NOUR0000)]
2026-04-13T22:49:21.452+01:00 DEBUG 11132 --- [User] [io-8081-exec-10] o.s.s.a.dao.DaoAuthenticationProvider    : Authenticated user
2026-04-13T22:49:21.454+01:00 DEBUG 11132 --- [User] [io-8081-exec-10] o.s.w.s.m.m.a.HttpEntityMethodProcessor  : Using 'application/json', given [application/json, text/plain, */*] and supported [application/json, application/*+json]
2026-04-13T22:49:21.454+01:00 DEBUG 11132 --- [User] [io-8081-exec-10] o.s.w.s.m.m.a.HttpEntityMethodProcessor  : Writing [AuthenticationResponse(token=eyJhbGciOiJIUzI1NiJ9.eyJyb2xlIjoiVFVUT1IiLCJzdWIiOiJUVTFAZ21haWwuY29tIi (truncated)...]
2026-04-13T22:49:21.456+01:00 DEBUG 11132 --- [User] [io-8081-exec-10] o.s.web.servlet.DispatcherServlet        : Completed 200 OK
2026-04-13T22:49:21.474+01:00 DEBUG 11132 --- [User] [nio-8081-exec-1] o.s.security.web.FilterChainProxy        : Securing GET /api/users/students
2026-04-13T22:49:21.481+01:00 DEBUG 11132 --- [User] [nio-8081-exec-1] o.s.security.web.FilterChainProxy        : Secured GET /api/users/students
2026-04-13T22:49:21.481+01:00 DEBUG 11132 --- [User] [nio-8081-exec-1] o.s.web.servlet.DispatcherServlet        : GET "/api/users/students", parameters={}
2026-04-13T22:49:21.481+01:00 DEBUG 11132 --- [User] [nio-8081-exec-1] s.w.s.m.m.a.RequestMappingHandlerMapping : Mapped to tn.spring.user.Controllers.UserController#getAllstudents()
2026-04-13T22:49:21.482+01:00 DEBUG 11132 --- [User] [nio-8081-exec-1] horizationManagerBeforeMethodInterceptor : Authorizing method invocation ReflectiveMethodInvocation: public org.springframework.http.ResponseEntity tn.spring.user.Controllers.UserController.getAllstudents(); target is of class [tn.spring.user.Controllers.UserController]
2026-04-13T22:49:21.482+01:00 DEBUG 11132 --- [User] [nio-8081-exec-1] horizationManagerBeforeMethodInterceptor : Authorized method invocation ReflectiveMethodInvocation: public org.springframework.http.ResponseEntity tn.spring.user.Controllers.UserController.getAllstudents(); target is of class [tn.spring.user.Controllers.UserController]
2026-04-13T22:49:21.486+01:00 DEBUG 11132 --- [User] [nio-8081-exec-1] o.s.w.s.m.m.a.HttpEntityMethodProcessor  : Using 'application/json', given [application/json, text/plain, */*] and supported [application/json, application/*+json]
2026-04-13T22:49:21.486+01:00 DEBUG 11132 --- [User] [nio-8081-exec-1] o.s.w.s.m.m.a.HttpEntityMethodProcessor  : Writing [[Student(englishLevel=A1, learningGoal=General, dailyGoalMinutes=0), Student(englishLevel=A1, learni (truncated)...]
2026-04-13T22:49:21.487+01:00 DEBUG 11132 --- [User] [nio-8081-exec-1] o.s.web.servlet.DispatcherServlet        : Completed 200 OK
2026-04-13T22:49:48.954+01:00 DEBUG 11132 --- [User] [reshExecutor-%d] o.s.web.client.DefaultRestClient         : Reading to [com.netflix.discovery.shared.Applications]
2026-04-13T22:50:18.978+01:00 DEBUG 11132 --- [User] [reshExecutor-%d] o.s.web.client.DefaultRestClient         : Reading to [com.netflix.discovery.shared.Applications]
2026-04-13T22:50:49.008+01:00 DEBUG 11132 --- [User] [reshExecutor-%d] o.s.web.client.DefaultRestClient         : Reading to [com.netflix.discovery.shared.Applications]
2026-04-13T22:51:19.025+01:00 DEBUG 11132 --- [User] [reshExecutor-%d] o.s.web.client.DefaultRestClient         : Reading to [com.netflix.discovery.shared.Applications]
2026-04-13T22:51:49.049+01:00 DEBUG 11132 --- [User] [reshExecutor-%d] o.s.web.client.DefaultRestClient         : Reading to [com.netflix.discovery.shared.Applications]
2026-04-13T22:52:19.081+01:00 DEBUG 11132 --- [User] [reshExecutor-%d] o.s.web.client.DefaultRestClient         : Reading to [com.netflix.discovery.shared.Applications]
2026-04-13T22:52:49.113+01:00 DEBUG 11132 --- [User] [reshExecutor-%d] o.s.web.client.DefaultRestClient         : Reading to [com.netflix.discovery.shared.Applications]
2026-04-13T22:53:19.139+01:00 DEBUG 11132 --- [User] [reshExecutor-%d] o.s.web.client.DefaultRestClient         : Reading to [com.netflix.discovery.shared.Applications]
2026-04-13T22:53:49.159+01:00 DEBUG 11132 --- [User] [reshExecutor-%d] o.s.web.client.DefaultRestClient         : Reading to [com.netflix.discovery.shared.Applications]
2026-04-13T22:54:17.105+01:00  INFO 11132 --- [User] [rap-executor-%d] c.n.d.s.r.aws.ConfigClusterResolver      : Resolving eureka endpoints via configuration
2026-04-13T22:54:19.188+01:00 DEBUG 11132 --- [User] [reshExecutor-%d] o.s.web.client.DefaultRestClient         : Reading to [com.netflix.discovery.shared.Applications]
2026-04-13T22:54:49.215+01:00 DEBUG 11132 --- [User] [reshExecutor-%d] o.s.web.client.DefaultRestClient         : Reading to [com.netflix.discovery.shared.Applications]
2026-04-13T22:55:19.237+01:00 DEBUG 11132 --- [User] [reshExecutor-%d] o.s.web.client.DefaultRestClient         : Reading to [com.netflix.discovery.shared.Applications]
2026-04-13T22:55:49.263+01:00 DEBUG 11132 --- [User] [reshExecutor-%d] o.s.web.client.DefaultRestClient         : Reading to [com.netflix.discovery.shared.Applications]
2026-04-13T22:56:19.287+01:00 DEBUG 11132 --- [User] [reshExecutor-%d] o.s.web.client.DefaultRestClient         : Reading to [com.netflix.discovery.shared.Applications]
2026-04-13T22:56:49.311+01:00 DEBUG 11132 --- [User] [reshExecutor-%d] o.s.web.client.DefaultRestClient         : Reading to [com.netflix.discovery.shared.Applications]
2026-04-13T22:57:19.341+01:00 DEBUG 11132 --- [User] [reshExecutor-%d] o.s.web.client.DefaultRestClient         : Reading to [com.netflix.discovery.shared.Applications]
2026-04-13T22:57:49.371+01:00 DEBUG 11132 --- [User] [reshExecutor-%d] o.s.web.client.DefaultRestClient         : Reading to [com.netflix.discovery.shared.Applications]
2026-04-13T22:58:19.389+01:00 DEBUG 11132 --- [User] [reshExecutor-%d] o.s.web.client.DefaultRestClient         : Reading to [com.netflix.discovery.shared.Applications]
2026-04-13T22:58:49.415+01:00 DEBUG 11132 --- [User] [reshExecutor-%d] o.s.web.client.DefaultRestClient         : Reading to [com.netflix.discovery.shared.Applications]
2026-04-13T22:59:17.115+01:00  INFO 11132 --- [User] [rap-executor-%d] c.n.d.s.r.aws.ConfigClusterResolver      : Resolving eureka endpoints via configuration
2026-04-13T22:59:19.447+01:00 DEBUG 11132 --- [User] [reshExecutor-%d] o.s.web.client.DefaultRestClient         : Reading to [com.netflix.discovery.shared.Applications]
2026-04-13T22:59:49.480+01:00 DEBUG 11132 --- [User] [reshExecutor-%d] o.s.web.client.DefaultRestClient         : Reading to [com.netflix.discovery.shared.Applications]
2026-04-13T23:00:19.509+01:00 DEBUG 11132 --- [User] [reshExecutor-%d] o.s.web.client.DefaultRestClient         : Reading to [com.netflix.discovery.shared.Applications]
2026-04-13T23:00:49.527+01:00 DEBUG 11132 --- [User] [reshExecutor-%d] o.s.web.client.DefaultRestClient         : Reading to [com.netflix.discovery.shared.Applications]
2026-04-13T23:01:19.561+01:00 DEBUG 11132 --- [User] [reshExecutor-%d] o.s.web.client.DefaultRestClient         : Reading to [com.netflix.discovery.shared.Applications]
2026-04-13T23:01:49.590+01:00 DEBUG 11132 --- [User] [reshExecutor-%d] o.s.web.client.DefaultRestClient         : Reading to [com.netflix.discovery.shared.Applications]
2026-04-13T23:02:19.610+01:00 DEBUG 11132 --- [User] [reshExecutor-%d] o.s.web.client.DefaultRestClient         : Reading to [com.netflix.discovery.shared.Applications]
2026-04-13T23:02:49.640+01:00 DEBUG 11132 --- [User] [reshExecutor-%d] o.s.web.client.DefaultRestClient         : Reading to [com.netflix.discovery.shared.Applications]
2026-04-13T23:03:19.659+01:00 DEBUG 11132 --- [User] [reshExecutor-%d] o.s.web.client.DefaultRestClient         : Reading to [com.netflix.discovery.shared.Applications]
2026-04-13T23:03:49.683+01:00 DEBUG 11132 --- [User] [reshExecutor-%d] o.s.web.client.DefaultRestClient         : Reading to [com.netflix.discovery.shared.Applications]
2026-04-13T23:04:17.118+01:00  INFO 11132 --- [User] [rap-executor-%d] c.n.d.s.r.aws.ConfigClusterResolver      : Resolving eureka endpoints via configuration
2026-04-13T23:04:19.715+01:00 DEBUG 11132 --- [User] [reshExecutor-%d] o.s.web.client.DefaultRestClient         : Reading to [com.netflix.discovery.shared.Applications]
2026-04-13T23:04:49.749+01:00 DEBUG 11132 --- [User] [reshExecutor-%d] o.s.web.client.DefaultRestClient         : Reading to [com.netflix.discovery.shared.Applications]
2026-04-13T23:05:19.778+01:00 DEBUG 11132 --- [User] [reshExecutor-%d] o.s.web.client.DefaultRestClient         : Reading to [com.netflix.discovery.shared.Applications]
2026-04-13T23:05:49.802+01:00 DEBUG 11132 --- [User] [reshExecutor-%d] o.s.web.client.DefaultRestClient         : Reading to [com.netflix.discovery.shared.Applications]
2026-04-13T23:06:19.822+01:00 DEBUG 11132 --- [User] [reshExecutor-%d] o.s.web.client.DefaultRestClient         : Reading to [com.netflix.discovery.shared.Applications]
2026-04-13T23:06:49.844+01:00 DEBUG 11132 --- [User] [reshExecutor-%d] o.s.web.client.DefaultRestClient         : Reading to [com.netflix.discovery.shared.Applications]
2026-04-13T23:07:19.870+01:00 DEBUG 11132 --- [User] [reshExecutor-%d] o.s.web.client.DefaultRestClient         : Reading to [com.netflix.discovery.shared.Applications]
2026-04-13T23:07:49.891+01:00 DEBUG 11132 --- [User] [reshExecutor-%d] o.s.web.client.DefaultRestClient         : Reading to [com.netflix.discovery.shared.Applications]
2026-04-13T23:08:19.918+01:00 DEBUG 11132 --- [User] [reshExecutor-%d] o.s.web.client.DefaultRestClient         : Reading to [com.netflix.discovery.shared.Applications]
2026-04-13T23:08:22.690+01:00 DEBUG 11132 --- [User] [nio-8081-exec-3] o.s.security.web.FilterChainProxy        : Securing GET /api/users/students
2026-04-13T23:08:22.704+01:00 DEBUG 11132 --- [User] [nio-8081-exec-3] o.s.security.web.FilterChainProxy        : Secured GET /api/users/students
2026-04-13T23:08:22.704+01:00 DEBUG 11132 --- [User] [nio-8081-exec-3] o.s.web.servlet.DispatcherServlet        : GET "/api/users/students", parameters={}
2026-04-13T23:08:22.704+01:00 DEBUG 11132 --- [User] [nio-8081-exec-3] s.w.s.m.m.a.RequestMappingHandlerMapping : Mapped to tn.spring.user.Controllers.UserController#getAllstudents()
2026-04-13T23:08:22.705+01:00 DEBUG 11132 --- [User] [nio-8081-exec-3] horizationManagerBeforeMethodInterceptor : Authorizing method invocation ReflectiveMethodInvocation: public org.springframework.http.ResponseEntity tn.spring.user.Controllers.UserController.getAllstudents(); target is of class [tn.spring.user.Controllers.UserController]
2026-04-13T23:08:22.706+01:00 DEBUG 11132 --- [User] [nio-8081-exec-3] horizationManagerBeforeMethodInterceptor : Authorized method invocation ReflectiveMethodInvocation: public org.springframework.http.ResponseEntity tn.spring.user.Controllers.UserController.getAllstudents(); target is of class [tn.spring.user.Controllers.UserController]
2026-04-13T23:08:22.711+01:00 DEBUG 11132 --- [User] [nio-8081-exec-3] o.s.w.s.m.m.a.HttpEntityMethodProcessor  : Using 'application/json', given [application/json, text/plain, */*] and supported [application/json, application/*+json]
2026-04-13T23:08:22.711+01:00 DEBUG 11132 --- [User] [nio-8081-exec-3] o.s.w.s.m.m.a.HttpEntityMethodProcessor  : Writing [[Student(englishLevel=A1, learningGoal=General, dailyGoalMinutes=0), Student(englishLevel=A1, learni (truncated)...]
2026-04-13T23:08:22.712+01:00 DEBUG 11132 --- [User] [nio-8081-exec-3] o.s.web.servlet.DispatcherServlet        : Completed 200 OK
2026-04-13T23:08:49.948+01:00 DEBUG 11132 --- [User] [reshExecutor-%d] o.s.web.client.DefaultRestClient         : Reading to [com.netflix.discovery.shared.Applications]
2026-04-13T23:09:17.129+01:00  INFO 11132 --- [User] [rap-executor-%d] c.n.d.s.r.aws.ConfigClusterResolver      : Resolving eureka endpoints via configuration
2026-04-13T23:09:19.976+01:00 DEBUG 11132 --- [User] [reshExecutor-%d] o.s.web.client.DefaultRestClient         : Reading to [com.netflix.discovery.shared.Applications]
2026-04-13T23:09:50.002+01:00 DEBUG 11132 --- [User] [reshExecutor-%d] o.s.web.client.DefaultRestClient         : Reading to [com.netflix.discovery.shared.Applications]
2026-04-13T23:10:20.021+01:00 DEBUG 11132 --- [User] [reshExecutor-%d] o.s.web.client.DefaultRestClient         : Reading to [com.netflix.discovery.shared.Applications]
2026-04-13T23:10:50.041+01:00 DEBUG 11132 --- [User] [reshExecutor-%d] o.s.web.client.DefaultRestClient         : Reading to [com.netflix.discovery.shared.Applications]
2026-04-13T23:11:20.062+01:00 DEBUG 11132 --- [User] [reshExecutor-%d] o.s.web.client.DefaultRestClient         : Reading to [com.netflix.discovery.shared.Applications]
2026-04-13T23:11:50.082+01:00 DEBUG 11132 --- [User] [reshExecutor-%d] o.s.web.client.DefaultRestClient         : Reading to [com.netflix.discovery.shared.Applications]
2026-04-13T23:12:20.109+01:00 DEBUG 11132 --- [User] [reshExecutor-%d] o.s.web.client.DefaultRestClient         : Reading to [com.netflix.discovery.shared.Applications]
2026-04-13T23:12:50.129+01:00 DEBUG 11132 --- [User] [reshExecutor-%d] o.s.web.client.DefaultRestClient         : Reading to [com.netflix.discovery.shared.Applications]
2026-04-13T23:13:20.148+01:00 DEBUG 11132 --- [User] [reshExecutor-%d] o.s.web.client.DefaultRestClient         : Reading to [com.netflix.discovery.shared.Applications]
2026-04-13T23:13:50.174+01:00 DEBUG 11132 --- [User] [reshExecutor-%d] o.s.web.client.DefaultRestClient         : Reading to [com.netflix.discovery.shared.Applications]
2026-04-13T23:14:17.144+01:00  INFO 11132 --- [User] [rap-executor-%d] c.n.d.s.r.aws.ConfigClusterResolver      : Resolving eureka endpoints via configuration
2026-04-13T23:14:20.194+01:00 DEBUG 11132 --- [User] [reshExecutor-%d] o.s.web.client.DefaultRestClient         : Reading to [com.netflix.discovery.shared.Applications]
2026-04-13T23:14:50.214+01:00 DEBUG 11132 --- [User] [reshExecutor-%d] o.s.web.client.DefaultRestClient         : Reading to [com.netflix.discovery.shared.Applications]
2026-04-13T23:15:20.232+01:00 DEBUG 11132 --- [User] [reshExecutor-%d] o.s.web.client.DefaultRestClient         : Reading to [com.netflix.discovery.shared.Applications]
2026-04-13T23:15:50.256+01:00 DEBUG 11132 --- [User] [reshExecutor-%d] o.s.web.client.DefaultRestClient         : Reading to [com.netflix.discovery.shared.Applications]
2026-04-13T23:16:20.281+01:00 DEBUG 11132 --- [User] [reshExecutor-%d] o.s.web.client.DefaultRestClient         : Reading to [com.netflix.discovery.shared.Applications]
2026-04-13T23:16:50.304+01:00 DEBUG 11132 --- [User] [reshExecutor-%d] o.s.web.client.DefaultRestClient         : Reading to [com.netflix.discovery.shared.Applications]
2026-04-13T23:17:20.328+01:00 DEBUG 11132 --- [User] [reshExecutor-%d] o.s.web.client.DefaultRestClient         : Reading to [com.netflix.discovery.shared.Applications]
2026-04-13T23:17:50.358+01:00 DEBUG 11132 --- [User] [reshExecutor-%d] o.s.web.client.DefaultRestClient         : Reading to [com.netflix.discovery.shared.Applications]
2026-04-13T23:18:20.386+01:00 DEBUG 11132 --- [User] [reshExecutor-%d] o.s.web.client.DefaultRestClient         : Reading to [com.netflix.discovery.shared.Applications]
2026-04-13T23:18:50.404+01:00 DEBUG 11132 --- [User] [reshExecutor-%d] o.s.web.client.DefaultRestClient         : Reading to [com.netflix.discovery.shared.Applications]
2026-04-13T23:19:17.146+01:00  INFO 11132 --- [User] [rap-executor-%d] c.n.d.s.r.aws.ConfigClusterResolver      : Resolving eureka endpoints via configuration
2026-04-13T23:19:20.431+01:00 DEBUG 11132 --- [User] [reshExecutor-%d] o.s.web.client.DefaultRestClient         : Reading to [com.netflix.discovery.shared.Applications]
2026-04-13T23:19:50.461+01:00 DEBUG 11132 --- [User] [reshExecutor-%d] o.s.web.client.DefaultRestClient         : Reading to [com.netflix.discovery.shared.Applications]
2026-04-13T23:20:20.486+01:00 DEBUG 11132 --- [User] [reshExecutor-%d] o.s.web.client.DefaultRestClient         : Reading to [com.netflix.discovery.shared.Applications]
2026-04-13T23:20:50.504+01:00 DEBUG 11132 --- [User] [reshExecutor-%d] o.s.web.client.DefaultRestClient         : Reading to [com.netflix.discovery.shared.Applications]
2026-04-13T23:21:20.525+01:00 DEBUG 11132 --- [User] [reshExecutor-%d] o.s.web.client.DefaultRestClient         : Reading to [com.netflix.discovery.shared.Applications]
2026-04-13T23:21:50.549+01:00 DEBUG 11132 --- [User] [reshExecutor-%d] o.s.web.client.DefaultRestClient         : Reading to [com.netflix.discovery.shared.Applications]
2026-04-13T23:22:20.577+01:00 DEBUG 11132 --- [User] [reshExecutor-%d] o.s.web.client.DefaultRestClient         : Reading to [com.netflix.discovery.shared.Applications]
2026-04-13T23:22:50.604+01:00 DEBUG 11132 --- [User] [reshExecutor-%d] o.s.web.client.DefaultRestClient         : Reading to [com.netflix.discovery.shared.Applications]
2026-04-13T23:23:20.624+01:00 DEBUG 11132 --- [User] [reshExecutor-%d] o.s.web.client.DefaultRestClient         : Reading to [com.netflix.discovery.shared.Applications]
2026-04-13T23:23:50.652+01:00 DEBUG 11132 --- [User] [reshExecutor-%d] o.s.web.client.DefaultRestClient         : Reading to [com.netflix.discovery.shared.Applications]
2026-04-13T23:24:17.163+01:00  INFO 11132 --- [User] [rap-executor-%d] c.n.d.s.r.aws.ConfigClusterResolver      : Resolving eureka endpoints via configuration
2026-04-13T23:24:20.673+01:00 DEBUG 11132 --- [User] [reshExecutor-%d] o.s.web.client.DefaultRestClient         : Reading to [com.netflix.discovery.shared.Applications]
2026-04-13T23:24:50.704+01:00 DEBUG 11132 --- [User] [reshExecutor-%d] o.s.web.client.DefaultRestClient         : Reading to [com.netflix.discovery.shared.Applications]
2026-04-13T23:25:20.729+01:00 DEBUG 11132 --- [User] [reshExecutor-%d] o.s.web.client.DefaultRestClient         : Reading to [com.netflix.discovery.shared.Applications]
2026-04-13T23:25:50.747+01:00 DEBUG 11132 --- [User] [reshExecutor-%d] o.s.web.client.DefaultRestClient         : Reading to [com.netflix.discovery.shared.Applications]
2026-04-13T23:26:20.765+01:00 DEBUG 11132 --- [User] [reshExecutor-%d] o.s.web.client.DefaultRestClient         : Reading to [com.netflix.discovery.shared.Applications]
2026-04-13T23:26:50.794+01:00 DEBUG 11132 --- [User] [reshExecutor-%d] o.s.web.client.DefaultRestClient         : Reading to [com.netflix.discovery.shared.Applications]
2026-04-13T23:27:20.824+01:00 DEBUG 11132 --- [User] [reshExecutor-%d] o.s.web.client.DefaultRestClient         : Reading to [com.netflix.discovery.shared.Applications]
2026-04-13T23:27:50.846+01:00 DEBUG 11132 --- [User] [reshExecutor-%d] o.s.web.client.DefaultRestClient         : Reading to [com.netflix.discovery.shared.Applications]
2026-04-13T23:28:20.866+01:00 DEBUG 11132 --- [User] [reshExecutor-%d] o.s.web.client.DefaultRestClient         : Reading to [com.netflix.discovery.shared.Applications]
2026-04-13T23:28:50.887+01:00 DEBUG 11132 --- [User] [reshExecutor-%d] o.s.web.client.DefaultRestClient         : Reading to [com.netflix.discovery.shared.Applications]
2026-04-13T23:29:17.178+01:00  INFO 11132 --- [User] [rap-executor-%d] c.n.d.s.r.aws.ConfigClusterResolver      : Resolving eureka endpoints via configuration
2026-04-13T23:29:20.906+01:00 DEBUG 11132 --- [User] [reshExecutor-%d] o.s.web.client.DefaultRestClient         : Reading to [com.netflix.discovery.shared.Applications]
2026-04-13T23:29:50.933+01:00 DEBUG 11132 --- [User] [reshExecutor-%d] o.s.web.client.DefaultRestClient         : Reading to [com.netflix.discovery.shared.Applications]
2026-04-13T23:30:20.954+01:00 DEBUG 11132 --- [User] [reshExecutor-%d] o.s.web.client.DefaultRestClient         : Reading to [com.netflix.discovery.shared.Applications]
2026-04-13T23:30:50.976+01:00 DEBUG 11132 --- [User] [reshExecutor-%d] o.s.web.client.DefaultRestClient         : Reading to [com.netflix.discovery.shared.Applications]
2026-04-13T23:31:21.006+01:00 DEBUG 11132 --- [User] [reshExecutor-%d] o.s.web.client.DefaultRestClient         : Reading to [com.netflix.discovery.shared.Applications]
2026-04-13T23:31:51.034+01:00 DEBUG 11132 --- [User] [reshExecutor-%d] o.s.web.client.DefaultRestClient         : Reading to [com.netflix.discovery.shared.Applications]
2026-04-13T23:32:21.058+01:00 DEBUG 11132 --- [User] [reshExecutor-%d] o.s.web.client.DefaultRestClient         : Reading to [com.netflix.discovery.shared.Applications]
2026-04-13T23:32:51.088+01:00 DEBUG 11132 --- [User] [reshExecutor-%d] o.s.web.client.DefaultRestClient         : Reading to [com.netflix.discovery.shared.Applications]
2026-04-13T23:33:21.109+01:00 DEBUG 11132 --- [User] [reshExecutor-%d] o.s.web.client.DefaultRestClient         : Reading to [com.netflix.discovery.shared.Applications]
2026-04-13T23:33:51.138+01:00 DEBUG 11132 --- [User] [reshExecutor-%d] o.s.web.client.DefaultRestClient         : Reading to [com.netflix.discovery.shared.Applications]
2026-04-13T23:34:17.189+01:00  INFO 11132 --- [User] [rap-executor-%d] c.n.d.s.r.aws.ConfigClusterResolver      : Resolving eureka endpoints via configuration
2026-04-13T23:34:21.162+01:00 DEBUG 11132 --- [User] [reshExecutor-%d] o.s.web.client.DefaultRestClient         : Reading to [com.netflix.discovery.shared.Applications]
2026-04-13T23:34:51.182+01:00 DEBUG 11132 --- [User] [reshExecutor-%d] o.s.web.client.DefaultRestClient         : Reading to [com.netflix.discovery.shared.Applications]
2026-04-13T23:35:21.200+01:00 DEBUG 11132 --- [User] [reshExecutor-%d] o.s.web.client.DefaultRestClient         : Reading to [com.netflix.discovery.shared.Applications]
2026-04-13T23:35:51.229+01:00 DEBUG 11132 --- [User] [reshExecutor-%d] o.s.web.client.DefaultRestClient         : Reading to [com.netflix.discovery.shared.Applications]
2026-04-13T23:36:21.253+01:00 DEBUG 11132 --- [User] [reshExecutor-%d] o.s.web.client.DefaultRestClient         : Reading to [com.netflix.discovery.shared.Applications]
2026-04-13T23:36:51.276+01:00 DEBUG 11132 --- [User] [reshExecutor-%d] o.s.web.client.DefaultRestClient         : Reading to [com.netflix.discovery.shared.Applications]
2026-04-13T23:37:21.306+01:00 DEBUG 11132 --- [User] [reshExecutor-%d] o.s.web.client.DefaultRestClient         : Reading to [com.netflix.discovery.shared.Applications]
2026-04-13T23:37:51.330+01:00 DEBUG 11132 --- [User] [reshExecutor-%d] o.s.web.client.DefaultRestClient         : Reading to [com.netflix.discovery.shared.Applications]
2026-04-13T23:38:21.361+01:00 DEBUG 11132 --- [User] [reshExecutor-%d] o.s.web.client.DefaultRestClient         : Reading to [com.netflix.discovery.shared.Applications]
2026-04-13T23:38:51.393+01:00 DEBUG 11132 --- [User] [reshExecutor-%d] o.s.web.client.DefaultRestClient         : Reading to [com.netflix.discovery.shared.Applications]
2026-04-13T23:39:17.197+01:00  INFO 11132 --- [User] [rap-executor-%d] c.n.d.s.r.aws.ConfigClusterResolver      : Resolving eureka endpoints via configuration
2026-04-13T23:39:21.424+01:00 DEBUG 11132 --- [User] [reshExecutor-%d] o.s.web.client.DefaultRestClient         : Reading to [com.netflix.discovery.shared.Applications]
2026-04-13T23:39:51.451+01:00 DEBUG 11132 --- [User] [reshExecutor-%d] o.s.web.client.DefaultRestClient         : Reading to [com.netflix.discovery.shared.Applications]
2026-04-13T23:40:21.474+01:00 DEBUG 11132 --- [User] [reshExecutor-%d] o.s.web.client.DefaultRestClient         : Reading to [com.netflix.discovery.shared.Applications]
2026-04-13T23:40:51.498+01:00 DEBUG 11132 --- [User] [reshExecutor-%d] o.s.web.client.DefaultRestClient         : Reading to [com.netflix.discovery.shared.Applications]
2026-04-13T23:41:21.515+01:00 DEBUG 11132 --- [User] [reshExecutor-%d] o.s.web.client.DefaultRestClient         : Reading to [com.netflix.discovery.shared.Applications]
2026-04-13T23:41:51.542+01:00 DEBUG 11132 --- [User] [reshExecutor-%d] o.s.web.client.DefaultRestClient         : Reading to [com.netflix.discovery.shared.Applications]
2026-04-13T23:42:21.574+01:00 DEBUG 11132 --- [User] [reshExecutor-%d] o.s.web.client.DefaultRestClient         : Reading to [com.netflix.discovery.shared.Applications]
2026-04-13T23:42:51.605+01:00 DEBUG 11132 --- [User] [reshExecutor-%d] o.s.web.client.DefaultRestClient         : Reading to [com.netflix.discovery.shared.Applications]
2026-04-13T23:43:21.623+01:00 DEBUG 11132 --- [User] [reshExecutor-%d] o.s.web.client.DefaultRestClient         : Reading to [com.netflix.discovery.shared.Applications]
2026-04-13T23:43:51.642+01:00 DEBUG 11132 --- [User] [reshExecutor-%d] o.s.web.client.DefaultRestClient         : Reading to [com.netflix.discovery.shared.Applications]
2026-04-13T23:44:17.198+01:00  INFO 11132 --- [User] [rap-executor-%d] c.n.d.s.r.aws.ConfigClusterResolver      : Resolving eureka endpoints via configuration
2026-04-13T23:44:21.660+01:00 DEBUG 11132 --- [User] [reshExecutor-%d] o.s.web.client.DefaultRestClient         : Reading to [com.netflix.discovery.shared.Applications]
2026-04-13T23:44:51.681+01:00 DEBUG 11132 --- [User] [reshExecutor-%d] o.s.web.client.DefaultRestClient         : Reading to [com.netflix.discovery.shared.Applications]
2026-04-13T23:45:21.698+01:00 DEBUG 11132 --- [User] [reshExecutor-%d] o.s.web.client.DefaultRestClient         : Reading to [com.netflix.discovery.shared.Applications]
2026-04-13T23:45:51.726+01:00 DEBUG 11132 --- [User] [reshExecutor-%d] o.s.web.client.DefaultRestClient         : Reading to [com.netflix.discovery.shared.Applications]
2026-04-13T23:46:21.757+01:00 DEBUG 11132 --- [User] [reshExecutor-%d] o.s.web.client.DefaultRestClient         : Reading to [com.netflix.discovery.shared.Applications]
2026-04-13T23:46:51.779+01:00 DEBUG 11132 --- [User] [reshExecutor-%d] o.s.web.client.DefaultRestClient         : Reading to [com.netflix.discovery.shared.Applications]
2026-04-13T23:47:21.804+01:00 DEBUG 11132 --- [User] [reshExecutor-%d] o.s.web.client.DefaultRestClient         : Reading to [com.netflix.discovery.shared.Applications]
2026-04-13T23:47:51.828+01:00 DEBUG 11132 --- [User] [reshExecutor-%d] o.s.web.client.DefaultRestClient         : Reading to [com.netflix.discovery.shared.Applications]
2026-04-13T23:48:21.839+01:00 DEBUG 11132 --- [User] [reshExecutor-%d] o.s.web.client.DefaultRestClient         : Reading to [com.netflix.discovery.shared.Applications]
2026-04-13T23:48:51.870+01:00 DEBUG 11132 --- [User] [reshExecutor-%d] o.s.web.client.DefaultRestClient         : Reading to [com.netflix.discovery.shared.Applications]
2026-04-13T23:49:17.204+01:00  INFO 11132 --- [User] [rap-executor-%d] c.n.d.s.r.aws.ConfigClusterResolver      : Resolving eureka endpoints via configuration
2026-04-13T23:49:21.894+01:00 DEBUG 11132 --- [User] [reshExecutor-%d] o.s.web.client.DefaultRestClient         : Reading to [com.netflix.discovery.shared.Applications]
2026-04-13T23:49:51.923+01:00 DEBUG 11132 --- [User] [reshExecutor-%d] o.s.web.client.DefaultRestClient         : Reading to [com.netflix.discovery.shared.Applications]
2026-04-13T23:50:21.942+01:00 DEBUG 11132 --- [User] [reshExecutor-%d] o.s.web.client.DefaultRestClient         : Reading to [com.netflix.discovery.shared.Applications]
2026-04-13T23:50:51.974+01:00 DEBUG 11132 --- [User] [reshExecutor-%d] o.s.web.client.DefaultRestClient         : Reading to [com.netflix.discovery.shared.Applications]
2026-04-13T23:51:22.002+01:00 DEBUG 11132 --- [User] [reshExecutor-%d] o.s.web.client.DefaultRestClient         : Reading to [com.netflix.discovery.shared.Applications]
2026-04-13T23:51:52.029+01:00 DEBUG 11132 --- [User] [reshExecutor-%d] o.s.web.client.DefaultRestClient         : Reading to [com.netflix.discovery.shared.Applications]
2026-04-13T23:52:22.059+01:00 DEBUG 11132 --- [User] [reshExecutor-%d] o.s.web.client.DefaultRestClient         : Reading to [com.netflix.discovery.shared.Applications]
2026-04-13T23:52:52.090+01:00 DEBUG 11132 --- [User] [reshExecutor-%d] o.s.web.client.DefaultRestClient         : Reading to [com.netflix.discovery.shared.Applications]
2026-04-13T23:53:22.119+01:00 DEBUG 11132 --- [User] [reshExecutor-%d] o.s.web.client.DefaultRestClient         : Reading to [com.netflix.discovery.shared.Applications]
2026-04-13T23:53:52.142+01:00 DEBUG 11132 --- [User] [reshExecutor-%d] o.s.web.client.DefaultRestClient         : Reading to [com.netflix.discovery.shared.Applications]
2026-04-13T23:54:17.216+01:00  INFO 11132 --- [User] [rap-executor-%d] c.n.d.s.r.aws.ConfigClusterResolver      : Resolving eureka endpoints via configuration
2026-04-13T23:54:22.169+01:00 DEBUG 11132 --- [User] [reshExecutor-%d] o.s.web.client.DefaultRestClient         : Reading to [com.netflix.discovery.shared.Applications]
2026-04-13T23:54:52.201+01:00 DEBUG 11132 --- [User] [reshExecutor-%d] o.s.web.client.DefaultRestClient         : Reading to [com.netflix.discovery.shared.Applications]
2026-04-13T23:55:22.230+01:00 DEBUG 11132 --- [User] [reshExecutor-%d] o.s.web.client.DefaultRestClient         : Reading to [com.netflix.discovery.shared.Applications]
2026-04-13T23:55:52.261+01:00 DEBUG 11132 --- [User] [reshExecutor-%d] o.s.web.client.DefaultRestClient         : Reading to [com.netflix.discovery.shared.Applications]
2026-04-13T23:56:22.285+01:00 DEBUG 11132 --- [User] [reshExecutor-%d] o.s.web.client.DefaultRestClient         : Reading to [com.netflix.discovery.shared.Applications]
2026-04-13T23:56:52.306+01:00 DEBUG 11132 --- [User] [reshExecutor-%d] o.s.web.client.DefaultRestClient         : Reading to [com.netflix.discovery.shared.Applications]
2026-04-13T23:57:22.332+01:00 DEBUG 11132 --- [User] [reshExecutor-%d] o.s.web.client.DefaultRestClient         : Reading to [com.netflix.discovery.shared.Applications]
2026-04-13T23:57:52.352+01:00 DEBUG 11132 --- [User] [reshExecutor-%d] o.s.web.client.DefaultRestClient         : Reading to [com.netflix.discovery.shared.Applications]
2026-04-13T23:58:22.375+01:00 DEBUG 11132 --- [User] [reshExecutor-%d] o.s.web.client.DefaultRestClient         : Reading to [com.netflix.discovery.shared.Applications]
2026-04-13T23:58:52.397+01:00 DEBUG 11132 --- [User] [reshExecutor-%d] o.s.web.client.DefaultRestClient         : Reading to [com.netflix.discovery.shared.Applications]
2026-04-13T23:59:17.228+01:00  INFO 11132 --- [User] [rap-executor-%d] c.n.d.s.r.aws.ConfigClusterResolver      : Resolving eureka endpoints via configuration
2026-04-13T23:59:22.414+01:00 DEBUG 11132 --- [User] [reshExecutor-%d] o.s.web.client.DefaultRestClient         : Reading to [com.netflix.discovery.shared.Applications]
2026-04-13T23:59:52.438+01:00 DEBUG 11132 --- [User] [reshExecutor-%d] o.s.web.client.DefaultRestClient         : Reading to [com.netflix.discovery.shared.Applications]
2026-04-14T00:00:22.459+01:00 DEBUG 11132 --- [User] [reshExecutor-%d] o.s.web.client.DefaultRestClient         : Reading to [com.netflix.discovery.shared.Applications]
2026-04-14T00:00:52.486+01:00 DEBUG 11132 --- [User] [reshExecutor-%d] o.s.web.client.DefaultRestClient         : Reading to [com.netflix.discovery.shared.Applications]
2026-04-14T00:01:22.515+01:00 DEBUG 11132 --- [User] [reshExecutor-%d] o.s.web.client.DefaultRestClient         : Reading to [com.netflix.discovery.shared.Applications]
2026-04-14T00:01:52.546+01:00 DEBUG 11132 --- [User] [reshExecutor-%d] o.s.web.client.DefaultRestClient         : Reading to [com.netflix.discovery.shared.Applications]
2026-04-14T00:02:22.566+01:00 DEBUG 11132 --- [User] [reshExecutor-%d] o.s.web.client.DefaultRestClient         : Reading to [com.netflix.discovery.shared.Applications]
2026-04-14T00:02:52.586+01:00 DEBUG 11132 --- [User] [reshExecutor-%d] o.s.web.client.DefaultRestClient         : Reading to [com.netflix.discovery.shared.Applications]
2026-04-14T00:03:22.614+01:00 DEBUG 11132 --- [User] [reshExecutor-%d] o.s.web.client.DefaultRestClient         : Reading to [com.netflix.discovery.shared.Applications]
2026-04-14T00:03:52.635+01:00 DEBUG 11132 --- [User] [reshExecutor-%d] o.s.web.client.DefaultRestClient         : Reading to [com.netflix.discovery.shared.Applications]
2026-04-14T00:04:17.237+01:00  INFO 11132 --- [User] [rap-executor-%d] c.n.d.s.r.aws.ConfigClusterResolver      : Resolving eureka endpoints via configuration
2026-04-14T00:04:22.663+01:00 DEBUG 11132 --- [User] [reshExecutor-%d] o.s.web.client.DefaultRestClient         : Reading to [com.netflix.discovery.shared.Applications]
2026-04-14T00:04:52.683+01:00 DEBUG 11132 --- [User] [reshExecutor-%d] o.s.web.client.DefaultRestClient         : Reading to [com.netflix.discovery.shared.Applications]
2026-04-14T00:05:22.702+01:00 DEBUG 11132 --- [User] [reshExecutor-%d] o.s.web.client.DefaultRestClient         : Reading to [com.netflix.discovery.shared.Applications]
2026-04-14T00:05:52.733+01:00 DEBUG 11132 --- [User] [reshExecutor-%d] o.s.web.client.DefaultRestClient         : Reading to [com.netflix.discovery.shared.Applications]
2026-04-14T00:06:22.752+01:00 DEBUG 11132 --- [User] [reshExecutor-%d] o.s.web.client.DefaultRestClient         : Reading to [com.netflix.discovery.shared.Applications]
2026-04-14T00:06:52.782+01:00 DEBUG 11132 --- [User] [reshExecutor-%d] o.s.web.client.DefaultRestClient         : Reading to [com.netflix.discovery.shared.Applications]
2026-04-14T00:07:22.808+01:00 DEBUG 11132 --- [User] [reshExecutor-%d] o.s.web.client.DefaultRestClient         : Reading to [com.netflix.discovery.shared.Applications]
2026-04-14T00:07:52.826+01:00 DEBUG 11132 --- [User] [reshExecutor-%d] o.s.web.client.DefaultRestClient         : Reading to [com.netflix.discovery.shared.Applications]
2026-04-14T00:08:22.846+01:00 DEBUG 11132 --- [User] [reshExecutor-%d] o.s.web.client.DefaultRestClient         : Reading to [com.netflix.discovery.shared.Applications]
2026-04-14T00:08:52.871+01:00 DEBUG 11132 --- [User] [reshExecutor-%d] o.s.web.client.DefaultRestClient         : Reading to [com.netflix.discovery.shared.Applications]
2026-04-14T00:09:17.243+01:00  INFO 11132 --- [User] [rap-executor-%d] c.n.d.s.r.aws.ConfigClusterResolver      : Resolving eureka endpoints via configuration
2026-04-14T00:09:22.896+01:00 DEBUG 11132 --- [User] [reshExecutor-%d] o.s.web.client.DefaultRestClient         : Reading to [com.netflix.discovery.shared.Applications]
2026-04-14T00:09:52.922+01:00 DEBUG 11132 --- [User] [reshExecutor-%d] o.s.web.client.DefaultRestClient         : Reading to [com.netflix.discovery.shared.Applications]
2026-04-14T00:10:22.948+01:00 DEBUG 11132 --- [User] [reshExecutor-%d] o.s.web.client.DefaultRestClient         : Reading to [com.netflix.discovery.shared.Applications]
2026-04-14T00:10:52.971+01:00 DEBUG 11132 --- [User] [reshExecutor-%d] o.s.web.client.DefaultRestClient         : Reading to [com.netflix.discovery.shared.Applications]
2026-04-14T00:11:22.989+01:00 DEBUG 11132 --- [User] [reshExecutor-%d] o.s.web.client.DefaultRestClient         : Reading to [com.netflix.discovery.shared.Applications]
2026-04-14T00:11:53.012+01:00 DEBUG 11132 --- [User] [reshExecutor-%d] o.s.web.client.DefaultRestClient         : Reading to [com.netflix.discovery.shared.Applications]
2026-04-14T00:12:23.036+01:00 DEBUG 11132 --- [User] [reshExecutor-%d] o.s.web.client.DefaultRestClient         : Reading to [com.netflix.discovery.shared.Applications]
2026-04-14T00:12:53.066+01:00 DEBUG 11132 --- [User] [reshExecutor-%d] o.s.web.client.DefaultRestClient         : Reading to [com.netflix.discovery.shared.Applications]
2026-04-14T00:13:23.085+01:00 DEBUG 11132 --- [User] [reshExecutor-%d] o.s.web.client.DefaultRestClient         : Reading to [com.netflix.discovery.shared.Applications]
2026-04-14T00:13:53.106+01:00 DEBUG 11132 --- [User] [reshExecutor-%d] o.s.web.client.DefaultRestClient         : Reading to [com.netflix.discovery.shared.Applications]
2026-04-14T00:14:17.244+01:00  INFO 11132 --- [User] [rap-executor-%d] c.n.d.s.r.aws.ConfigClusterResolver      : Resolving eureka endpoints via configuration
2026-04-14T00:14:23.125+01:00 DEBUG 11132 --- [User] [reshExecutor-%d] o.s.web.client.DefaultRestClient         : Reading to [com.netflix.discovery.shared.Applications]
2026-04-14T00:14:53.143+01:00 DEBUG 11132 --- [User] [reshExecutor-%d] o.s.web.client.DefaultRestClient         : Reading to [com.netflix.discovery.shared.Applications]
2026-04-14T00:15:23.162+01:00 DEBUG 11132 --- [User] [reshExecutor-%d] o.s.web.client.DefaultRestClient         : Reading to [com.netflix.discovery.shared.Applications]
2026-04-14T00:15:53.184+01:00 DEBUG 11132 --- [User] [reshExecutor-%d] o.s.web.client.DefaultRestClient         : Reading to [com.netflix.discovery.shared.Applications]
2026-04-14T00:16:23.202+01:00 DEBUG 11132 --- [User] [reshExecutor-%d] o.s.web.client.DefaultRestClient         : Reading to [com.netflix.discovery.shared.Applications]
2026-04-14T00:16:53.221+01:00 DEBUG 11132 --- [User] [reshExecutor-%d] o.s.web.client.DefaultRestClient         : Reading to [com.netflix.discovery.shared.Applications]
2026-04-14T00:17:23.244+01:00 DEBUG 11132 --- [User] [reshExecutor-%d] o.s.web.client.DefaultRestClient         : Reading to [com.netflix.discovery.shared.Applications]
2026-04-14T00:17:53.264+01:00 DEBUG 11132 --- [User] [reshExecutor-%d] o.s.web.client.DefaultRestClient         : Reading to [com.netflix.discovery.shared.Applications]
2026-04-14T00:18:23.285+01:00 DEBUG 11132 --- [User] [reshExecutor-%d] o.s.web.client.DefaultRestClient         : Reading to [com.netflix.discovery.shared.Applications]
2026-04-14T00:18:53.307+01:00 DEBUG 11132 --- [User] [reshExecutor-%d] o.s.web.client.DefaultRestClient         : Reading to [com.netflix.discovery.shared.Applications]
2026-04-14T00:19:17.261+01:00  INFO 11132 --- [User] [rap-executor-%d] c.n.d.s.r.aws.ConfigClusterResolver      : Resolving eureka endpoints via configuration
2026-04-14T00:19:23.338+01:00 DEBUG 11132 --- [User] [reshExecutor-%d] o.s.web.client.DefaultRestClient         : Reading to [com.netflix.discovery.shared.Applications]
2026-04-14T00:19:53.370+01:00 DEBUG 11132 --- [User] [reshExecutor-%d] o.s.web.client.DefaultRestClient         : Reading to [com.netflix.discovery.shared.Applications]
2026-04-14T00:20:23.387+01:00 DEBUG 11132 --- [User] [reshExecutor-%d] o.s.web.client.DefaultRestClient         : Reading to [com.netflix.discovery.shared.Applications]
2026-04-14T00:20:53.411+01:00 DEBUG 11132 --- [User] [reshExecutor-%d] o.s.web.client.DefaultRestClient         : Reading to [com.netflix.discovery.shared.Applications]
2026-04-14T00:21:23.441+01:00 DEBUG 11132 --- [User] [reshExecutor-%d] o.s.web.client.DefaultRestClient         : Reading to [com.netflix.discovery.shared.Applications]
2026-04-14T00:21:53.465+01:00 DEBUG 11132 --- [User] [reshExecutor-%d] o.s.web.client.DefaultRestClient         : Reading to [com.netflix.discovery.shared.Applications]
2026-04-14T00:22:23.496+01:00 DEBUG 11132 --- [User] [reshExecutor-%d] o.s.web.client.DefaultRestClient         : Reading to [com.netflix.discovery.shared.Applications]
2026-04-14T00:22:53.526+01:00 DEBUG 11132 --- [User] [reshExecutor-%d] o.s.web.client.DefaultRestClient         : Reading to [com.netflix.discovery.shared.Applications]
2026-04-14T00:23:23.554+01:00 DEBUG 11132 --- [User] [reshExecutor-%d] o.s.web.client.DefaultRestClient         : Reading to [com.netflix.discovery.shared.Applications]
2026-04-14T00:23:53.582+01:00 DEBUG 11132 --- [User] [reshExecutor-%d] o.s.web.client.DefaultRestClient         : Reading to [com.netflix.discovery.shared.Applications]
2026-04-14T00:24:17.263+01:00  INFO 11132 --- [User] [rap-executor-%d] c.n.d.s.r.aws.ConfigClusterResolver      : Resolving eureka endpoints via configuration
2026-04-14T00:24:23.600+01:00 DEBUG 11132 --- [User] [reshExecutor-%d] o.s.web.client.DefaultRestClient         : Reading to [com.netflix.discovery.shared.Applications]
2026-04-14T00:24:53.627+01:00 DEBUG 11132 --- [User] [reshExecutor-%d] o.s.web.client.DefaultRestClient         : Reading to [com.netflix.discovery.shared.Applications]
2026-04-14T00:25:23.660+01:00 DEBUG 11132 --- [User] [reshExecutor-%d] o.s.web.client.DefaultRestClient         : Reading to [com.netflix.discovery.shared.Applications]
2026-04-14T00:25:53.675+01:00 DEBUG 11132 --- [User] [reshExecutor-%d] o.s.web.client.DefaultRestClient         : Reading to [com.netflix.discovery.shared.Applications]
2026-04-14T00:26:23.698+01:00 DEBUG 11132 --- [User] [reshExecutor-%d] o.s.web.client.DefaultRestClient         : Reading to [com.netflix.discovery.shared.Applications]
2026-04-14T00:26:53.724+01:00 DEBUG 11132 --- [User] [reshExecutor-%d] o.s.web.client.DefaultRestClient         : Reading to [com.netflix.discovery.shared.Applications]
2026-04-14T00:27:23.747+01:00 DEBUG 11132 --- [User] [reshExecutor-%d] o.s.web.client.DefaultRestClient         : Reading to [com.netflix.discovery.shared.Applications]
2026-04-14T00:27:53.776+01:00 DEBUG 11132 --- [User] [reshExecutor-%d] o.s.web.client.DefaultRestClient         : Reading to [com.netflix.discovery.shared.Applications]
2026-04-14T00:28:23.800+01:00 DEBUG 11132 --- [User] [reshExecutor-%d] o.s.web.client.DefaultRestClient         : Reading to [com.netflix.discovery.shared.Applications]
2026-04-14T00:28:53.832+01:00 DEBUG 11132 --- [User] [reshExecutor-%d] o.s.web.client.DefaultRestClient         : Reading to [com.netflix.discovery.shared.Applications]
2026-04-14T00:29:17.264+01:00  INFO 11132 --- [User] [rap-executor-%d] c.n.d.s.r.aws.ConfigClusterResolver      : Resolving eureka endpoints via configuration
2026-04-14T00:29:23.864+01:00 DEBUG 11132 --- [User] [reshExecutor-%d] o.s.web.client.DefaultRestClient         : Reading to [com.netflix.discovery.shared.Applications]
2026-04-14T00:29:53.881+01:00 DEBUG 11132 --- [User] [reshExecutor-%d] o.s.web.client.DefaultRestClient         : Reading to [com.netflix.discovery.shared.Applications]
2026-04-14T00:30:23.905+01:00 DEBUG 11132 --- [User] [reshExecutor-%d] o.s.web.client.DefaultRestClient         : Reading to [com.netflix.discovery.shared.Applications]
2026-04-14T00:30:53.931+01:00 DEBUG 11132 --- [User] [reshExecutor-%d] o.s.web.client.DefaultRestClient         : Reading to [com.netflix.discovery.shared.Applications]
2026-04-14T00:31:23.948+01:00 DEBUG 11132 --- [User] [reshExecutor-%d] o.s.web.client.DefaultRestClient         : Reading to [com.netflix.discovery.shared.Applications]
2026-04-14T00:31:53.973+01:00 DEBUG 11132 --- [User] [reshExecutor-%d] o.s.web.client.DefaultRestClient         : Reading to [com.netflix.discovery.shared.Applications]
2026-04-14T00:32:23.994+01:00 DEBUG 11132 --- [User] [reshExecutor-%d] o.s.web.client.DefaultRestClient         : Reading to [com.netflix.discovery.shared.Applications]
2026-04-14T00:32:54.023+01:00 DEBUG 11132 --- [User] [reshExecutor-%d] o.s.web.client.DefaultRestClient         : Reading to [com.netflix.discovery.shared.Applications]
2026-04-14T00:33:24.043+01:00 DEBUG 11132 --- [User] [reshExecutor-%d] o.s.web.client.DefaultRestClient         : Reading to [com.netflix.discovery.shared.Applications]
2026-04-14T00:33:54.071+01:00 DEBUG 11132 --- [User] [reshExecutor-%d] o.s.web.client.DefaultRestClient         : Reading to [com.netflix.discovery.shared.Applications]
2026-04-14T00:34:17.276+01:00  INFO 11132 --- [User] [rap-executor-%d] c.n.d.s.r.aws.ConfigClusterResolver      : Resolving eureka endpoints via configuration
2026-04-14T00:34:24.093+01:00 DEBUG 11132 --- [User] [reshExecutor-%d] o.s.web.client.DefaultRestClient         : Reading to [com.netflix.discovery.shared.Applications]
2026-04-14T00:34:54.120+01:00 DEBUG 11132 --- [User] [reshExecutor-%d] o.s.web.client.DefaultRestClient         : Reading to [com.netflix.discovery.shared.Applications]
2026-04-14T00:35:24.151+01:00 DEBUG 11132 --- [User] [reshExecutor-%d] o.s.web.client.DefaultRestClient         : Reading to [com.netflix.discovery.shared.Applications]
2026-04-14T00:35:54.171+01:00 DEBUG 11132 --- [User] [reshExecutor-%d] o.s.web.client.DefaultRestClient         : Reading to [com.netflix.discovery.shared.Applications]
2026-04-14T00:36:24.197+01:00 DEBUG 11132 --- [User] [reshExecutor-%d] o.s.web.client.DefaultRestClient         : Reading to [com.netflix.discovery.shared.Applications]
2026-04-14T00:36:54.227+01:00 DEBUG 11132 --- [User] [reshExecutor-%d] o.s.web.client.DefaultRestClient         : Reading to [com.netflix.discovery.shared.Applications]
2026-04-14T00:37:24.246+01:00 DEBUG 11132 --- [User] [reshExecutor-%d] o.s.web.client.DefaultRestClient         : Reading to [com.netflix.discovery.shared.Applications]
2026-04-14T00:37:54.274+01:00 DEBUG 11132 --- [User] [reshExecutor-%d] o.s.web.client.DefaultRestClient         : Reading to [com.netflix.discovery.shared.Applications]
2026-04-14T00:38:24.306+01:00 DEBUG 11132 --- [User] [reshExecutor-%d] o.s.web.client.DefaultRestClient         : Reading to [com.netflix.discovery.shared.Applications]
2026-04-14T00:38:54.331+01:00 DEBUG 11132 --- [User] [reshExecutor-%d] o.s.web.client.DefaultRestClient         : Reading to [com.netflix.discovery.shared.Applications]
2026-04-14T00:39:17.292+01:00  INFO 11132 --- [User] [rap-executor-%d] c.n.d.s.r.aws.ConfigClusterResolver      : Resolving eureka endpoints via configuration
2026-04-14T00:39:24.352+01:00 DEBUG 11132 --- [User] [reshExecutor-%d] o.s.web.client.DefaultRestClient         : Reading to [com.netflix.discovery.shared.Applications]
2026-04-14T00:39:54.370+01:00 DEBUG 11132 --- [User] [reshExecutor-%d] o.s.web.client.DefaultRestClient         : Reading to [com.netflix.discovery.shared.Applications]
2026-04-14T00:40:24.398+01:00 DEBUG 11132 --- [User] [reshExecutor-%d] o.s.web.client.DefaultRestClient         : Reading to [com.netflix.discovery.shared.Applications]
2026-04-14T00:40:54.425+01:00 DEBUG 11132 --- [User] [reshExecutor-%d] o.s.web.client.DefaultRestClient         : Reading to [com.netflix.discovery.shared.Applications]
2026-04-14T00:41:24.457+01:00 DEBUG 11132 --- [User] [reshExecutor-%d] o.s.web.client.DefaultRestClient         : Reading to [com.netflix.discovery.shared.Applications]
2026-04-14T00:41:54.479+01:00 DEBUG 11132 --- [User] [reshExecutor-%d] o.s.web.client.DefaultRestClient         : Reading to [com.netflix.discovery.shared.Applications]
2026-04-14T00:42:24.498+01:00 DEBUG 11132 --- [User] [reshExecutor-%d] o.s.web.client.DefaultRestClient         : Reading to [com.netflix.discovery.shared.Applications]
2026-04-14T00:42:54.519+01:00 DEBUG 11132 --- [User] [reshExecutor-%d] o.s.web.client.DefaultRestClient         : Reading to [com.netflix.discovery.shared.Applications]
2026-04-14T00:43:24.543+01:00 DEBUG 11132 --- [User] [reshExecutor-%d] o.s.web.client.DefaultRestClient         : Reading to [com.netflix.discovery.shared.Applications]
2026-04-14T00:43:54.569+01:00 DEBUG 11132 --- [User] [reshExecutor-%d] o.s.web.client.DefaultRestClient         : Reading to [com.netflix.discovery.shared.Applications]
2026-04-14T00:44:17.305+01:00  INFO 11132 --- [User] [rap-executor-%d] c.n.d.s.r.aws.ConfigClusterResolver      : Resolving eureka endpoints via configuration
2026-04-14T00:44:24.602+01:00 DEBUG 11132 --- [User] [reshExecutor-%d] o.s.web.client.DefaultRestClient         : Reading to [com.netflix.discovery.shared.Applications]
2026-04-14T00:44:54.632+01:00 DEBUG 11132 --- [User] [reshExecutor-%d] o.s.web.client.DefaultRestClient         : Reading to [com.netflix.discovery.shared.Applications]
2026-04-14T00:45:24.649+01:00 DEBUG 11132 --- [User] [reshExecutor-%d] o.s.web.client.DefaultRestClient         : Reading to [com.netflix.discovery.shared.Applications]
2026-04-14T00:45:54.683+01:00 DEBUG 11132 --- [User] [reshExecutor-%d] o.s.web.client.DefaultRestClient         : Reading to [com.netflix.discovery.shared.Applications]
2026-04-14T00:46:24.708+01:00 DEBUG 11132 --- [User] [reshExecutor-%d] o.s.web.client.DefaultRestClient         : Reading to [com.netflix.discovery.shared.Applications]
2026-04-14T00:46:54.737+01:00 DEBUG 11132 --- [User] [reshExecutor-%d] o.s.web.client.DefaultRestClient         : Reading to [com.netflix.discovery.shared.Applications]
2026-04-14T00:47:24.761+01:00 DEBUG 11132 --- [User] [reshExecutor-%d] o.s.web.client.DefaultRestClient         : Reading to [com.netflix.discovery.shared.Applications]
2026-04-14T00:47:54.780+01:00 DEBUG 11132 --- [User] [reshExecutor-%d] o.s.web.client.DefaultRestClient         : Reading to [com.netflix.discovery.shared.Applications]
2026-04-14T00:48:24.811+01:00 DEBUG 11132 --- [User] [reshExecutor-%d] o.s.web.client.DefaultRestClient         : Reading to [com.netflix.discovery.shared.Applications]
2026-04-14T00:48:54.840+01:00 DEBUG 11132 --- [User] [reshExecutor-%d] o.s.web.client.DefaultRestClient         : Reading to [com.netflix.discovery.shared.Applications]
2026-04-14T00:49:17.308+01:00  INFO 11132 --- [User] [rap-executor-%d] c.n.d.s.r.aws.ConfigClusterResolver      : Resolving eureka endpoints via configuration
2026-04-14T00:49:24.869+01:00 DEBUG 11132 --- [User] [reshExecutor-%d] o.s.web.client.DefaultRestClient         : Reading to [com.netflix.discovery.shared.Applications]
2026-04-14T00:49:54.888+01:00 DEBUG 11132 --- [User] [reshExecutor-%d] o.s.web.client.DefaultRestClient         : Reading to [com.netflix.discovery.shared.Applications]
2026-04-14T00:50:24.909+01:00 DEBUG 11132 --- [User] [reshExecutor-%d] o.s.web.client.DefaultRestClient         : Reading to [com.netflix.discovery.shared.Applications]
2026-04-14T00:50:54.937+01:00 DEBUG 11132 --- [User] [reshExecutor-%d] o.s.web.client.DefaultRestClient         : Reading to [com.netflix.discovery.shared.Applications]
2026-04-14T00:51:24.968+01:00 DEBUG 11132 --- [User] [reshExecutor-%d] o.s.web.client.DefaultRestClient         : Reading to [com.netflix.discovery.shared.Applications]
2026-04-14T00:51:54.990+01:00 DEBUG 11132 --- [User] [reshExecutor-%d] o.s.web.client.DefaultRestClient         : Reading to [com.netflix.discovery.shared.Applications]
2026-04-14T00:52:25.013+01:00 DEBUG 11132 --- [User] [reshExecutor-%d] o.s.web.client.DefaultRestClient         : Reading to [com.netflix.discovery.shared.Applications]
2026-04-14T00:52:55.037+01:00 DEBUG 11132 --- [User] [reshExecutor-%d] o.s.web.client.DefaultRestClient         : Reading to [com.netflix.discovery.shared.Applications]
2026-04-14T00:53:25.060+01:00 DEBUG 11132 --- [User] [reshExecutor-%d] o.s.web.client.DefaultRestClient         : Reading to [com.netflix.discovery.shared.Applications]
2026-04-14T00:53:55.081+01:00 DEBUG 11132 --- [User] [reshExecutor-%d] o.s.web.client.DefaultRestClient         : Reading to [com.netflix.discovery.shared.Applications]
2026-04-14T00:54:17.322+01:00  INFO 11132 --- [User] [rap-executor-%d] c.n.d.s.r.aws.ConfigClusterResolver      : Resolving eureka endpoints via configuration
2026-04-14T00:54:25.113+01:00 DEBUG 11132 --- [User] [reshExecutor-%d] o.s.web.client.DefaultRestClient         : Reading to [com.netflix.discovery.shared.Applications]
2026-04-14T00:54:55.144+01:00 DEBUG 11132 --- [User] [reshExecutor-%d] o.s.web.client.DefaultRestClient         : Reading to [com.netflix.discovery.shared.Applications]
2026-04-14T00:55:25.168+01:00 DEBUG 11132 --- [User] [reshExecutor-%d] o.s.web.client.DefaultRestClient         : Reading to [com.netflix.discovery.shared.Applications]
2026-04-14T00:55:55.194+01:00 DEBUG 11132 --- [User] [reshExecutor-%d] o.s.web.client.DefaultRestClient         : Reading to [com.netflix.discovery.shared.Applications]
2026-04-14T00:56:25.225+01:00 DEBUG 11132 --- [User] [reshExecutor-%d] o.s.web.client.DefaultRestClient         : Reading to [com.netflix.discovery.shared.Applications]
2026-04-14T00:56:55.246+01:00 DEBUG 11132 --- [User] [reshExecutor-%d] o.s.web.client.DefaultRestClient         : Reading to [com.netflix.discovery.shared.Applications]
2026-04-14T00:57:25.275+01:00 DEBUG 11132 --- [User] [reshExecutor-%d] o.s.web.client.DefaultRestClient         : Reading to [com.netflix.discovery.shared.Applications]
2026-04-14T00:57:55.294+01:00 DEBUG 11132 --- [User] [reshExecutor-%d] o.s.web.client.DefaultRestClient         : Reading to [com.netflix.discovery.shared.Applications]
2026-04-14T00:58:25.310+01:00 DEBUG 11132 --- [User] [reshExecutor-%d] o.s.web.client.DefaultRestClient         : Reading to [com.netflix.discovery.shared.Applications]
2026-04-14T00:58:55.330+01:00 DEBUG 11132 --- [User] [reshExecutor-%d] o.s.web.client.DefaultRestClient         : Reading to [com.netflix.discovery.shared.Applications]
2026-04-14T00:59:17.336+01:00  INFO 11132 --- [User] [rap-executor-%d] c.n.d.s.r.aws.ConfigClusterResolver      : Resolving eureka endpoints via configuration
2026-04-14T00:59:25.354+01:00 DEBUG 11132 --- [User] [reshExecutor-%d] o.s.web.client.DefaultRestClient         : Reading to [com.netflix.discovery.shared.Applications]
2026-04-14T00:59:55.384+01:00 DEBUG 11132 --- [User] [reshExecutor-%d] o.s.web.client.DefaultRestClient         : Reading to [com.netflix.discovery.shared.Applications]
2026-04-14T01:00:25.410+01:00 DEBUG 11132 --- [User] [reshExecutor-%d] o.s.web.client.DefaultRestClient         : Reading to [com.netflix.discovery.shared.Applications]
2026-04-14T01:00:55.438+01:00 DEBUG 11132 --- [User] [reshExecutor-%d] o.s.web.client.DefaultRestClient         : Reading to [com.netflix.discovery.shared.Applications]
2026-04-14T01:01:25.460+01:00 DEBUG 11132 --- [User] [reshExecutor-%d] o.s.web.client.DefaultRestClient         : Reading to [com.netflix.discovery.shared.Applications]
2026-04-14T01:01:55.483+01:00 DEBUG 11132 --- [User] [reshExecutor-%d] o.s.web.client.DefaultRestClient         : Reading to [com.netflix.discovery.shared.Applications]
2026-04-14T01:02:25.511+01:00 DEBUG 11132 --- [User] [reshExecutor-%d] o.s.web.client.DefaultRestClient         : Reading to [com.netflix.discovery.shared.Applications]
2026-04-14T01:02:55.529+01:00 DEBUG 11132 --- [User] [reshExecutor-%d] o.s.web.client.DefaultRestClient         : Reading to [com.netflix.discovery.shared.Applications]
2026-04-14T01:03:25.560+01:00 DEBUG 11132 --- [User] [reshExecutor-%d] o.s.web.client.DefaultRestClient         : Reading to [com.netflix.discovery.shared.Applications]
2026-04-14T01:03:55.590+01:00 DEBUG 11132 --- [User] [reshExecutor-%d] o.s.web.client.DefaultRestClient         : Reading to [com.netflix.discovery.shared.Applications]
2026-04-14T01:04:17.344+01:00  INFO 11132 --- [User] [rap-executor-%d] c.n.d.s.r.aws.ConfigClusterResolver      : Resolving eureka endpoints via configuration
2026-04-14T01:04:25.614+01:00 DEBUG 11132 --- [User] [reshExecutor-%d] o.s.web.client.DefaultRestClient         : Reading to [com.netflix.discovery.shared.Applications]
2026-04-14T01:04:55.647+01:00 DEBUG 11132 --- [User] [reshExecutor-%d] o.s.web.client.DefaultRestClient         : Reading to [com.netflix.discovery.shared.Applications]
2026-04-14T01:05:25.669+01:00 DEBUG 11132 --- [User] [reshExecutor-%d] o.s.web.client.DefaultRestClient         : Reading to [com.netflix.discovery.shared.Applications]
2026-04-14T01:05:55.697+01:00 DEBUG 11132 --- [User] [reshExecutor-%d] o.s.web.client.DefaultRestClient         : Reading to [com.netflix.discovery.shared.Applications]
2026-04-14T01:06:25.727+01:00 DEBUG 11132 --- [User] [reshExecutor-%d] o.s.web.client.DefaultRestClient         : Reading to [com.netflix.discovery.shared.Applications]
2026-04-14T01:06:55.750+01:00 DEBUG 11132 --- [User] [reshExecutor-%d] o.s.web.client.DefaultRestClient         : Reading to [com.netflix.discovery.shared.Applications]
2026-04-14T01:07:25.768+01:00 DEBUG 11132 --- [User] [reshExecutor-%d] o.s.web.client.DefaultRestClient         : Reading to [com.netflix.discovery.shared.Applications]
2026-04-14T01:07:55.800+01:00 DEBUG 11132 --- [User] [reshExecutor-%d] o.s.web.client.DefaultRestClient         : Reading to [com.netflix.discovery.shared.Applications]
2026-04-14T01:08:25.828+01:00 DEBUG 11132 --- [User] [reshExecutor-%d] o.s.web.client.DefaultRestClient         : Reading to [com.netflix.discovery.shared.Applications]
2026-04-14T01:08:55.858+01:00 DEBUG 11132 --- [User] [reshExecutor-%d] o.s.web.client.DefaultRestClient         : Reading to [com.netflix.discovery.shared.Applications]
2026-04-14T01:09:17.345+01:00  INFO 11132 --- [User] [rap-executor-%d] c.n.d.s.r.aws.ConfigClusterResolver      : Resolving eureka endpoints via configuration
2026-04-14T01:09:25.885+01:00 DEBUG 11132 --- [User] [reshExecutor-%d] o.s.web.client.DefaultRestClient         : Reading to [com.netflix.discovery.shared.Applications]
2026-04-14T01:09:55.908+01:00 DEBUG 11132 --- [User] [reshExecutor-%d] o.s.web.client.DefaultRestClient         : Reading to [com.netflix.discovery.shared.Applications]
2026-04-14T01:10:25.931+01:00 DEBUG 11132 --- [User] [reshExecutor-%d] o.s.web.client.DefaultRestClient         : Reading to [com.netflix.discovery.shared.Applications]
2026-04-14T01:10:55.950+01:00 DEBUG 11132 --- [User] [reshExecutor-%d] o.s.web.client.DefaultRestClient         : Reading to [com.netflix.discovery.shared.Applications]
2026-04-14T01:11:25.979+01:00 DEBUG 11132 --- [User] [reshExecutor-%d] o.s.web.client.DefaultRestClient         : Reading to [com.netflix.discovery.shared.Applications]
2026-04-14T01:11:56.010+01:00 DEBUG 11132 --- [User] [reshExecutor-%d] o.s.web.client.DefaultRestClient         : Reading to [com.netflix.discovery.shared.Applications]
2026-04-14T01:12:26.039+01:00 DEBUG 11132 --- [User] [reshExecutor-%d] o.s.web.client.DefaultRestClient         : Reading to [com.netflix.discovery.shared.Applications]
2026-04-14T01:12:56.061+01:00 DEBUG 11132 --- [User] [reshExecutor-%d] o.s.web.client.DefaultRestClient         : Reading to [com.netflix.discovery.shared.Applications]
2026-04-14T01:13:26.081+01:00 DEBUG 11132 --- [User] [reshExecutor-%d] o.s.web.client.DefaultRestClient         : Reading to [com.netflix.discovery.shared.Applications]
2026-04-14T01:13:56.098+01:00 DEBUG 11132 --- [User] [reshExecutor-%d] o.s.web.client.DefaultRestClient         : Reading to [com.netflix.discovery.shared.Applications]
2026-04-14T01:14:17.355+01:00  INFO 11132 --- [User] [rap-executor-%d] c.n.d.s.r.aws.ConfigClusterResolver      : Resolving eureka endpoints via configuration
2026-04-14T01:14:26.121+01:00 DEBUG 11132 --- [User] [reshExecutor-%d] o.s.web.client.DefaultRestClient         : Reading to [com.netflix.discovery.shared.Applications]
2026-04-14T01:14:56.146+01:00 DEBUG 11132 --- [User] [reshExecutor-%d] o.s.web.client.DefaultRestClient         : Reading to [com.netflix.discovery.shared.Applications]
2026-04-14T01:15:26.170+01:00 DEBUG 11132 --- [User] [reshExecutor-%d] o.s.web.client.DefaultRestClient         : Reading to [com.netflix.discovery.shared.Applications]
2026-04-14T01:15:56.194+01:00 DEBUG 11132 --- [User] [reshExecutor-%d] o.s.web.client.DefaultRestClient         : Reading to [com.netflix.discovery.shared.Applications]
2026-04-14T01:16:26.221+01:00 DEBUG 11132 --- [User] [reshExecutor-%d] o.s.web.client.DefaultRestClient         : Reading to [com.netflix.discovery.shared.Applications]
2026-04-14T01:16:56.246+01:00 DEBUG 11132 --- [User] [reshExecutor-%d] o.s.web.client.DefaultRestClient         : Reading to [com.netflix.discovery.shared.Applications]
2026-04-14T01:17:26.269+01:00 DEBUG 11132 --- [User] [reshExecutor-%d] o.s.web.client.DefaultRestClient         : Reading to [com.netflix.discovery.shared.Applications]
2026-04-14T01:17:56.293+01:00 DEBUG 11132 --- [User] [reshExecutor-%d] o.s.web.client.DefaultRestClient         : Reading to [com.netflix.discovery.shared.Applications]
2026-04-14T01:18:26.323+01:00 DEBUG 11132 --- [User] [reshExecutor-%d] o.s.web.client.DefaultRestClient         : Reading to [com.netflix.discovery.shared.Applications]
2026-04-14T01:18:56.340+01:00 DEBUG 11132 --- [User] [reshExecutor-%d] o.s.web.client.DefaultRestClient         : Reading to [com.netflix.discovery.shared.Applications]
2026-04-14T01:19:17.359+01:00  INFO 11132 --- [User] [rap-executor-%d] c.n.d.s.r.aws.ConfigClusterResolver      : Resolving eureka endpoints via configuration
2026-04-14T01:19:26.362+01:00 DEBUG 11132 --- [User] [reshExecutor-%d] o.s.web.client.DefaultRestClient         : Reading to [com.netflix.discovery.shared.Applications]
2026-04-14T01:19:56.388+01:00 DEBUG 11132 --- [User] [reshExecutor-%d] o.s.web.client.DefaultRestClient         : Reading to [com.netflix.discovery.shared.Applications]
2026-04-14T01:20:26.408+01:00 DEBUG 11132 --- [User] [reshExecutor-%d] o.s.web.client.DefaultRestClient         : Reading to [com.netflix.discovery.shared.Applications]
2026-04-14T01:20:56.434+01:00 DEBUG 11132 --- [User] [reshExecutor-%d] o.s.web.client.DefaultRestClient         : Reading to [com.netflix.discovery.shared.Applications]
2026-04-14T01:21:26.463+01:00 DEBUG 11132 --- [User] [reshExecutor-%d] o.s.web.client.DefaultRestClient         : Reading to [com.netflix.discovery.shared.Applications]
2026-04-14T01:21:56.488+01:00 DEBUG 11132 --- [User] [reshExecutor-%d] o.s.web.client.DefaultRestClient         : Reading to [com.netflix.discovery.shared.Applications]
2026-04-14T01:22:26.504+01:00 DEBUG 11132 --- [User] [reshExecutor-%d] o.s.web.client.DefaultRestClient         : Reading to [com.netflix.discovery.shared.Applications]
2026-04-14T01:22:56.527+01:00 DEBUG 11132 --- [User] [reshExecutor-%d] o.s.web.client.DefaultRestClient         : Reading to [com.netflix.discovery.shared.Applications]
2026-04-14T01:23:26.545+01:00 DEBUG 11132 --- [User] [reshExecutor-%d] o.s.web.client.DefaultRestClient         : Reading to [com.netflix.discovery.shared.Applications]
2026-04-14T01:23:56.566+01:00 DEBUG 11132 --- [User] [reshExecutor-%d] o.s.web.client.DefaultRestClient         : Reading to [com.netflix.discovery.shared.Applications]
2026-04-14T01:24:17.362+01:00  INFO 11132 --- [User] [rap-executor-%d] c.n.d.s.r.aws.ConfigClusterResolver      : Resolving eureka endpoints via configuration
2026-04-14T01:24:26.591+01:00 DEBUG 11132 --- [User] [reshExecutor-%d] o.s.web.client.DefaultRestClient         : Reading to [com.netflix.discovery.shared.Applications]
2026-04-14T01:24:56.608+01:00 DEBUG 11132 --- [User] [reshExecutor-%d] o.s.web.client.DefaultRestClient         : Reading to [com.netflix.discovery.shared.Applications]
2026-04-14T01:25:26.640+01:00 DEBUG 11132 --- [User] [reshExecutor-%d] o.s.web.client.DefaultRestClient         : Reading to [com.netflix.discovery.shared.Applications]
2026-04-14T01:25:56.665+01:00 DEBUG 11132 --- [User] [reshExecutor-%d] o.s.web.client.DefaultRestClient         : Reading to [com.netflix.discovery.shared.Applications]
2026-04-14T01:26:26.690+01:00 DEBUG 11132 --- [User] [reshExecutor-%d] o.s.web.client.DefaultRestClient         : Reading to [com.netflix.discovery.shared.Applications]
2026-04-14T01:26:56.718+01:00 DEBUG 11132 --- [User] [reshExecutor-%d] o.s.web.client.DefaultRestClient         : Reading to [com.netflix.discovery.shared.Applications]
2026-04-14T01:27:26.739+01:00 DEBUG 11132 --- [User] [reshExecutor-%d] o.s.web.client.DefaultRestClient         : Reading to [com.netflix.discovery.shared.Applications]
2026-04-14T01:27:56.754+01:00 DEBUG 11132 --- [User] [reshExecutor-%d] o.s.web.client.DefaultRestClient         : Reading to [com.netflix.discovery.shared.Applications]
2026-04-14T01:28:26.775+01:00 DEBUG 11132 --- [User] [reshExecutor-%d] o.s.web.client.DefaultRestClient         : Reading to [com.netflix.discovery.shared.Applications]
2026-04-14T01:28:56.806+01:00 DEBUG 11132 --- [User] [reshExecutor-%d] o.s.web.client.DefaultRestClient         : Reading to [com.netflix.discovery.shared.Applications]
2026-04-14T01:29:17.376+01:00  INFO 11132 --- [User] [rap-executor-%d] c.n.d.s.r.aws.ConfigClusterResolver      : Resolving eureka endpoints via configuration
2026-04-14T01:29:26.835+01:00 DEBUG 11132 --- [User] [reshExecutor-%d] o.s.web.client.DefaultRestClient         : Reading to [com.netflix.discovery.shared.Applications]
2026-04-14T01:29:56.859+01:00 DEBUG 11132 --- [User] [reshExecutor-%d] o.s.web.client.DefaultRestClient         : Reading to [com.netflix.discovery.shared.Applications]
2026-04-14T01:30:26.886+01:00 DEBUG 11132 --- [User] [reshExecutor-%d] o.s.web.client.DefaultRestClient         : Reading to [com.netflix.discovery.shared.Applications]
2026-04-14T01:30:56.902+01:00 DEBUG 11132 --- [User] [reshExecutor-%d] o.s.web.client.DefaultRestClient         : Reading to [com.netflix.discovery.shared.Applications]
2026-04-14T01:31:26.925+01:00 DEBUG 11132 --- [User] [reshExecutor-%d] o.s.web.client.DefaultRestClient         : Reading to [com.netflix.discovery.shared.Applications]
2026-04-14T01:31:56.955+01:00 DEBUG 11132 --- [User] [reshExecutor-%d] o.s.web.client.DefaultRestClient         : Reading to [com.netflix.discovery.shared.Applications]
2026-04-14T01:32:26.983+01:00 DEBUG 11132 --- [User] [reshExecutor-%d] o.s.web.client.DefaultRestClient         : Reading to [com.netflix.discovery.shared.Applications]
2026-04-14T01:32:57.015+01:00 DEBUG 11132 --- [User] [reshExecutor-%d] o.s.web.client.DefaultRestClient         : Reading to [com.netflix.discovery.shared.Applications]
2026-04-14T01:33:27.043+01:00 DEBUG 11132 --- [User] [reshExecutor-%d] o.s.web.client.DefaultRestClient         : Reading to [com.netflix.discovery.shared.Applications]
2026-04-14T01:33:57.073+01:00 DEBUG 11132 --- [User] [reshExecutor-%d] o.s.web.client.DefaultRestClient         : Reading to [com.netflix.discovery.shared.Applications]
2026-04-14T01:34:17.383+01:00  INFO 11132 --- [User] [rap-executor-%d] c.n.d.s.r.aws.ConfigClusterResolver      : Resolving eureka endpoints via configuration
2026-04-14T01:34:27.091+01:00 DEBUG 11132 --- [User] [reshExecutor-%d] o.s.web.client.DefaultRestClient         : Reading to [com.netflix.discovery.shared.Applications]
2026-04-14T01:34:57.119+01:00 DEBUG 11132 --- [User] [reshExecutor-%d] o.s.web.client.DefaultRestClient         : Reading to [com.netflix.discovery.shared.Applications]
2026-04-14T01:35:27.145+01:00 DEBUG 11132 --- [User] [reshExecutor-%d] o.s.web.client.DefaultRestClient         : Reading to [com.netflix.discovery.shared.Applications]
2026-04-14T01:35:57.178+01:00 DEBUG 11132 --- [User] [reshExecutor-%d] o.s.web.client.DefaultRestClient         : Reading to [com.netflix.discovery.shared.Applications]
2026-04-14T01:36:27.204+01:00 DEBUG 11132 --- [User] [reshExecutor-%d] o.s.web.client.DefaultRestClient         : Reading to [com.netflix.discovery.shared.Applications]
2026-04-14T01:36:57.225+01:00 DEBUG 11132 --- [User] [reshExecutor-%d] o.s.web.client.DefaultRestClient         : Reading to [com.netflix.discovery.shared.Applications]
2026-04-14T01:37:27.243+01:00 DEBUG 11132 --- [User] [reshExecutor-%d] o.s.web.client.DefaultRestClient         : Reading to [com.netflix.discovery.shared.Applications]
2026-04-14T01:37:57.268+01:00 DEBUG 11132 --- [User] [reshExecutor-%d] o.s.web.client.DefaultRestClient         : Reading to [com.netflix.discovery.shared.Applications]
2026-04-14T01:38:27.299+01:00 DEBUG 11132 --- [User] [reshExecutor-%d] o.s.web.client.DefaultRestClient         : Reading to [com.netflix.discovery.shared.Applications]
2026-04-14T01:38:57.317+01:00 DEBUG 11132 --- [User] [reshExecutor-%d] o.s.web.client.DefaultRestClient         : Reading to [com.netflix.discovery.shared.Applications]
2026-04-14T01:39:17.390+01:00  INFO 11132 --- [User] [rap-executor-%d] c.n.d.s.r.aws.ConfigClusterResolver      : Resolving eureka endpoints via configuration
2026-04-14T01:39:27.341+01:00 DEBUG 11132 --- [User] [reshExecutor-%d] o.s.web.client.DefaultRestClient         : Reading to [com.netflix.discovery.shared.Applications]
2026-04-14T01:39:57.361+01:00 DEBUG 11132 --- [User] [reshExecutor-%d] o.s.web.client.DefaultRestClient         : Reading to [com.netflix.discovery.shared.Applications]
2026-04-14T01:40:27.384+01:00 DEBUG 11132 --- [User] [reshExecutor-%d] o.s.web.client.DefaultRestClient         : Reading to [com.netflix.discovery.shared.Applications]
2026-04-14T01:40:57.408+01:00 DEBUG 11132 --- [User] [reshExecutor-%d] o.s.web.client.DefaultRestClient         : Reading to [com.netflix.discovery.shared.Applications]
2026-04-14T01:41:27.434+01:00 DEBUG 11132 --- [User] [reshExecutor-%d] o.s.web.client.DefaultRestClient         : Reading to [com.netflix.discovery.shared.Applications]
2026-04-14T01:41:57.465+01:00 DEBUG 11132 --- [User] [reshExecutor-%d] o.s.web.client.DefaultRestClient         : Reading to [com.netflix.discovery.shared.Applications]
2026-04-14T01:42:27.495+01:00 DEBUG 11132 --- [User] [reshExecutor-%d] o.s.web.client.DefaultRestClient         : Reading to [com.netflix.discovery.shared.Applications]
2026-04-14T01:42:57.519+01:00 DEBUG 11132 --- [User] [reshExecutor-%d] o.s.web.client.DefaultRestClient         : Reading to [com.netflix.discovery.shared.Applications]
2026-04-14T01:43:27.549+01:00 DEBUG 11132 --- [User] [reshExecutor-%d] o.s.web.client.DefaultRestClient         : Reading to [com.netflix.discovery.shared.Applications]
2026-04-14T01:43:57.568+01:00 DEBUG 11132 --- [User] [reshExecutor-%d] o.s.web.client.DefaultRestClient         : Reading to [com.netflix.discovery.shared.Applications]
2026-04-14T01:44:17.401+01:00  INFO 11132 --- [User] [rap-executor-%d] c.n.d.s.r.aws.ConfigClusterResolver      : Resolving eureka endpoints via configuration
2026-04-14T01:44:27.592+01:00 DEBUG 11132 --- [User] [reshExecutor-%d] o.s.web.client.DefaultRestClient         : Reading to [com.netflix.discovery.shared.Applications]
2026-04-14T01:44:57.611+01:00 DEBUG 11132 --- [User] [reshExecutor-%d] o.s.web.client.DefaultRestClient         : Reading to [com.netflix.discovery.shared.Applications]
2026-04-14T01:45:27.642+01:00 DEBUG 11132 --- [User] [reshExecutor-%d] o.s.web.client.DefaultRestClient         : Reading to [com.netflix.discovery.shared.Applications]
2026-04-14T01:45:57.668+01:00 DEBUG 11132 --- [User] [reshExecutor-%d] o.s.web.client.DefaultRestClient         : Reading to [com.netflix.discovery.shared.Applications]
2026-04-14T01:46:27.694+01:00 DEBUG 11132 --- [User] [reshExecutor-%d] o.s.web.client.DefaultRestClient         : Reading to [com.netflix.discovery.shared.Applications]
2026-04-14T01:46:57.718+01:00 DEBUG 11132 --- [User] [reshExecutor-%d] o.s.web.client.DefaultRestClient         : Reading to [com.netflix.discovery.shared.Applications]
2026-04-14T01:47:27.743+01:00 DEBUG 11132 --- [User] [reshExecutor-%d] o.s.web.client.DefaultRestClient         : Reading to [com.netflix.discovery.shared.Applications]
2026-04-14T01:47:57.768+01:00 DEBUG 11132 --- [User] [reshExecutor-%d] o.s.web.client.DefaultRestClient         : Reading to [com.netflix.discovery.shared.Applications]
2026-04-14T01:48:27.789+01:00 DEBUG 11132 --- [User] [reshExecutor-%d] o.s.web.client.DefaultRestClient         : Reading to [com.netflix.discovery.shared.Applications]
2026-04-14T01:48:57.818+01:00 DEBUG 11132 --- [User] [reshExecutor-%d] o.s.web.client.DefaultRestClient         : Reading to [com.netflix.discovery.shared.Applications]
2026-04-14T01:49:17.412+01:00  INFO 11132 --- [User] [rap-executor-%d] c.n.d.s.r.aws.ConfigClusterResolver      : Resolving eureka endpoints via configuration
2026-04-14T01:49:27.834+01:00 DEBUG 11132 --- [User] [reshExecutor-%d] o.s.web.client.DefaultRestClient         : Reading to [com.netflix.discovery.shared.Applications]
2026-04-14T01:49:57.862+01:00 DEBUG 11132 --- [User] [reshExecutor-%d] o.s.web.client.DefaultRestClient         : Reading to [com.netflix.discovery.shared.Applications]
2026-04-14T01:50:27.880+01:00 DEBUG 11132 --- [User] [reshExecutor-%d] o.s.web.client.DefaultRestClient         : Reading to [com.netflix.discovery.shared.Applications]
2026-04-14T01:50:57.901+01:00 DEBUG 11132 --- [User] [reshExecutor-%d] o.s.web.client.DefaultRestClient         : Reading to [com.netflix.discovery.shared.Applications]
2026-04-14T01:51:27.929+01:00 DEBUG 11132 --- [User] [reshExecutor-%d] o.s.web.client.DefaultRestClient         : Reading to [com.netflix.discovery.shared.Applications]
2026-04-14T01:51:57.954+01:00 DEBUG 11132 --- [User] [reshExecutor-%d] o.s.web.client.DefaultRestClient         : Reading to [com.netflix.discovery.shared.Applications]
2026-04-14T01:52:27.973+01:00 DEBUG 11132 --- [User] [reshExecutor-%d] o.s.web.client.DefaultRestClient         : Reading to [com.netflix.discovery.shared.Applications]
2026-04-14T01:52:58.003+01:00 DEBUG 11132 --- [User] [reshExecutor-%d] o.s.web.client.DefaultRestClient         : Reading to [com.netflix.discovery.shared.Applications]
2026-04-14T01:53:28.024+01:00 DEBUG 11132 --- [User] [reshExecutor-%d] o.s.web.client.DefaultRestClient         : Reading to [com.netflix.discovery.shared.Applications]
2026-04-14T01:53:58.044+01:00 DEBUG 11132 --- [User] [reshExecutor-%d] o.s.web.client.DefaultRestClient         : Reading to [com.netflix.discovery.shared.Applications]
2026-04-14T01:54:17.417+01:00  INFO 11132 --- [User] [rap-executor-%d] c.n.d.s.r.aws.ConfigClusterResolver      : Resolving eureka endpoints via configuration
2026-04-14T01:54:28.066+01:00 DEBUG 11132 --- [User] [reshExecutor-%d] o.s.web.client.DefaultRestClient         : Reading to [com.netflix.discovery.shared.Applications]
2026-04-14T01:54:58.081+01:00 DEBUG 11132 --- [User] [reshExecutor-%d] o.s.web.client.DefaultRestClient         : Reading to [com.netflix.discovery.shared.Applications]
2026-04-14T01:55:28.104+01:00 DEBUG 11132 --- [User] [reshExecutor-%d] o.s.web.client.DefaultRestClient         : Reading to [com.netflix.discovery.shared.Applications]
2026-04-14T01:55:58.134+01:00 DEBUG 11132 --- [User] [reshExecutor-%d] o.s.web.client.DefaultRestClient         : Reading to [com.netflix.discovery.shared.Applications]
2026-04-14T01:56:28.164+01:00 DEBUG 11132 --- [User] [reshExecutor-%d] o.s.web.client.DefaultRestClient         : Reading to [com.netflix.discovery.shared.Applications]
2026-04-14T01:56:58.188+01:00 DEBUG 11132 --- [User] [reshExecutor-%d] o.s.web.client.DefaultRestClient         : Reading to [com.netflix.discovery.shared.Applications]
2026-04-14T01:57:28.214+01:00 DEBUG 11132 --- [User] [reshExecutor-%d] o.s.web.client.DefaultRestClient         : Reading to [com.netflix.discovery.shared.Applications]
2026-04-14T01:57:58.245+01:00 DEBUG 11132 --- [User] [reshExecutor-%d] o.s.web.client.DefaultRestClient         : Reading to [com.netflix.discovery.shared.Applications]
2026-04-14T01:58:28.272+01:00 DEBUG 11132 --- [User] [reshExecutor-%d] o.s.web.client.DefaultRestClient         : Reading to [com.netflix.discovery.shared.Applications]
2026-04-14T01:58:58.302+01:00 DEBUG 11132 --- [User] [reshExecutor-%d] o.s.web.client.DefaultRestClient         : Reading to [com.netflix.discovery.shared.Applications]
2026-04-14T01:59:17.425+01:00  INFO 11132 --- [User] [rap-executor-%d] c.n.d.s.r.aws.ConfigClusterResolver      : Resolving eureka endpoints via configuration
2026-04-14T01:59:28.333+01:00 DEBUG 11132 --- [User] [reshExecutor-%d] o.s.web.client.DefaultRestClient         : Reading to [com.netflix.discovery.shared.Applications]
2026-04-14T01:59:58.356+01:00 DEBUG 11132 --- [User] [reshExecutor-%d] o.s.web.client.DefaultRestClient         : Reading to [com.netflix.discovery.shared.Applications]
2026-04-14T02:00:28.385+01:00 DEBUG 11132 --- [User] [reshExecutor-%d] o.s.web.client.DefaultRestClient         : Reading to [com.netflix.discovery.shared.Applications]
2026-04-14T02:00:58.406+01:00 DEBUG 11132 --- [User] [reshExecutor-%d] o.s.web.client.DefaultRestClient         : Reading to [com.netflix.discovery.shared.Applications]
2026-04-14T02:01:28.424+01:00 DEBUG 11132 --- [User] [reshExecutor-%d] o.s.web.client.DefaultRestClient         : Reading to [com.netflix.discovery.shared.Applications]
2026-04-14T02:01:58.455+01:00 DEBUG 11132 --- [User] [reshExecutor-%d] o.s.web.client.DefaultRestClient         : Reading to [com.netflix.discovery.shared.Applications]
2026-04-14T02:02:28.479+01:00 DEBUG 11132 --- [User] [reshExecutor-%d] o.s.web.client.DefaultRestClient         : Reading to [com.netflix.discovery.shared.Applications]
2026-04-14T02:02:58.511+01:00 DEBUG 11132 --- [User] [reshExecutor-%d] o.s.web.client.DefaultRestClient         : Reading to [com.netflix.discovery.shared.Applications]
2026-04-14T02:03:28.543+01:00 DEBUG 11132 --- [User] [reshExecutor-%d] o.s.web.client.DefaultRestClient         : Reading to [com.netflix.discovery.shared.Applications]
2026-04-14T02:03:58.571+01:00 DEBUG 11132 --- [User] [reshExecutor-%d] o.s.web.client.DefaultRestClient         : Reading to [com.netflix.discovery.shared.Applications]
2026-04-14T02:04:17.432+01:00  INFO 11132 --- [User] [rap-executor-%d] c.n.d.s.r.aws.ConfigClusterResolver      : Resolving eureka endpoints via configuration
2026-04-14T02:04:28.603+01:00 DEBUG 11132 --- [User] [reshExecutor-%d] o.s.web.client.DefaultRestClient         : Reading to [com.netflix.discovery.shared.Applications]
2026-04-14T02:04:58.630+01:00 DEBUG 11132 --- [User] [reshExecutor-%d] o.s.web.client.DefaultRestClient         : Reading to [com.netflix.discovery.shared.Applications]
2026-04-14T02:05:28.651+01:00 DEBUG 11132 --- [User] [reshExecutor-%d] o.s.web.client.DefaultRestClient         : Reading to [com.netflix.discovery.shared.Applications]
2026-04-14T02:05:58.683+01:00 DEBUG 11132 --- [User] [reshExecutor-%d] o.s.web.client.DefaultRestClient         : Reading to [com.netflix.discovery.shared.Applications]
2026-04-14T02:06:28.705+01:00 DEBUG 11132 --- [User] [reshExecutor-%d] o.s.web.client.DefaultRestClient         : Reading to [com.netflix.discovery.shared.Applications]
2026-04-14T02:06:58.733+01:00 DEBUG 11132 --- [User] [reshExecutor-%d] o.s.web.client.DefaultRestClient         : Reading to [com.netflix.discovery.shared.Applications]
2026-04-14T02:07:28.760+01:00 DEBUG 11132 --- [User] [reshExecutor-%d] o.s.web.client.DefaultRestClient         : Reading to [com.netflix.discovery.shared.Applications]
2026-04-14T02:07:58.776+01:00 DEBUG 11132 --- [User] [reshExecutor-%d] o.s.web.client.DefaultRestClient         : Reading to [com.netflix.discovery.shared.Applications]
2026-04-14T02:08:28.806+01:00 DEBUG 11132 --- [User] [reshExecutor-%d] o.s.web.client.DefaultRestClient         : Reading to [com.netflix.discovery.shared.Applications]
2026-04-14T02:08:58.827+01:00 DEBUG 11132 --- [User] [reshExecutor-%d] o.s.web.client.DefaultRestClient         : Reading to [com.netflix.discovery.shared.Applications]
2026-04-14T02:09:17.440+01:00  INFO 11132 --- [User] [rap-executor-%d] c.n.d.s.r.aws.ConfigClusterResolver      : Resolving eureka endpoints via configuration
2026-04-14T02:09:28.856+01:00 DEBUG 11132 --- [User] [reshExecutor-%d] o.s.web.client.DefaultRestClient         : Reading to [com.netflix.discovery.shared.Applications]
2026-04-14T02:09:58.878+01:00 DEBUG 11132 --- [User] [reshExecutor-%d] o.s.web.client.DefaultRestClient         : Reading to [com.netflix.discovery.shared.Applications]
2026-04-14T02:10:28.907+01:00 DEBUG 11132 --- [User] [reshExecutor-%d] o.s.web.client.DefaultRestClient         : Reading to [com.netflix.discovery.shared.Applications]
2026-04-14T02:10:58.930+01:00 DEBUG 11132 --- [User] [reshExecutor-%d] o.s.web.client.DefaultRestClient         : Reading to [com.netflix.discovery.shared.Applications]
2026-04-14T02:11:28.957+01:00 DEBUG 11132 --- [User] [reshExecutor-%d] o.s.web.client.DefaultRestClient         : Reading to [com.netflix.discovery.shared.Applications]
2026-04-14T02:11:58.989+01:00 DEBUG 11132 --- [User] [reshExecutor-%d] o.s.web.client.DefaultRestClient         : Reading to [com.netflix.discovery.shared.Applications]
2026-04-14T02:12:29.015+01:00 DEBUG 11132 --- [User] [reshExecutor-%d] o.s.web.client.DefaultRestClient         : Reading to [com.netflix.discovery.shared.Applications]
2026-04-14T02:12:59.035+01:00 DEBUG 11132 --- [User] [reshExecutor-%d] o.s.web.client.DefaultRestClient         : Reading to [com.netflix.discovery.shared.Applications]
2026-04-14T02:13:29.056+01:00 DEBUG 11132 --- [User] [reshExecutor-%d] o.s.web.client.DefaultRestClient         : Reading to [com.netflix.discovery.shared.Applications]
2026-04-14T02:13:59.082+01:00 DEBUG 11132 --- [User] [reshExecutor-%d] o.s.web.client.DefaultRestClient         : Reading to [com.netflix.discovery.shared.Applications]
2026-04-14T02:14:17.448+01:00  INFO 11132 --- [User] [rap-executor-%d] c.n.d.s.r.aws.ConfigClusterResolver      : Resolving eureka endpoints via configuration
2026-04-14T02:14:29.109+01:00 DEBUG 11132 --- [User] [reshExecutor-%d] o.s.web.client.DefaultRestClient         : Reading to [com.netflix.discovery.shared.Applications]
2026-04-14T02:14:59.130+01:00 DEBUG 11132 --- [User] [reshExecutor-%d] o.s.web.client.DefaultRestClient         : Reading to [com.netflix.discovery.shared.Applications]
2026-04-14T02:15:29.151+01:00 DEBUG 11132 --- [User] [reshExecutor-%d] o.s.web.client.DefaultRestClient         : Reading to [com.netflix.discovery.shared.Applications]
2026-04-14T02:15:59.169+01:00 DEBUG 11132 --- [User] [reshExecutor-%d] o.s.web.client.DefaultRestClient         : Reading to [com.netflix.discovery.shared.Applications]
2026-04-14T02:16:29.199+01:00 DEBUG 11132 --- [User] [reshExecutor-%d] o.s.web.client.DefaultRestClient         : Reading to [com.netflix.discovery.shared.Applications]
2026-04-14T02:16:59.216+01:00 DEBUG 11132 --- [User] [reshExecutor-%d] o.s.web.client.DefaultRestClient         : Reading to [com.netflix.discovery.shared.Applications]
2026-04-14T02:17:29.240+01:00 DEBUG 11132 --- [User] [reshExecutor-%d] o.s.web.client.DefaultRestClient         : Reading to [com.netflix.discovery.shared.Applications]
2026-04-14T02:17:59.253+01:00 DEBUG 11132 --- [User] [reshExecutor-%d] o.s.web.client.DefaultRestClient         : Reading to [com.netflix.discovery.shared.Applications]
2026-04-14T02:18:29.279+01:00 DEBUG 11132 --- [User] [reshExecutor-%d] o.s.web.client.DefaultRestClient         : Reading to [com.netflix.discovery.shared.Applications]
2026-04-14T02:18:59.303+01:00 DEBUG 11132 --- [User] [reshExecutor-%d] o.s.web.client.DefaultRestClient         : Reading to [com.netflix.discovery.shared.Applications]
2026-04-14T02:19:17.461+01:00  INFO 11132 --- [User] [rap-executor-%d] c.n.d.s.r.aws.ConfigClusterResolver      : Resolving eureka endpoints via configuration
2026-04-14T02:19:29.326+01:00 DEBUG 11132 --- [User] [reshExecutor-%d] o.s.web.client.DefaultRestClient         : Reading to [com.netflix.discovery.shared.Applications]
2026-04-14T02:19:59.355+01:00 DEBUG 11132 --- [User] [reshExecutor-%d] o.s.web.client.DefaultRestClient         : Reading to [com.netflix.discovery.shared.Applications]
2026-04-14T02:20:29.380+01:00 DEBUG 11132 --- [User] [reshExecutor-%d] o.s.web.client.DefaultRestClient         : Reading to [com.netflix.discovery.shared.Applications]
2026-04-14T02:20:59.407+01:00 DEBUG 11132 --- [User] [reshExecutor-%d] o.s.web.client.DefaultRestClient         : Reading to [com.netflix.discovery.shared.Applications]
2026-04-14T02:21:29.425+01:00 DEBUG 11132 --- [User] [reshExecutor-%d] o.s.web.client.DefaultRestClient         : Reading to [com.netflix.discovery.shared.Applications]
2026-04-14T02:21:59.451+01:00 DEBUG 11132 --- [User] [reshExecutor-%d] o.s.web.client.DefaultRestClient         : Reading to [com.netflix.discovery.shared.Applications]
2026-04-14T02:22:29.469+01:00 DEBUG 11132 --- [User] [reshExecutor-%d] o.s.web.client.DefaultRestClient         : Reading to [com.netflix.discovery.shared.Applications]
2026-04-14T02:22:59.490+01:00 DEBUG 11132 --- [User] [reshExecutor-%d] o.s.web.client.DefaultRestClient         : Reading to [com.netflix.discovery.shared.Applications]
2026-04-14T02:23:29.509+01:00 DEBUG 11132 --- [User] [reshExecutor-%d] o.s.web.client.DefaultRestClient         : Reading to [com.netflix.discovery.shared.Applications]
2026-04-14T02:23:59.541+01:00 DEBUG 11132 --- [User] [reshExecutor-%d] o.s.web.client.DefaultRestClient         : Reading to [com.netflix.discovery.shared.Applications]
2026-04-14T02:24:17.473+01:00  INFO 11132 --- [User] [rap-executor-%d] c.n.d.s.r.aws.ConfigClusterResolver      : Resolving eureka endpoints via configuration
2026-04-14T02:24:29.562+01:00 DEBUG 11132 --- [User] [reshExecutor-%d] o.s.web.client.DefaultRestClient         : Reading to [com.netflix.discovery.shared.Applications]
2026-04-14T02:24:59.593+01:00 DEBUG 11132 --- [User] [reshExecutor-%d] o.s.web.client.DefaultRestClient         : Reading to [com.netflix.discovery.shared.Applications]
2026-04-14T02:25:29.619+01:00 DEBUG 11132 --- [User] [reshExecutor-%d] o.s.web.client.DefaultRestClient         : Reading to [com.netflix.discovery.shared.Applications]
2026-04-14T02:25:59.641+01:00 DEBUG 11132 --- [User] [reshExecutor-%d] o.s.web.client.DefaultRestClient         : Reading to [com.netflix.discovery.shared.Applications]
2026-04-14T02:26:29.664+01:00 DEBUG 11132 --- [User] [reshExecutor-%d] o.s.web.client.DefaultRestClient         : Reading to [com.netflix.discovery.shared.Applications]
2026-04-14T02:26:59.686+01:00 DEBUG 11132 --- [User] [reshExecutor-%d] o.s.web.client.DefaultRestClient         : Reading to [com.netflix.discovery.shared.Applications]
2026-04-14T02:27:29.717+01:00 DEBUG 11132 --- [User] [reshExecutor-%d] o.s.web.client.DefaultRestClient         : Reading to [com.netflix.discovery.shared.Applications]
2026-04-14T02:27:59.742+01:00 DEBUG 11132 --- [User] [reshExecutor-%d] o.s.web.client.DefaultRestClient         : Reading to [com.netflix.discovery.shared.Applications]
2026-04-14T02:28:29.761+01:00 DEBUG 11132 --- [User] [reshExecutor-%d] o.s.web.client.DefaultRestClient         : Reading to [com.netflix.discovery.shared.Applications]
2026-04-14T02:28:59.785+01:00 DEBUG 11132 --- [User] [reshExecutor-%d] o.s.web.client.DefaultRestClient         : Reading to [com.netflix.discovery.shared.Applications]
2026-04-14T02:29:17.483+01:00  INFO 11132 --- [User] [rap-executor-%d] c.n.d.s.r.aws.ConfigClusterResolver      : Resolving eureka endpoints via configuration
2026-04-14T02:29:29.805+01:00 DEBUG 11132 --- [User] [reshExecutor-%d] o.s.web.client.DefaultRestClient         : Reading to [com.netflix.discovery.shared.Applications]
2026-04-14T02:29:59.827+01:00 DEBUG 11132 --- [User] [reshExecutor-%d] o.s.web.client.DefaultRestClient         : Reading to [com.netflix.discovery.shared.Applications]
2026-04-14T02:30:29.852+01:00 DEBUG 11132 --- [User] [reshExecutor-%d] o.s.web.client.DefaultRestClient         : Reading to [com.netflix.discovery.shared.Applications]
2026-04-14T02:30:59.869+01:00 DEBUG 11132 --- [User] [reshExecutor-%d] o.s.web.client.DefaultRestClient         : Reading to [com.netflix.discovery.shared.Applications]
2026-04-14T02:31:29.893+01:00 DEBUG 11132 --- [User] [reshExecutor-%d] o.s.web.client.DefaultRestClient         : Reading to [com.netflix.discovery.shared.Applications]
2026-04-14T02:31:59.920+01:00 DEBUG 11132 --- [User] [reshExecutor-%d] o.s.web.client.DefaultRestClient         : Reading to [com.netflix.discovery.shared.Applications]
2026-04-14T02:32:29.946+01:00 DEBUG 11132 --- [User] [reshExecutor-%d] o.s.web.client.DefaultRestClient         : Reading to [com.netflix.discovery.shared.Applications]
2026-04-14T02:32:59.965+01:00 DEBUG 11132 --- [User] [reshExecutor-%d] o.s.web.client.DefaultRestClient         : Reading to [com.netflix.discovery.shared.Applications]
2026-04-14T02:33:29.988+01:00 DEBUG 11132 --- [User] [reshExecutor-%d] o.s.web.client.DefaultRestClient         : Reading to [com.netflix.discovery.shared.Applications]
2026-04-14T02:34:00.008+01:00 DEBUG 11132 --- [User] [reshExecutor-%d] o.s.web.client.DefaultRestClient         : Reading to [com.netflix.discovery.shared.Applications]
2026-04-14T02:34:17.491+01:00  INFO 11132 --- [User] [rap-executor-%d] c.n.d.s.r.aws.ConfigClusterResolver      : Resolving eureka endpoints via configuration
2026-04-14T02:34:30.040+01:00 DEBUG 11132 --- [User] [reshExecutor-%d] o.s.web.client.DefaultRestClient         : Reading to [com.netflix.discovery.shared.Applications]
2026-04-14T02:35:00.062+01:00 DEBUG 11132 --- [User] [reshExecutor-%d] o.s.web.client.DefaultRestClient         : Reading to [com.netflix.discovery.shared.Applications]
2026-04-14T02:35:30.081+01:00 DEBUG 11132 --- [User] [reshExecutor-%d] o.s.web.client.DefaultRestClient         : Reading to [com.netflix.discovery.shared.Applications]
2026-04-14T02:36:00.107+01:00 DEBUG 11132 --- [User] [reshExecutor-%d] o.s.web.client.DefaultRestClient         : Reading to [com.netflix.discovery.shared.Applications]
2026-04-14T02:36:30.126+01:00 DEBUG 11132 --- [User] [reshExecutor-%d] o.s.web.client.DefaultRestClient         : Reading to [com.netflix.discovery.shared.Applications]
2026-04-14T02:37:00.149+01:00 DEBUG 11132 --- [User] [reshExecutor-%d] o.s.web.client.DefaultRestClient         : Reading to [com.netflix.discovery.shared.Applications]
2026-04-14T02:37:30.172+01:00 DEBUG 11132 --- [User] [reshExecutor-%d] o.s.web.client.DefaultRestClient         : Reading to [com.netflix.discovery.shared.Applications]
2026-04-14T02:38:00.203+01:00 DEBUG 11132 --- [User] [reshExecutor-%d] o.s.web.client.DefaultRestClient         : Reading to [com.netflix.discovery.shared.Applications]
2026-04-14T02:38:30.232+01:00 DEBUG 11132 --- [User] [reshExecutor-%d] o.s.web.client.DefaultRestClient         : Reading to [com.netflix.discovery.shared.Applications]
2026-04-14T02:39:00.252+01:00 DEBUG 11132 --- [User] [reshExecutor-%d] o.s.web.client.DefaultRestClient         : Reading to [com.netflix.discovery.shared.Applications]
2026-04-14T02:39:17.498+01:00  INFO 11132 --- [User] [rap-executor-%d] c.n.d.s.r.aws.ConfigClusterResolver      : Resolving eureka endpoints via configuration
2026-04-14T02:39:30.277+01:00 DEBUG 11132 --- [User] [reshExecutor-%d] o.s.web.client.DefaultRestClient         : Reading to [com.netflix.discovery.shared.Applications]
2026-04-14T02:40:00.301+01:00 DEBUG 11132 --- [User] [reshExecutor-%d] o.s.web.client.DefaultRestClient         : Reading to [com.netflix.discovery.shared.Applications]
2026-04-14T02:40:30.320+01:00 DEBUG 11132 --- [User] [reshExecutor-%d] o.s.web.client.DefaultRestClient         : Reading to [com.netflix.discovery.shared.Applications]
2026-04-14T02:41:00.347+01:00 DEBUG 11132 --- [User] [reshExecutor-%d] o.s.web.client.DefaultRestClient         : Reading to [com.netflix.discovery.shared.Applications]
2026-04-14T02:41:30.375+01:00 DEBUG 11132 --- [User] [reshExecutor-%d] o.s.web.client.DefaultRestClient         : Reading to [com.netflix.discovery.shared.Applications]
2026-04-14T02:42:00.397+01:00 DEBUG 11132 --- [User] [reshExecutor-%d] o.s.web.client.DefaultRestClient         : Reading to [com.netflix.discovery.shared.Applications]
2026-04-14T02:42:30.428+01:00 DEBUG 11132 --- [User] [reshExecutor-%d] o.s.web.client.DefaultRestClient         : Reading to [com.netflix.discovery.shared.Applications]
2026-04-14T02:43:00.456+01:00 DEBUG 11132 --- [User] [reshExecutor-%d] o.s.web.client.DefaultRestClient         : Reading to [com.netflix.discovery.shared.Applications]
2026-04-14T02:43:30.488+01:00 DEBUG 11132 --- [User] [reshExecutor-%d] o.s.web.client.DefaultRestClient         : Reading to [com.netflix.discovery.shared.Applications]
2026-04-14T02:44:00.516+01:00 DEBUG 11132 --- [User] [reshExecutor-%d] o.s.web.client.DefaultRestClient         : Reading to [com.netflix.discovery.shared.Applications]
2026-04-14T02:44:17.513+01:00  INFO 11132 --- [User] [rap-executor-%d] c.n.d.s.r.aws.ConfigClusterResolver      : Resolving eureka endpoints via configuration
2026-04-14T02:44:30.542+01:00 DEBUG 11132 --- [User] [reshExecutor-%d] o.s.web.client.DefaultRestClient         : Reading to [com.netflix.discovery.shared.Applications]
2026-04-14T02:45:00.561+01:00 DEBUG 11132 --- [User] [reshExecutor-%d] o.s.web.client.DefaultRestClient         : Reading to [com.netflix.discovery.shared.Applications]
2026-04-14T02:45:30.591+01:00 DEBUG 11132 --- [User] [reshExecutor-%d] o.s.web.client.DefaultRestClient         : Reading to [com.netflix.discovery.shared.Applications]
2026-04-14T02:46:00.611+01:00 DEBUG 11132 --- [User] [reshExecutor-%d] o.s.web.client.DefaultRestClient         : Reading to [com.netflix.discovery.shared.Applications]
2026-04-14T02:46:30.626+01:00 DEBUG 11132 --- [User] [reshExecutor-%d] o.s.web.client.DefaultRestClient         : Reading to [com.netflix.discovery.shared.Applications]
2026-04-14T02:47:00.656+01:00 DEBUG 11132 --- [User] [reshExecutor-%d] o.s.web.client.DefaultRestClient         : Reading to [com.netflix.discovery.shared.Applications]
2026-04-14T02:47:30.689+01:00 DEBUG 11132 --- [User] [reshExecutor-%d] o.s.web.client.DefaultRestClient         : Reading to [com.netflix.discovery.shared.Applications]
2026-04-14T02:48:00.715+01:00 DEBUG 11132 --- [User] [reshExecutor-%d] o.s.web.client.DefaultRestClient         : Reading to [com.netflix.discovery.shared.Applications]
2026-04-14T02:48:30.738+01:00 DEBUG 11132 --- [User] [reshExecutor-%d] o.s.web.client.DefaultRestClient         : Reading to [com.netflix.discovery.shared.Applications]
2026-04-14T02:49:00.766+01:00 DEBUG 11132 --- [User] [reshExecutor-%d] o.s.web.client.DefaultRestClient         : Reading to [com.netflix.discovery.shared.Applications]
2026-04-14T02:49:17.514+01:00  INFO 11132 --- [User] [rap-executor-%d] c.n.d.s.r.aws.ConfigClusterResolver      : Resolving eureka endpoints via configuration
2026-04-14T02:49:30.791+01:00 DEBUG 11132 --- [User] [reshExecutor-%d] o.s.web.client.DefaultRestClient         : Reading to [com.netflix.discovery.shared.Applications]
2026-04-14T02:50:00.808+01:00 DEBUG 11132 --- [User] [reshExecutor-%d] o.s.web.client.DefaultRestClient         : Reading to [com.netflix.discovery.shared.Applications]
2026-04-14T02:50:30.840+01:00 DEBUG 11132 --- [User] [reshExecutor-%d] o.s.web.client.DefaultRestClient         : Reading to [com.netflix.discovery.shared.Applications]
2026-04-14T02:51:00.862+01:00 DEBUG 11132 --- [User] [reshExecutor-%d] o.s.web.client.DefaultRestClient         : Reading to [com.netflix.discovery.shared.Applications]
2026-04-14T02:51:30.886+01:00 DEBUG 11132 --- [User] [reshExecutor-%d] o.s.web.client.DefaultRestClient         : Reading to [com.netflix.discovery.shared.Applications]
2026-04-14T02:52:00.918+01:00 DEBUG 11132 --- [User] [reshExecutor-%d] o.s.web.client.DefaultRestClient         : Reading to [com.netflix.discovery.shared.Applications]
2026-04-14T02:52:30.936+01:00 DEBUG 11132 --- [User] [reshExecutor-%d] o.s.web.client.DefaultRestClient         : Reading to [com.netflix.discovery.shared.Applications]
2026-04-14T02:53:00.959+01:00 DEBUG 11132 --- [User] [reshExecutor-%d] o.s.web.client.DefaultRestClient         : Reading to [com.netflix.discovery.shared.Applications]
2026-04-14T02:53:30.987+01:00 DEBUG 11132 --- [User] [reshExecutor-%d] o.s.web.client.DefaultRestClient         : Reading to [com.netflix.discovery.shared.Applications]
2026-04-14T02:54:01.012+01:00 DEBUG 11132 --- [User] [reshExecutor-%d] o.s.web.client.DefaultRestClient         : Reading to [com.netflix.discovery.shared.Applications]
2026-04-14T02:54:17.525+01:00  INFO 11132 --- [User] [rap-executor-%d] c.n.d.s.r.aws.ConfigClusterResolver      : Resolving eureka endpoints via configuration
2026-04-14T02:54:31.043+01:00 DEBUG 11132 --- [User] [reshExecutor-%d] o.s.web.client.DefaultRestClient         : Reading to [com.netflix.discovery.shared.Applications]
2026-04-14T02:55:01.072+01:00 DEBUG 11132 --- [User] [reshExecutor-%d] o.s.web.client.DefaultRestClient         : Reading to [com.netflix.discovery.shared.Applications]
2026-04-14T02:55:31.094+01:00 DEBUG 11132 --- [User] [reshExecutor-%d] o.s.web.client.DefaultRestClient         : Reading to [com.netflix.discovery.shared.Applications]
2026-04-14T02:56:01.115+01:00 DEBUG 11132 --- [User] [reshExecutor-%d] o.s.web.client.DefaultRestClient         : Reading to [com.netflix.discovery.shared.Applications]
2026-04-14T02:56:31.140+01:00 DEBUG 11132 --- [User] [reshExecutor-%d] o.s.web.client.DefaultRestClient         : Reading to [com.netflix.discovery.shared.Applications]
2026-04-14T02:57:01.169+01:00 DEBUG 11132 --- [User] [reshExecutor-%d] o.s.web.client.DefaultRestClient         : Reading to [com.netflix.discovery.shared.Applications]
2026-04-14T02:57:31.195+01:00 DEBUG 11132 --- [User] [reshExecutor-%d] o.s.web.client.DefaultRestClient         : Reading to [com.netflix.discovery.shared.Applications]
2026-04-14T02:58:01.212+01:00 DEBUG 11132 --- [User] [reshExecutor-%d] o.s.web.client.DefaultRestClient         : Reading to [com.netflix.discovery.shared.Applications]
2026-04-14T02:58:31.238+01:00 DEBUG 11132 --- [User] [reshExecutor-%d] o.s.web.client.DefaultRestClient         : Reading to [com.netflix.discovery.shared.Applications]
2026-04-14T02:59:01.263+01:00 DEBUG 11132 --- [User] [reshExecutor-%d] o.s.web.client.DefaultRestClient         : Reading to [com.netflix.discovery.shared.Applications]
2026-04-14T02:59:17.529+01:00  INFO 11132 --- [User] [rap-executor-%d] c.n.d.s.r.aws.ConfigClusterResolver      : Resolving eureka endpoints via configuration
2026-04-14T02:59:31.292+01:00 DEBUG 11132 --- [User] [reshExecutor-%d] o.s.web.client.DefaultRestClient         : Reading to [com.netflix.discovery.shared.Applications]
2026-04-14T03:00:01.311+01:00 DEBUG 11132 --- [User] [reshExecutor-%d] o.s.web.client.DefaultRestClient         : Reading to [com.netflix.discovery.shared.Applications]
2026-04-14T03:00:31.342+01:00 DEBUG 11132 --- [User] [reshExecutor-%d] o.s.web.client.DefaultRestClient         : Reading to [com.netflix.discovery.shared.Applications]
2026-04-14T03:01:01.370+01:00 DEBUG 11132 --- [User] [reshExecutor-%d] o.s.web.client.DefaultRestClient         : Reading to [com.netflix.discovery.shared.Applications]
2026-04-14T03:01:31.389+01:00 DEBUG 11132 --- [User] [reshExecutor-%d] o.s.web.client.DefaultRestClient         : Reading to [com.netflix.discovery.shared.Applications]
2026-04-14T03:02:01.416+01:00 DEBUG 11132 --- [User] [reshExecutor-%d] o.s.web.client.DefaultRestClient         : Reading to [com.netflix.discovery.shared.Applications]
2026-04-14T03:02:31.443+01:00 DEBUG 11132 --- [User] [reshExecutor-%d] o.s.web.client.DefaultRestClient         : Reading to [com.netflix.discovery.shared.Applications]
2026-04-14T03:03:01.472+01:00 DEBUG 11132 --- [User] [reshExecutor-%d] o.s.web.client.DefaultRestClient         : Reading to [com.netflix.discovery.shared.Applications]
2026-04-14T03:03:31.496+01:00 DEBUG 11132 --- [User] [reshExecutor-%d] o.s.web.client.DefaultRestClient         : Reading to [com.netflix.discovery.shared.Applications]
2026-04-14T03:04:01.520+01:00 DEBUG 11132 --- [User] [reshExecutor-%d] o.s.web.client.DefaultRestClient         : Reading to [com.netflix.discovery.shared.Applications]
2026-04-14T03:04:17.542+01:00  INFO 11132 --- [User] [rap-executor-%d] c.n.d.s.r.aws.ConfigClusterResolver      : Resolving eureka endpoints via configuration
2026-04-14T03:04:31.538+01:00 DEBUG 11132 --- [User] [reshExecutor-%d] o.s.web.client.DefaultRestClient         : Reading to [com.netflix.discovery.shared.Applications]
2026-04-14T03:05:01.568+01:00 DEBUG 11132 --- [User] [reshExecutor-%d] o.s.web.client.DefaultRestClient         : Reading to [com.netflix.discovery.shared.Applications]
2026-04-14T03:05:31.590+01:00 DEBUG 11132 --- [User] [reshExecutor-%d] o.s.web.client.DefaultRestClient         : Reading to [com.netflix.discovery.shared.Applications]
2026-04-14T03:06:01.619+01:00 DEBUG 11132 --- [User] [reshExecutor-%d] o.s.web.client.DefaultRestClient         : Reading to [com.netflix.discovery.shared.Applications]
2026-04-14T03:06:31.641+01:00 DEBUG 11132 --- [User] [reshExecutor-%d] o.s.web.client.DefaultRestClient         : Reading to [com.netflix.discovery.shared.Applications]
2026-04-14T03:07:01.662+01:00 DEBUG 11132 --- [User] [reshExecutor-%d] o.s.web.client.DefaultRestClient         : Reading to [com.netflix.discovery.shared.Applications]
2026-04-14T03:07:31.693+01:00 DEBUG 11132 --- [User] [reshExecutor-%d] o.s.web.client.DefaultRestClient         : Reading to [com.netflix.discovery.shared.Applications]
2026-04-14T03:08:01.710+01:00 DEBUG 11132 --- [User] [reshExecutor-%d] o.s.web.client.DefaultRestClient         : Reading to [com.netflix.discovery.shared.Applications]
2026-04-14T03:08:31.724+01:00 DEBUG 11132 --- [User] [reshExecutor-%d] o.s.web.client.DefaultRestClient         : Reading to [com.netflix.discovery.shared.Applications]
2026-04-14T03:09:01.745+01:00 DEBUG 11132 --- [User] [reshExecutor-%d] o.s.web.client.DefaultRestClient         : Reading to [com.netflix.discovery.shared.Applications]
2026-04-14T03:09:17.551+01:00  INFO 11132 --- [User] [rap-executor-%d] c.n.d.s.r.aws.ConfigClusterResolver      : Resolving eureka endpoints via configuration
2026-04-14T03:09:31.770+01:00 DEBUG 11132 --- [User] [reshExecutor-%d] o.s.web.client.DefaultRestClient         : Reading to [com.netflix.discovery.shared.Applications]
2026-04-14T03:10:01.791+01:00 DEBUG 11132 --- [User] [reshExecutor-%d] o.s.web.client.DefaultRestClient         : Reading to [com.netflix.discovery.shared.Applications]
2026-04-14T03:10:31.817+01:00 DEBUG 11132 --- [User] [reshExecutor-%d] o.s.web.client.DefaultRestClient         : Reading to [com.netflix.discovery.shared.Applications]
2026-04-14T03:11:01.836+01:00 DEBUG 11132 --- [User] [reshExecutor-%d] o.s.web.client.DefaultRestClient         : Reading to [com.netflix.discovery.shared.Applications]
2026-04-14T03:11:31.853+01:00 DEBUG 11132 --- [User] [reshExecutor-%d] o.s.web.client.DefaultRestClient         : Reading to [com.netflix.discovery.shared.Applications]
2026-04-14T03:12:01.872+01:00 DEBUG 11132 --- [User] [reshExecutor-%d] o.s.web.client.DefaultRestClient         : Reading to [com.netflix.discovery.shared.Applications]
2026-04-14T03:12:31.890+01:00 DEBUG 11132 --- [User] [reshExecutor-%d] o.s.web.client.DefaultRestClient         : Reading to [com.netflix.discovery.shared.Applications]
2026-04-14T03:13:01.908+01:00 DEBUG 11132 --- [User] [reshExecutor-%d] o.s.web.client.DefaultRestClient         : Reading to [com.netflix.discovery.shared.Applications]
2026-04-14T03:13:31.926+01:00 DEBUG 11132 --- [User] [reshExecutor-%d] o.s.web.client.DefaultRestClient         : Reading to [com.netflix.discovery.shared.Applications]
2026-04-14T03:14:01.947+01:00 DEBUG 11132 --- [User] [reshExecutor-%d] o.s.web.client.DefaultRestClient         : Reading to [com.netflix.discovery.shared.Applications]
2026-04-14T03:14:17.552+01:00  INFO 11132 --- [User] [rap-executor-%d] c.n.d.s.r.aws.ConfigClusterResolver      : Resolving eureka endpoints via configuration
2026-04-14T03:14:31.973+01:00 DEBUG 11132 --- [User] [reshExecutor-%d] o.s.web.client.DefaultRestClient         : Reading to [com.netflix.discovery.shared.Applications]
2026-04-14T03:15:01.995+01:00 DEBUG 11132 --- [User] [reshExecutor-%d] o.s.web.client.DefaultRestClient         : Reading to [com.netflix.discovery.shared.Applications]
2026-04-14T03:15:32.014+01:00 DEBUG 11132 --- [User] [reshExecutor-%d] o.s.web.client.DefaultRestClient         : Reading to [com.netflix.discovery.shared.Applications]
2026-04-14T03:16:02.036+01:00 DEBUG 11132 --- [User] [reshExecutor-%d] o.s.web.client.DefaultRestClient         : Reading to [com.netflix.discovery.shared.Applications]
2026-04-14T03:16:32.060+01:00 DEBUG 11132 --- [User] [reshExecutor-%d] o.s.web.client.DefaultRestClient         : Reading to [com.netflix.discovery.shared.Applications]
2026-04-14T03:17:02.087+01:00 DEBUG 11132 --- [User] [reshExecutor-%d] o.s.web.client.DefaultRestClient         : Reading to [com.netflix.discovery.shared.Applications]
2026-04-14T03:17:32.117+01:00 DEBUG 11132 --- [User] [reshExecutor-%d] o.s.web.client.DefaultRestClient         : Reading to [com.netflix.discovery.shared.Applications]
2026-04-14T03:18:02.140+01:00 DEBUG 11132 --- [User] [reshExecutor-%d] o.s.web.client.DefaultRestClient         : Reading to [com.netflix.discovery.shared.Applications]
2026-04-14T03:18:32.162+01:00 DEBUG 11132 --- [User] [reshExecutor-%d] o.s.web.client.DefaultRestClient         : Reading to [com.netflix.discovery.shared.Applications]
2026-04-14T03:19:02.191+01:00 DEBUG 11132 --- [User] [reshExecutor-%d] o.s.web.client.DefaultRestClient         : Reading to [com.netflix.discovery.shared.Applications]
2026-04-14T03:19:17.561+01:00  INFO 11132 --- [User] [rap-executor-%d] c.n.d.s.r.aws.ConfigClusterResolver      : Resolving eureka endpoints via configuration
2026-04-14T03:19:32.214+01:00 DEBUG 11132 --- [User] [reshExecutor-%d] o.s.web.client.DefaultRestClient         : Reading to [com.netflix.discovery.shared.Applications]
2026-04-14T03:20:02.232+01:00 DEBUG 11132 --- [User] [reshExecutor-%d] o.s.web.client.DefaultRestClient         : Reading to [com.netflix.discovery.shared.Applications]
2026-04-14T03:20:32.261+01:00 DEBUG 11132 --- [User] [reshExecutor-%d] o.s.web.client.DefaultRestClient         : Reading to [com.netflix.discovery.shared.Applications]
2026-04-14T03:21:02.278+01:00 DEBUG 11132 --- [User] [reshExecutor-%d] o.s.web.client.DefaultRestClient         : Reading to [com.netflix.discovery.shared.Applications]
2026-04-14T03:21:32.310+01:00 DEBUG 11132 --- [User] [reshExecutor-%d] o.s.web.client.DefaultRestClient         : Reading to [com.netflix.discovery.shared.Applications]
2026-04-14T03:22:02.331+01:00 DEBUG 11132 --- [User] [reshExecutor-%d] o.s.web.client.DefaultRestClient         : Reading to [com.netflix.discovery.shared.Applications]
2026-04-14T03:22:32.357+01:00 DEBUG 11132 --- [User] [reshExecutor-%d] o.s.web.client.DefaultRestClient         : Reading to [com.netflix.discovery.shared.Applications]
2026-04-14T03:23:02.388+01:00 DEBUG 11132 --- [User] [reshExecutor-%d] o.s.web.client.DefaultRestClient         : Reading to [com.netflix.discovery.shared.Applications]
2026-04-14T03:23:32.418+01:00 DEBUG 11132 --- [User] [reshExecutor-%d] o.s.web.client.DefaultRestClient         : Reading to [com.netflix.discovery.shared.Applications]
2026-04-14T03:24:02.449+01:00 DEBUG 11132 --- [User] [reshExecutor-%d] o.s.web.client.DefaultRestClient         : Reading to [com.netflix.discovery.shared.Applications]
2026-04-14T03:24:17.570+01:00  INFO 11132 --- [User] [rap-executor-%d] c.n.d.s.r.aws.ConfigClusterResolver      : Resolving eureka endpoints via configuration
2026-04-14T03:24:32.479+01:00 DEBUG 11132 --- [User] [reshExecutor-%d] o.s.web.client.DefaultRestClient         : Reading to [com.netflix.discovery.shared.Applications]
2026-04-14T03:25:02.501+01:00 DEBUG 11132 --- [User] [reshExecutor-%d] o.s.web.client.DefaultRestClient         : Reading to [com.netflix.discovery.shared.Applications]
2026-04-14T03:25:32.531+01:00 DEBUG 11132 --- [User] [reshExecutor-%d] o.s.web.client.DefaultRestClient         : Reading to [com.netflix.discovery.shared.Applications]
2026-04-14T03:26:02.548+01:00 DEBUG 11132 --- [User] [reshExecutor-%d] o.s.web.client.DefaultRestClient         : Reading to [com.netflix.discovery.shared.Applications]
2026-04-14T03:26:32.573+01:00 DEBUG 11132 --- [User] [reshExecutor-%d] o.s.web.client.DefaultRestClient         : Reading to [com.netflix.discovery.shared.Applications]
2026-04-14T03:27:02.590+01:00 DEBUG 11132 --- [User] [reshExecutor-%d] o.s.web.client.DefaultRestClient         : Reading to [com.netflix.discovery.shared.Applications]
2026-04-14T03:27:32.617+01:00 DEBUG 11132 --- [User] [reshExecutor-%d] o.s.web.client.DefaultRestClient         : Reading to [com.netflix.discovery.shared.Applications]
2026-04-14T03:28:02.647+01:00 DEBUG 11132 --- [User] [reshExecutor-%d] o.s.web.client.DefaultRestClient         : Reading to [com.netflix.discovery.shared.Applications]
2026-04-14T03:28:32.676+01:00 DEBUG 11132 --- [User] [reshExecutor-%d] o.s.web.client.DefaultRestClient         : Reading to [com.netflix.discovery.shared.Applications]
2026-04-14T03:29:02.693+01:00 DEBUG 11132 --- [User] [reshExecutor-%d] o.s.web.client.DefaultRestClient         : Reading to [com.netflix.discovery.shared.Applications]
2026-04-14T03:29:17.570+01:00  INFO 11132 --- [User] [rap-executor-%d] c.n.d.s.r.aws.ConfigClusterResolver      : Resolving eureka endpoints via configuration
2026-04-14T03:29:32.722+01:00 DEBUG 11132 --- [User] [reshExecutor-%d] o.s.web.client.DefaultRestClient         : Reading to [com.netflix.discovery.shared.Applications]
2026-04-14T03:30:02.752+01:00 DEBUG 11132 --- [User] [reshExecutor-%d] o.s.web.client.DefaultRestClient         : Reading to [com.netflix.discovery.shared.Applications]
2026-04-14T03:30:32.773+01:00 DEBUG 11132 --- [User] [reshExecutor-%d] o.s.web.client.DefaultRestClient         : Reading to [com.netflix.discovery.shared.Applications]
2026-04-14T03:31:02.798+01:00 DEBUG 11132 --- [User] [reshExecutor-%d] o.s.web.client.DefaultRestClient         : Reading to [com.netflix.discovery.shared.Applications]
2026-04-14T03:31:32.816+01:00 DEBUG 11132 --- [User] [reshExecutor-%d] o.s.web.client.DefaultRestClient         : Reading to [com.netflix.discovery.shared.Applications]
2026-04-14T03:32:02.847+01:00 DEBUG 11132 --- [User] [reshExecutor-%d] o.s.web.client.DefaultRestClient         : Reading to [com.netflix.discovery.shared.Applications]
2026-04-14T03:32:32.869+01:00 DEBUG 11132 --- [User] [reshExecutor-%d] o.s.web.client.DefaultRestClient         : Reading to [com.netflix.discovery.shared.Applications]
2026-04-14T03:33:02.895+01:00 DEBUG 11132 --- [User] [reshExecutor-%d] o.s.web.client.DefaultRestClient         : Reading to [com.netflix.discovery.shared.Applications]
2026-04-14T03:33:32.914+01:00 DEBUG 11132 --- [User] [reshExecutor-%d] o.s.web.client.DefaultRestClient         : Reading to [com.netflix.discovery.shared.Applications]
2026-04-14T03:34:02.932+01:00 DEBUG 11132 --- [User] [reshExecutor-%d] o.s.web.client.DefaultRestClient         : Reading to [com.netflix.discovery.shared.Applications]
2026-04-14T03:34:17.577+01:00  INFO 11132 --- [User] [rap-executor-%d] c.n.d.s.r.aws.ConfigClusterResolver      : Resolving eureka endpoints via configuration
2026-04-14T03:34:32.949+01:00 DEBUG 11132 --- [User] [reshExecutor-%d] o.s.web.client.DefaultRestClient         : Reading to [com.netflix.discovery.shared.Applications]
2026-04-14T03:35:02.973+01:00 DEBUG 11132 --- [User] [reshExecutor-%d] o.s.web.client.DefaultRestClient         : Reading to [com.netflix.discovery.shared.Applications]
2026-04-14T03:35:33.000+01:00 DEBUG 11132 --- [User] [reshExecutor-%d] o.s.web.client.DefaultRestClient         : Reading to [com.netflix.discovery.shared.Applications]
2026-04-14T03:36:03.022+01:00 DEBUG 11132 --- [User] [reshExecutor-%d] o.s.web.client.DefaultRestClient         : Reading to [com.netflix.discovery.shared.Applications]
2026-04-14T03:36:33.050+01:00 DEBUG 11132 --- [User] [reshExecutor-%d] o.s.web.client.DefaultRestClient         : Reading to [com.netflix.discovery.shared.Applications]
2026-04-14T03:37:03.077+01:00 DEBUG 11132 --- [User] [reshExecutor-%d] o.s.web.client.DefaultRestClient         : Reading to [com.netflix.discovery.shared.Applications]
2026-04-14T03:37:33.105+01:00 DEBUG 11132 --- [User] [reshExecutor-%d] o.s.web.client.DefaultRestClient         : Reading to [com.netflix.discovery.shared.Applications]
2026-04-14T03:38:03.133+01:00 DEBUG 11132 --- [User] [reshExecutor-%d] o.s.web.client.DefaultRestClient         : Reading to [com.netflix.discovery.shared.Applications]
2026-04-14T03:38:33.165+01:00 DEBUG 11132 --- [User] [reshExecutor-%d] o.s.web.client.DefaultRestClient         : Reading to [com.netflix.discovery.shared.Applications]
2026-04-14T03:39:03.193+01:00 DEBUG 11132 --- [User] [reshExecutor-%d] o.s.web.client.DefaultRestClient         : Reading to [com.netflix.discovery.shared.Applications]
2026-04-14T03:39:17.589+01:00  INFO 11132 --- [User] [rap-executor-%d] c.n.d.s.r.aws.ConfigClusterResolver      : Resolving eureka endpoints via configuration
2026-04-14T03:39:33.223+01:00 DEBUG 11132 --- [User] [reshExecutor-%d] o.s.web.client.DefaultRestClient         : Reading to [com.netflix.discovery.shared.Applications]
2026-04-14T03:40:03.249+01:00 DEBUG 11132 --- [User] [reshExecutor-%d] o.s.web.client.DefaultRestClient         : Reading to [com.netflix.discovery.shared.Applications]
2026-04-14T03:40:33.275+01:00 DEBUG 11132 --- [User] [reshExecutor-%d] o.s.web.client.DefaultRestClient         : Reading to [com.netflix.discovery.shared.Applications]
2026-04-14T03:41:03.300+01:00 DEBUG 11132 --- [User] [reshExecutor-%d] o.s.web.client.DefaultRestClient         : Reading to [com.netflix.discovery.shared.Applications]
2026-04-14T03:41:33.322+01:00 DEBUG 11132 --- [User] [reshExecutor-%d] o.s.web.client.DefaultRestClient         : Reading to [com.netflix.discovery.shared.Applications]
2026-04-14T03:42:03.351+01:00 DEBUG 11132 --- [User] [reshExecutor-%d] o.s.web.client.DefaultRestClient         : Reading to [com.netflix.discovery.shared.Applications]
2026-04-14T03:42:33.380+01:00 DEBUG 11132 --- [User] [reshExecutor-%d] o.s.web.client.DefaultRestClient         : Reading to [com.netflix.discovery.shared.Applications]
2026-04-14T03:43:03.402+01:00 DEBUG 11132 --- [User] [reshExecutor-%d] o.s.web.client.DefaultRestClient         : Reading to [com.netflix.discovery.shared.Applications]
2026-04-14T03:43:33.428+01:00 DEBUG 11132 --- [User] [reshExecutor-%d] o.s.web.client.DefaultRestClient         : Reading to [com.netflix.discovery.shared.Applications]
2026-04-14T03:44:03.456+01:00 DEBUG 11132 --- [User] [reshExecutor-%d] o.s.web.client.DefaultRestClient         : Reading to [com.netflix.discovery.shared.Applications]
2026-04-14T03:44:17.604+01:00  INFO 11132 --- [User] [rap-executor-%d] c.n.d.s.r.aws.ConfigClusterResolver      : Resolving eureka endpoints via configuration
2026-04-14T03:44:33.482+01:00 DEBUG 11132 --- [User] [reshExecutor-%d] o.s.web.client.DefaultRestClient         : Reading to [com.netflix.discovery.shared.Applications]
2026-04-14T03:45:03.507+01:00 DEBUG 11132 --- [User] [reshExecutor-%d] o.s.web.client.DefaultRestClient         : Reading to [com.netflix.discovery.shared.Applications]
2026-04-14T03:45:33.527+01:00 DEBUG 11132 --- [User] [reshExecutor-%d] o.s.web.client.DefaultRestClient         : Reading to [com.netflix.discovery.shared.Applications]
2026-04-14T03:46:03.553+01:00 DEBUG 11132 --- [User] [reshExecutor-%d] o.s.web.client.DefaultRestClient         : Reading to [com.netflix.discovery.shared.Applications]
2026-04-14T03:46:33.585+01:00 DEBUG 11132 --- [User] [reshExecutor-%d] o.s.web.client.DefaultRestClient         : Reading to [com.netflix.discovery.shared.Applications]
2026-04-14T03:47:03.614+01:00 DEBUG 11132 --- [User] [reshExecutor-%d] o.s.web.client.DefaultRestClient         : Reading to [com.netflix.discovery.shared.Applications]
2026-04-14T03:47:33.637+01:00 DEBUG 11132 --- [User] [reshExecutor-%d] o.s.web.client.DefaultRestClient         : Reading to [com.netflix.discovery.shared.Applications]
2026-04-14T03:48:03.655+01:00 DEBUG 11132 --- [User] [reshExecutor-%d] o.s.web.client.DefaultRestClient         : Reading to [com.netflix.discovery.shared.Applications]
2026-04-14T03:48:33.681+01:00 DEBUG 11132 --- [User] [reshExecutor-%d] o.s.web.client.DefaultRestClient         : Reading to [com.netflix.discovery.shared.Applications]
2026-04-14T03:49:03.700+01:00 DEBUG 11132 --- [User] [reshExecutor-%d] o.s.web.client.DefaultRestClient         : Reading to [com.netflix.discovery.shared.Applications]
2026-04-14T03:49:17.617+01:00  INFO 11132 --- [User] [rap-executor-%d] c.n.d.s.r.aws.ConfigClusterResolver      : Resolving eureka endpoints via configuration
2026-04-14T03:49:33.728+01:00 DEBUG 11132 --- [User] [reshExecutor-%d] o.s.web.client.DefaultRestClient         : Reading to [com.netflix.discovery.shared.Applications]
2026-04-14T03:50:03.752+01:00 DEBUG 11132 --- [User] [reshExecutor-%d] o.s.web.client.DefaultRestClient         : Reading to [com.netflix.discovery.shared.Applications]
2026-04-14T03:50:33.776+01:00 DEBUG 11132 --- [User] [reshExecutor-%d] o.s.web.client.DefaultRestClient         : Reading to [com.netflix.discovery.shared.Applications]
2026-04-14T03:51:03.799+01:00 DEBUG 11132 --- [User] [reshExecutor-%d] o.s.web.client.DefaultRestClient         : Reading to [com.netflix.discovery.shared.Applications]
2026-04-14T03:51:33.816+01:00 DEBUG 11132 --- [User] [reshExecutor-%d] o.s.web.client.DefaultRestClient         : Reading to [com.netflix.discovery.shared.Applications]
2026-04-14T03:52:03.838+01:00 DEBUG 11132 --- [User] [reshExecutor-%d] o.s.web.client.DefaultRestClient         : Reading to [com.netflix.discovery.shared.Applications]
2026-04-14T03:52:33.864+01:00 DEBUG 11132 --- [User] [reshExecutor-%d] o.s.web.client.DefaultRestClient         : Reading to [com.netflix.discovery.shared.Applications]
2026-04-14T03:53:03.895+01:00 DEBUG 11132 --- [User] [reshExecutor-%d] o.s.web.client.DefaultRestClient         : Reading to [com.netflix.discovery.shared.Applications]
2026-04-14T03:53:33.912+01:00 DEBUG 11132 --- [User] [reshExecutor-%d] o.s.web.client.DefaultRestClient         : Reading to [com.netflix.discovery.shared.Applications]
2026-04-14T03:54:03.943+01:00 DEBUG 11132 --- [User] [reshExecutor-%d] o.s.web.client.DefaultRestClient         : Reading to [com.netflix.discovery.shared.Applications]
2026-04-14T03:54:17.629+01:00  INFO 11132 --- [User] [rap-executor-%d] c.n.d.s.r.aws.ConfigClusterResolver      : Resolving eureka endpoints via configuration
2026-04-14T03:54:33.966+01:00 DEBUG 11132 --- [User] [reshExecutor-%d] o.s.web.client.DefaultRestClient         : Reading to [com.netflix.discovery.shared.Applications]
2026-04-14T03:55:03.993+01:00 DEBUG 11132 --- [User] [reshExecutor-%d] o.s.web.client.DefaultRestClient         : Reading to [com.netflix.discovery.shared.Applications]
2026-04-14T03:55:34.021+01:00 DEBUG 11132 --- [User] [reshExecutor-%d] o.s.web.client.DefaultRestClient         : Reading to [com.netflix.discovery.shared.Applications]
2026-04-14T03:56:04.037+01:00 DEBUG 11132 --- [User] [reshExecutor-%d] o.s.web.client.DefaultRestClient         : Reading to [com.netflix.discovery.shared.Applications]
2026-04-14T03:56:34.064+01:00 DEBUG 11132 --- [User] [reshExecutor-%d] o.s.web.client.DefaultRestClient         : Reading to [com.netflix.discovery.shared.Applications]
2026-04-14T03:57:04.084+01:00 DEBUG 11132 --- [User] [reshExecutor-%d] o.s.web.client.DefaultRestClient         : Reading to [com.netflix.discovery.shared.Applications]
2026-04-14T03:57:34.113+01:00 DEBUG 11132 --- [User] [reshExecutor-%d] o.s.web.client.DefaultRestClient         : Reading to [com.netflix.discovery.shared.Applications]
2026-04-14T03:58:04.133+01:00 DEBUG 11132 --- [User] [reshExecutor-%d] o.s.web.client.DefaultRestClient         : Reading to [com.netflix.discovery.shared.Applications]
2026-04-14T03:58:34.149+01:00 DEBUG 11132 --- [User] [reshExecutor-%d] o.s.web.client.DefaultRestClient         : Reading to [com.netflix.discovery.shared.Applications]
2026-04-14T03:59:04.173+01:00 DEBUG 11132 --- [User] [reshExecutor-%d] o.s.web.client.DefaultRestClient         : Reading to [com.netflix.discovery.shared.Applications]
2026-04-14T03:59:17.636+01:00  INFO 11132 --- [User] [rap-executor-%d] c.n.d.s.r.aws.ConfigClusterResolver      : Resolving eureka endpoints via configuration
2026-04-14T03:59:34.203+01:00 DEBUG 11132 --- [User] [reshExecutor-%d] o.s.web.client.DefaultRestClient         : Reading to [com.netflix.discovery.shared.Applications]
2026-04-14T04:00:04.232+01:00 DEBUG 11132 --- [User] [reshExecutor-%d] o.s.web.client.DefaultRestClient         : Reading to [com.netflix.discovery.shared.Applications]
2026-04-14T04:00:34.250+01:00 DEBUG 11132 --- [User] [reshExecutor-%d] o.s.web.client.DefaultRestClient         : Reading to [com.netflix.discovery.shared.Applications]
2026-04-14T04:01:04.263+01:00 DEBUG 11132 --- [User] [reshExecutor-%d] o.s.web.client.DefaultRestClient         : Reading to [com.netflix.discovery.shared.Applications]
2026-04-14T04:01:34.281+01:00 DEBUG 11132 --- [User] [reshExecutor-%d] o.s.web.client.DefaultRestClient         : Reading to [com.netflix.discovery.shared.Applications]
2026-04-14T04:02:04.313+01:00 DEBUG 11132 --- [User] [reshExecutor-%d] o.s.web.client.DefaultRestClient         : Reading to [com.netflix.discovery.shared.Applications]
2026-04-14T04:02:34.336+01:00 DEBUG 11132 --- [User] [reshExecutor-%d] o.s.web.client.DefaultRestClient         : Reading to [com.netflix.discovery.shared.Applications]
2026-04-14T04:03:04.366+01:00 DEBUG 11132 --- [User] [reshExecutor-%d] o.s.web.client.DefaultRestClient         : Reading to [com.netflix.discovery.shared.Applications]
2026-04-14T04:03:34.389+01:00 DEBUG 11132 --- [User] [reshExecutor-%d] o.s.web.client.DefaultRestClient         : Reading to [com.netflix.discovery.shared.Applications]
2026-04-14T04:04:04.417+01:00 DEBUG 11132 --- [User] [reshExecutor-%d] o.s.web.client.DefaultRestClient         : Reading to [com.netflix.discovery.shared.Applications]
2026-04-14T04:04:17.645+01:00  INFO 11132 --- [User] [rap-executor-%d] c.n.d.s.r.aws.ConfigClusterResolver      : Resolving eureka endpoints via configuration
2026-04-14T04:04:34.443+01:00 DEBUG 11132 --- [User] [reshExecutor-%d] o.s.web.client.DefaultRestClient         : Reading to [com.netflix.discovery.shared.Applications]
2026-04-14T04:05:04.472+01:00 DEBUG 11132 --- [User] [reshExecutor-%d] o.s.web.client.DefaultRestClient         : Reading to [com.netflix.discovery.shared.Applications]
2026-04-14T04:05:34.490+01:00 DEBUG 11132 --- [User] [reshExecutor-%d] o.s.web.client.DefaultRestClient         : Reading to [com.netflix.discovery.shared.Applications]
2026-04-14T04:06:04.516+01:00 DEBUG 11132 --- [User] [reshExecutor-%d] o.s.web.client.DefaultRestClient         : Reading to [com.netflix.discovery.shared.Applications]
2026-04-14T04:06:34.537+01:00 DEBUG 11132 --- [User] [reshExecutor-%d] o.s.web.client.DefaultRestClient         : Reading to [com.netflix.discovery.shared.Applications]
2026-04-14T04:07:04.567+01:00 DEBUG 11132 --- [User] [reshExecutor-%d] o.s.web.client.DefaultRestClient         : Reading to [com.netflix.discovery.shared.Applications]
2026-04-14T04:07:34.594+01:00 DEBUG 11132 --- [User] [reshExecutor-%d] o.s.web.client.DefaultRestClient         : Reading to [com.netflix.discovery.shared.Applications]
2026-04-14T04:08:04.614+01:00 DEBUG 11132 --- [User] [reshExecutor-%d] o.s.web.client.DefaultRestClient         : Reading to [com.netflix.discovery.shared.Applications]
2026-04-14T04:08:34.632+01:00 DEBUG 11132 --- [User] [reshExecutor-%d] o.s.web.client.DefaultRestClient         : Reading to [com.netflix.discovery.shared.Applications]
2026-04-14T04:09:04.654+01:00 DEBUG 11132 --- [User] [reshExecutor-%d] o.s.web.client.DefaultRestClient         : Reading to [com.netflix.discovery.shared.Applications]
2026-04-14T04:09:17.654+01:00  INFO 11132 --- [User] [rap-executor-%d] c.n.d.s.r.aws.ConfigClusterResolver      : Resolving eureka endpoints via configuration
2026-04-14T04:09:34.687+01:00 DEBUG 11132 --- [User] [reshExecutor-%d] o.s.web.client.DefaultRestClient         : Reading to [com.netflix.discovery.shared.Applications]
2026-04-14T04:10:04.707+01:00 DEBUG 11132 --- [User] [reshExecutor-%d] o.s.web.client.DefaultRestClient         : Reading to [com.netflix.discovery.shared.Applications]
2026-04-14T04:10:34.724+01:00 DEBUG 11132 --- [User] [reshExecutor-%d] o.s.web.client.DefaultRestClient         : Reading to [com.netflix.discovery.shared.Applications]
2026-04-14T04:11:04.755+01:00 DEBUG 11132 --- [User] [reshExecutor-%d] o.s.web.client.DefaultRestClient         : Reading to [com.netflix.discovery.shared.Applications]
2026-04-14T04:11:34.779+01:00 DEBUG 11132 --- [User] [reshExecutor-%d] o.s.web.client.DefaultRestClient         : Reading to [com.netflix.discovery.shared.Applications]
2026-04-14T04:12:04.809+01:00 DEBUG 11132 --- [User] [reshExecutor-%d] o.s.web.client.DefaultRestClient         : Reading to [com.netflix.discovery.shared.Applications]
2026-04-14T04:12:34.842+01:00 DEBUG 11132 --- [User] [reshExecutor-%d] o.s.web.client.DefaultRestClient         : Reading to [com.netflix.discovery.shared.Applications]
2026-04-14T04:13:04.867+01:00 DEBUG 11132 --- [User] [reshExecutor-%d] o.s.web.client.DefaultRestClient         : Reading to [com.netflix.discovery.shared.Applications]
2026-04-14T04:13:34.896+01:00 DEBUG 11132 --- [User] [reshExecutor-%d] o.s.web.client.DefaultRestClient         : Reading to [com.netflix.discovery.shared.Applications]
2026-04-14T04:14:04.919+01:00 DEBUG 11132 --- [User] [reshExecutor-%d] o.s.web.client.DefaultRestClient         : Reading to [com.netflix.discovery.shared.Applications]
2026-04-14T04:14:17.655+01:00  INFO 11132 --- [User] [rap-executor-%d] c.n.d.s.r.aws.ConfigClusterResolver      : Resolving eureka endpoints via configuration
2026-04-14T04:14:34.937+01:00 DEBUG 11132 --- [User] [reshExecutor-%d] o.s.web.client.DefaultRestClient         : Reading to [com.netflix.discovery.shared.Applications]
2026-04-14T04:15:04.969+01:00 DEBUG 11132 --- [User] [reshExecutor-%d] o.s.web.client.DefaultRestClient         : Reading to [com.netflix.discovery.shared.Applications]
2026-04-14T04:15:34.994+01:00 DEBUG 11132 --- [User] [reshExecutor-%d] o.s.web.client.DefaultRestClient         : Reading to [com.netflix.discovery.shared.Applications]
2026-04-14T04:16:05.020+01:00 DEBUG 11132 --- [User] [reshExecutor-%d] o.s.web.client.DefaultRestClient         : Reading to [com.netflix.discovery.shared.Applications]
2026-04-14T04:16:35.043+01:00 DEBUG 11132 --- [User] [reshExecutor-%d] o.s.web.client.DefaultRestClient         : Reading to [com.netflix.discovery.shared.Applications]
2026-04-14T04:17:05.071+01:00 DEBUG 11132 --- [User] [reshExecutor-%d] o.s.web.client.DefaultRestClient         : Reading to [com.netflix.discovery.shared.Applications]
2026-04-14T04:17:35.096+01:00 DEBUG 11132 --- [User] [reshExecutor-%d] o.s.web.client.DefaultRestClient         : Reading to [com.netflix.discovery.shared.Applications]
2026-04-14T04:18:05.118+01:00 DEBUG 11132 --- [User] [reshExecutor-%d] o.s.web.client.DefaultRestClient         : Reading to [com.netflix.discovery.shared.Applications]
2026-04-14T04:18:35.135+01:00 DEBUG 11132 --- [User] [reshExecutor-%d] o.s.web.client.DefaultRestClient         : Reading to [com.netflix.discovery.shared.Applications]
2026-04-14T04:19:05.156+01:00 DEBUG 11132 --- [User] [reshExecutor-%d] o.s.web.client.DefaultRestClient         : Reading to [com.netflix.discovery.shared.Applications]
2026-04-14T04:19:17.660+01:00  INFO 11132 --- [User] [rap-executor-%d] c.n.d.s.r.aws.ConfigClusterResolver      : Resolving eureka endpoints via configuration
2026-04-14T04:19:35.176+01:00 DEBUG 11132 --- [User] [reshExecutor-%d] o.s.web.client.DefaultRestClient         : Reading to [com.netflix.discovery.shared.Applications]
2026-04-14T04:20:05.200+01:00 DEBUG 11132 --- [User] [reshExecutor-%d] o.s.web.client.DefaultRestClient         : Reading to [com.netflix.discovery.shared.Applications]
2026-04-14T04:20:35.230+01:00 DEBUG 11132 --- [User] [reshExecutor-%d] o.s.web.client.DefaultRestClient         : Reading to [com.netflix.discovery.shared.Applications]
2026-04-14T04:21:05.258+01:00 DEBUG 11132 --- [User] [reshExecutor-%d] o.s.web.client.DefaultRestClient         : Reading to [com.netflix.discovery.shared.Applications]
2026-04-14T04:21:35.283+01:00 DEBUG 11132 --- [User] [reshExecutor-%d] o.s.web.client.DefaultRestClient         : Reading to [com.netflix.discovery.shared.Applications]
2026-04-14T04:22:05.311+01:00 DEBUG 11132 --- [User] [reshExecutor-%d] o.s.web.client.DefaultRestClient         : Reading to [com.netflix.discovery.shared.Applications]
2026-04-14T04:22:35.328+01:00 DEBUG 11132 --- [User] [reshExecutor-%d] o.s.web.client.DefaultRestClient         : Reading to [com.netflix.discovery.shared.Applications]
2026-04-14T04:23:05.354+01:00 DEBUG 11132 --- [User] [reshExecutor-%d] o.s.web.client.DefaultRestClient         : Reading to [com.netflix.discovery.shared.Applications]
2026-04-14T04:23:35.381+01:00 DEBUG 11132 --- [User] [reshExecutor-%d] o.s.web.client.DefaultRestClient         : Reading to [com.netflix.discovery.shared.Applications]
2026-04-14T04:24:05.404+01:00 DEBUG 11132 --- [User] [reshExecutor-%d] o.s.web.client.DefaultRestClient         : Reading to [com.netflix.discovery.shared.Applications]
2026-04-14T04:24:17.674+01:00  INFO 11132 --- [User] [rap-executor-%d] c.n.d.s.r.aws.ConfigClusterResolver      : Resolving eureka endpoints via configuration
2026-04-14T04:24:35.422+01:00 DEBUG 11132 --- [User] [reshExecutor-%d] o.s.web.client.DefaultRestClient         : Reading to [com.netflix.discovery.shared.Applications]
2026-04-14T04:25:05.447+01:00 DEBUG 11132 --- [User] [reshExecutor-%d] o.s.web.client.DefaultRestClient         : Reading to [com.netflix.discovery.shared.Applications]
2026-04-14T04:25:35.473+01:00 DEBUG 11132 --- [User] [reshExecutor-%d] o.s.web.client.DefaultRestClient         : Reading to [com.netflix.discovery.shared.Applications]
2026-04-14T04:26:05.493+01:00 DEBUG 11132 --- [User] [reshExecutor-%d] o.s.web.client.DefaultRestClient         : Reading to [com.netflix.discovery.shared.Applications]
2026-04-14T04:26:35.512+01:00 DEBUG 11132 --- [User] [reshExecutor-%d] o.s.web.client.DefaultRestClient         : Reading to [com.netflix.discovery.shared.Applications]
2026-04-14T04:27:05.528+01:00 DEBUG 11132 --- [User] [reshExecutor-%d] o.s.web.client.DefaultRestClient         : Reading to [com.netflix.discovery.shared.Applications]
2026-04-14T04:27:35.547+01:00 DEBUG 11132 --- [User] [reshExecutor-%d] o.s.web.client.DefaultRestClient         : Reading to [com.netflix.discovery.shared.Applications]
2026-04-14T04:28:05.574+01:00 DEBUG 11132 --- [User] [reshExecutor-%d] o.s.web.client.DefaultRestClient         : Reading to [com.netflix.discovery.shared.Applications]
2026-04-14T04:28:35.595+01:00 DEBUG 11132 --- [User] [reshExecutor-%d] o.s.web.client.DefaultRestClient         : Reading to [com.netflix.discovery.shared.Applications]
2026-04-14T04:29:05.621+01:00 DEBUG 11132 --- [User] [reshExecutor-%d] o.s.web.client.DefaultRestClient         : Reading to [com.netflix.discovery.shared.Applications]
2026-04-14T04:29:17.682+01:00  INFO 11132 --- [User] [rap-executor-%d] c.n.d.s.r.aws.ConfigClusterResolver      : Resolving eureka endpoints via configuration
2026-04-14T04:29:35.639+01:00 DEBUG 11132 --- [User] [reshExecutor-%d] o.s.web.client.DefaultRestClient         : Reading to [com.netflix.discovery.shared.Applications]
2026-04-14T04:30:05.658+01:00 DEBUG 11132 --- [User] [reshExecutor-%d] o.s.web.client.DefaultRestClient         : Reading to [com.netflix.discovery.shared.Applications]
2026-04-14T04:30:35.681+01:00 DEBUG 11132 --- [User] [reshExecutor-%d] o.s.web.client.DefaultRestClient         : Reading to [com.netflix.discovery.shared.Applications]
2026-04-14T04:31:05.706+01:00 DEBUG 11132 --- [User] [reshExecutor-%d] o.s.web.client.DefaultRestClient         : Reading to [com.netflix.discovery.shared.Applications]
2026-04-14T04:31:35.739+01:00 DEBUG 11132 --- [User] [reshExecutor-%d] o.s.web.client.DefaultRestClient         : Reading to [com.netflix.discovery.shared.Applications]
2026-04-14T04:32:05.764+01:00 DEBUG 11132 --- [User] [reshExecutor-%d] o.s.web.client.DefaultRestClient         : Reading to [com.netflix.discovery.shared.Applications]
2026-04-14T04:32:35.793+01:00 DEBUG 11132 --- [User] [reshExecutor-%d] o.s.web.client.DefaultRestClient         : Reading to [com.netflix.discovery.shared.Applications]
2026-04-14T04:33:05.820+01:00 DEBUG 11132 --- [User] [reshExecutor-%d] o.s.web.client.DefaultRestClient         : Reading to [com.netflix.discovery.shared.Applications]
2026-04-14T04:33:35.849+01:00 DEBUG 11132 --- [User] [reshExecutor-%d] o.s.web.client.DefaultRestClient         : Reading to [com.netflix.discovery.shared.Applications]
2026-04-14T04:34:05.871+01:00 DEBUG 11132 --- [User] [reshExecutor-%d] o.s.web.client.DefaultRestClient         : Reading to [com.netflix.discovery.shared.Applications]
2026-04-14T04:34:17.687+01:00  INFO 11132 --- [User] [rap-executor-%d] c.n.d.s.r.aws.ConfigClusterResolver      : Resolving eureka endpoints via configuration
2026-04-14T04:34:35.888+01:00 DEBUG 11132 --- [User] [reshExecutor-%d] o.s.web.client.DefaultRestClient         : Reading to [com.netflix.discovery.shared.Applications]
2026-04-14T04:35:05.906+01:00 DEBUG 11132 --- [User] [reshExecutor-%d] o.s.web.client.DefaultRestClient         : Reading to [com.netflix.discovery.shared.Applications]
2026-04-14T04:35:35.923+01:00 DEBUG 11132 --- [User] [reshExecutor-%d] o.s.web.client.DefaultRestClient         : Reading to [com.netflix.discovery.shared.Applications]
2026-04-14T04:36:05.953+01:00 DEBUG 11132 --- [User] [reshExecutor-%d] o.s.web.client.DefaultRestClient         : Reading to [com.netflix.discovery.shared.Applications]
2026-04-14T04:36:35.976+01:00 DEBUG 11132 --- [User] [reshExecutor-%d] o.s.web.client.DefaultRestClient         : Reading to [com.netflix.discovery.shared.Applications]
2026-04-14T04:37:05.995+01:00 DEBUG 11132 --- [User] [reshExecutor-%d] o.s.web.client.DefaultRestClient         : Reading to [com.netflix.discovery.shared.Applications]
2026-04-14T04:37:36.013+01:00 DEBUG 11132 --- [User] [reshExecutor-%d] o.s.web.client.DefaultRestClient         : Reading to [com.netflix.discovery.shared.Applications]
2026-04-14T04:38:06.035+01:00 DEBUG 11132 --- [User] [reshExecutor-%d] o.s.web.client.DefaultRestClient         : Reading to [com.netflix.discovery.shared.Applications]
2026-04-14T04:38:36.064+01:00 DEBUG 11132 --- [User] [reshExecutor-%d] o.s.web.client.DefaultRestClient         : Reading to [com.netflix.discovery.shared.Applications]
2026-04-14T04:39:06.081+01:00 DEBUG 11132 --- [User] [reshExecutor-%d] o.s.web.client.DefaultRestClient         : Reading to [com.netflix.discovery.shared.Applications]
2026-04-14T04:39:17.701+01:00  INFO 11132 --- [User] [rap-executor-%d] c.n.d.s.r.aws.ConfigClusterResolver      : Resolving eureka endpoints via configuration
2026-04-14T04:39:36.107+01:00 DEBUG 11132 --- [User] [reshExecutor-%d] o.s.web.client.DefaultRestClient         : Reading to [com.netflix.discovery.shared.Applications]
2026-04-14T04:40:06.138+01:00 DEBUG 11132 --- [User] [reshExecutor-%d] o.s.web.client.DefaultRestClient         : Reading to [com.netflix.discovery.shared.Applications]
2026-04-14T04:40:36.168+01:00 DEBUG 11132 --- [User] [reshExecutor-%d] o.s.web.client.DefaultRestClient         : Reading to [com.netflix.discovery.shared.Applications]
2026-04-14T04:41:06.196+01:00 DEBUG 11132 --- [User] [reshExecutor-%d] o.s.web.client.DefaultRestClient         : Reading to [com.netflix.discovery.shared.Applications]
2026-04-14T04:41:36.216+01:00 DEBUG 11132 --- [User] [reshExecutor-%d] o.s.web.client.DefaultRestClient         : Reading to [com.netflix.discovery.shared.Applications]
2026-04-14T04:42:06.234+01:00 DEBUG 11132 --- [User] [reshExecutor-%d] o.s.web.client.DefaultRestClient         : Reading to [com.netflix.discovery.shared.Applications]
2026-04-14T04:42:36.259+01:00 DEBUG 11132 --- [User] [reshExecutor-%d] o.s.web.client.DefaultRestClient         : Reading to [com.netflix.discovery.shared.Applications]
2026-04-14T04:43:06.283+01:00 DEBUG 11132 --- [User] [reshExecutor-%d] o.s.web.client.DefaultRestClient         : Reading to [com.netflix.discovery.shared.Applications]
2026-04-14T04:43:36.306+01:00 DEBUG 11132 --- [User] [reshExecutor-%d] o.s.web.client.DefaultRestClient         : Reading to [com.netflix.discovery.shared.Applications]
2026-04-14T04:44:06.335+01:00 DEBUG 11132 --- [User] [reshExecutor-%d] o.s.web.client.DefaultRestClient         : Reading to [com.netflix.discovery.shared.Applications]
2026-04-14T04:44:17.715+01:00  INFO 11132 --- [User] [rap-executor-%d] c.n.d.s.r.aws.ConfigClusterResolver      : Resolving eureka endpoints via configuration
2026-04-14T04:44:36.355+01:00 DEBUG 11132 --- [User] [reshExecutor-%d] o.s.web.client.DefaultRestClient         : Reading to [com.netflix.discovery.shared.Applications]
2026-04-14T04:45:06.383+01:00 DEBUG 11132 --- [User] [reshExecutor-%d] o.s.web.client.DefaultRestClient         : Reading to [com.netflix.discovery.shared.Applications]
2026-04-14T04:45:36.402+01:00 DEBUG 11132 --- [User] [reshExecutor-%d] o.s.web.client.DefaultRestClient         : Reading to [com.netflix.discovery.shared.Applications]
2026-04-14T04:46:06.430+01:00 DEBUG 11132 --- [User] [reshExecutor-%d] o.s.web.client.DefaultRestClient         : Reading to [com.netflix.discovery.shared.Applications]
2026-04-14T04:46:36.462+01:00 DEBUG 11132 --- [User] [reshExecutor-%d] o.s.web.client.DefaultRestClient         : Reading to [com.netflix.discovery.shared.Applications]
2026-04-14T04:47:06.478+01:00 DEBUG 11132 --- [User] [reshExecutor-%d] o.s.web.client.DefaultRestClient         : Reading to [com.netflix.discovery.shared.Applications]
2026-04-14T04:47:36.505+01:00 DEBUG 11132 --- [User] [reshExecutor-%d] o.s.web.client.DefaultRestClient         : Reading to [com.netflix.discovery.shared.Applications]
2026-04-14T04:48:06.536+01:00 DEBUG 11132 --- [User] [reshExecutor-%d] o.s.web.client.DefaultRestClient         : Reading to [com.netflix.discovery.shared.Applications]
2026-04-14T04:48:36.563+01:00 DEBUG 11132 --- [User] [reshExecutor-%d] o.s.web.client.DefaultRestClient         : Reading to [com.netflix.discovery.shared.Applications]
2026-04-14T04:49:06.596+01:00 DEBUG 11132 --- [User] [reshExecutor-%d] o.s.web.client.DefaultRestClient         : Reading to [com.netflix.discovery.shared.Applications]
2026-04-14T04:49:17.719+01:00  INFO 11132 --- [User] [rap-executor-%d] c.n.d.s.r.aws.ConfigClusterResolver      : Resolving eureka endpoints via configuration
2026-04-14T04:49:36.618+01:00 DEBUG 11132 --- [User] [reshExecutor-%d] o.s.web.client.DefaultRestClient         : Reading to [com.netflix.discovery.shared.Applications]
2026-04-14T04:50:06.647+01:00 DEBUG 11132 --- [User] [reshExecutor-%d] o.s.web.client.DefaultRestClient         : Reading to [com.netflix.discovery.shared.Applications]
2026-04-14T04:50:36.667+01:00 DEBUG 11132 --- [User] [reshExecutor-%d] o.s.web.client.DefaultRestClient         : Reading to [com.netflix.discovery.shared.Applications]
2026-04-14T04:51:06.691+01:00 DEBUG 11132 --- [User] [reshExecutor-%d] o.s.web.client.DefaultRestClient         : Reading to [com.netflix.discovery.shared.Applications]
2026-04-14T04:51:36.715+01:00 DEBUG 11132 --- [User] [reshExecutor-%d] o.s.web.client.DefaultRestClient         : Reading to [com.netflix.discovery.shared.Applications]
2026-04-14T04:52:06.739+01:00 DEBUG 11132 --- [User] [reshExecutor-%d] o.s.web.client.DefaultRestClient         : Reading to [com.netflix.discovery.shared.Applications]
2026-04-14T04:52:36.759+01:00 DEBUG 11132 --- [User] [reshExecutor-%d] o.s.web.client.DefaultRestClient         : Reading to [com.netflix.discovery.shared.Applications]
2026-04-14T04:53:06.788+01:00 DEBUG 11132 --- [User] [reshExecutor-%d] o.s.web.client.DefaultRestClient         : Reading to [com.netflix.discovery.shared.Applications]
2026-04-14T04:53:36.819+01:00 DEBUG 11132 --- [User] [reshExecutor-%d] o.s.web.client.DefaultRestClient         : Reading to [com.netflix.discovery.shared.Applications]
2026-04-14T04:54:06.849+01:00 DEBUG 11132 --- [User] [reshExecutor-%d] o.s.web.client.DefaultRestClient         : Reading to [com.netflix.discovery.shared.Applications]
2026-04-14T04:54:17.729+01:00  INFO 11132 --- [User] [rap-executor-%d] c.n.d.s.r.aws.ConfigClusterResolver      : Resolving eureka endpoints via configuration
2026-04-14T04:54:36.876+01:00 DEBUG 11132 --- [User] [reshExecutor-%d] o.s.web.client.DefaultRestClient         : Reading to [com.netflix.discovery.shared.Applications]
2026-04-14T04:55:06.894+01:00 DEBUG 11132 --- [User] [reshExecutor-%d] o.s.web.client.DefaultRestClient         : Reading to [com.netflix.discovery.shared.Applications]
2026-04-14T04:55:36.918+01:00 DEBUG 11132 --- [User] [reshExecutor-%d] o.s.web.client.DefaultRestClient         : Reading to [com.netflix.discovery.shared.Applications]
2026-04-14T04:56:06.939+01:00 DEBUG 11132 --- [User] [reshExecutor-%d] o.s.web.client.DefaultRestClient         : Reading to [com.netflix.discovery.shared.Applications]
2026-04-14T04:56:36.955+01:00 DEBUG 11132 --- [User] [reshExecutor-%d] o.s.web.client.DefaultRestClient         : Reading to [com.netflix.discovery.shared.Applications]
2026-04-14T04:57:06.987+01:00 DEBUG 11132 --- [User] [reshExecutor-%d] o.s.web.client.DefaultRestClient         : Reading to [com.netflix.discovery.shared.Applications]
2026-04-14T04:57:37.017+01:00 DEBUG 11132 --- [User] [reshExecutor-%d] o.s.web.client.DefaultRestClient         : Reading to [com.netflix.discovery.shared.Applications]
2026-04-14T04:58:07.047+01:00 DEBUG 11132 --- [User] [reshExecutor-%d] o.s.web.client.DefaultRestClient         : Reading to [com.netflix.discovery.shared.Applications]
2026-04-14T04:58:37.074+01:00 DEBUG 11132 --- [User] [reshExecutor-%d] o.s.web.client.DefaultRestClient         : Reading to [com.netflix.discovery.shared.Applications]
2026-04-14T04:59:07.096+01:00 DEBUG 11132 --- [User] [reshExecutor-%d] o.s.web.client.DefaultRestClient         : Reading to [com.netflix.discovery.shared.Applications]
2026-04-14T04:59:17.739+01:00  INFO 11132 --- [User] [rap-executor-%d] c.n.d.s.r.aws.ConfigClusterResolver      : Resolving eureka endpoints via configuration
2026-04-14T04:59:37.122+01:00 DEBUG 11132 --- [User] [reshExecutor-%d] o.s.web.client.DefaultRestClient         : Reading to [com.netflix.discovery.shared.Applications]
2026-04-14T05:00:07.152+01:00 DEBUG 11132 --- [User] [reshExecutor-%d] o.s.web.client.DefaultRestClient         : Reading to [com.netflix.discovery.shared.Applications]
2026-04-14T07:47:19.173+01:00  WARN 11132 --- [User] [l-1:housekeeper] com.zaxxer.hikari.pool.HikariPool        : HikariPool-1 - Thread starvation or clock leap detected (housekeeper delta=2h47m1s508ms413µs600ns).
2026-04-14T07:47:38.335+01:00 DEBUG 11132 --- [User] [reshExecutor-%d] o.s.web.client.DefaultRestClient         : Reading to [com.netflix.discovery.shared.Applications]
2026-04-14T07:48:08.364+01:00 DEBUG 11132 --- [User] [reshExecutor-%d] o.s.web.client.DefaultRestClient         : Reading to [com.netflix.discovery.shared.Applications]
2026-04-14T07:48:31.166+01:00 DEBUG 11132 --- [User] [nio-8081-exec-5] o.s.security.web.FilterChainProxy        : Securing POST /api/auth/login
2026-04-14T07:48:31.167+01:00 DEBUG 11132 --- [User] [nio-8081-exec-5] o.s.s.w.a.AnonymousAuthenticationFilter  : Set SecurityContextHolder to anonymous SecurityContext
2026-04-14T07:48:31.167+01:00 DEBUG 11132 --- [User] [nio-8081-exec-5] o.s.security.web.FilterChainProxy        : Secured POST /api/auth/login
2026-04-14T07:48:31.167+01:00 DEBUG 11132 --- [User] [nio-8081-exec-5] o.s.web.servlet.DispatcherServlet        : POST "/api/auth/login", parameters={}
2026-04-14T07:48:31.167+01:00 DEBUG 11132 --- [User] [nio-8081-exec-5] s.w.s.m.m.a.RequestMappingHandlerMapping : Mapped to tn.spring.user.Controllers.AuthController#login(AuthenticationRequest, HttpServletResponse, HttpServletRequest)
2026-04-14T07:48:31.169+01:00 DEBUG 11132 --- [User] [nio-8081-exec-5] m.m.a.RequestResponseBodyMethodProcessor : Read "application/json;charset=UTF-8" to [AuthenticationRequest(rememberMe=false, login=TU1@gmail.com, password=NOUR0000)]
2026-04-14T07:48:31.629+01:00 DEBUG 11132 --- [User] [nio-8081-exec-5] o.s.s.a.dao.DaoAuthenticationProvider    : Authenticated user
2026-04-14T07:48:32.367+01:00 DEBUG 11132 --- [User] [nio-8081-exec-5] o.s.w.s.m.m.a.HttpEntityMethodProcessor  : Using 'application/json', given [application/json, text/plain, */*] and supported [application/json, application/*+json]
2026-04-14T07:48:32.367+01:00 DEBUG 11132 --- [User] [nio-8081-exec-5] o.s.w.s.m.m.a.HttpEntityMethodProcessor  : Writing [AuthenticationResponse(token=eyJhbGciOiJIUzI1NiJ9.eyJyb2xlIjoiVFVUT1IiLCJzdWIiOiJUVTFAZ21haWwuY29tIi (truncated)...]
2026-04-14T07:48:32.368+01:00 DEBUG 11132 --- [User] [nio-8081-exec-5] o.s.web.servlet.DispatcherServlet        : Completed 200 OK
2026-04-14T07:48:32.392+01:00 DEBUG 11132 --- [User] [nio-8081-exec-6] o.s.security.web.FilterChainProxy        : Securing GET /api/users/students
2026-04-14T07:48:32.575+01:00 DEBUG 11132 --- [User] [nio-8081-exec-6] o.s.security.web.FilterChainProxy        : Secured GET /api/users/students
2026-04-14T07:48:32.575+01:00 DEBUG 11132 --- [User] [nio-8081-exec-6] o.s.web.servlet.DispatcherServlet        : GET "/api/users/students", parameters={}
2026-04-14T07:48:32.575+01:00 DEBUG 11132 --- [User] [nio-8081-exec-6] s.w.s.m.m.a.RequestMappingHandlerMapping : Mapped to tn.spring.user.Controllers.UserController#getAllstudents()
2026-04-14T07:48:32.577+01:00 DEBUG 11132 --- [User] [nio-8081-exec-6] horizationManagerBeforeMethodInterceptor : Authorizing method invocation ReflectiveMethodInvocation: public org.springframework.http.ResponseEntity tn.spring.user.Controllers.UserController.getAllstudents(); target is of class [tn.spring.user.Controllers.UserController]
2026-04-14T07:48:32.577+01:00 DEBUG 11132 --- [User] [nio-8081-exec-6] horizationManagerBeforeMethodInterceptor : Authorized method invocation ReflectiveMethodInvocation: public org.springframework.http.ResponseEntity tn.spring.user.Controllers.UserController.getAllstudents(); target is of class [tn.spring.user.Controllers.UserController]
2026-04-14T07:48:32.581+01:00 DEBUG 11132 --- [User] [nio-8081-exec-6] o.s.w.s.m.m.a.HttpEntityMethodProcessor  : Using 'application/json', given [application/json, text/plain, */*] and supported [application/json, application/*+json]
2026-04-14T07:48:32.581+01:00 DEBUG 11132 --- [User] [nio-8081-exec-6] o.s.w.s.m.m.a.HttpEntityMethodProcessor  : Writing [[Student(englishLevel=A1, learningGoal=General, dailyGoalMinutes=0), Student(englishLevel=A1, learni (truncated)...]
2026-04-14T07:48:32.583+01:00 DEBUG 11132 --- [User] [nio-8081-exec-6] o.s.web.servlet.DispatcherServlet        : Completed 200 OK
2026-04-14T07:48:38.391+01:00 DEBUG 11132 --- [User] [reshExecutor-%d] o.s.web.client.DefaultRestClient         : Reading to [com.netflix.discovery.shared.Applications]
2026-04-14T07:49:08.416+01:00 DEBUG 11132 --- [User] [reshExecutor-%d] o.s.web.client.DefaultRestClient         : Reading to [com.netflix.discovery.shared.Applications]
2026-04-14T07:49:08.449+01:00 DEBUG 11132 --- [User] [nio-8081-exec-7] o.s.security.web.FilterChainProxy        : Securing GET /api/users/students
2026-04-14T07:49:08.457+01:00 DEBUG 11132 --- [User] [nio-8081-exec-7] o.s.security.web.FilterChainProxy        : Secured GET /api/users/students
2026-04-14T07:49:08.457+01:00 DEBUG 11132 --- [User] [nio-8081-exec-7] o.s.web.servlet.DispatcherServlet        : GET "/api/users/students", parameters={}
2026-04-14T07:49:08.457+01:00 DEBUG 11132 --- [User] [nio-8081-exec-7] s.w.s.m.m.a.RequestMappingHandlerMapping : Mapped to tn.spring.user.Controllers.UserController#getAllstudents()
2026-04-14T07:49:08.457+01:00 DEBUG 11132 --- [User] [nio-8081-exec-7] horizationManagerBeforeMethodInterceptor : Authorizing method invocation ReflectiveMethodInvocation: public org.springframework.http.ResponseEntity tn.spring.user.Controllers.UserController.getAllstudents(); target is of class [tn.spring.user.Controllers.UserController]
2026-04-14T07:49:08.458+01:00 DEBUG 11132 --- [User] [nio-8081-exec-7] horizationManagerBeforeMethodInterceptor : Authorized method invocation ReflectiveMethodInvocation: public org.springframework.http.ResponseEntity tn.spring.user.Controllers.UserController.getAllstudents(); target is of class [tn.spring.user.Controllers.UserController]
2026-04-14T07:49:08.460+01:00 DEBUG 11132 --- [User] [nio-8081-exec-7] o.s.w.s.m.m.a.HttpEntityMethodProcessor  : Using 'application/json', given [application/json, text/plain, */*] and supported [application/json, application/*+json]
2026-04-14T07:49:08.460+01:00 DEBUG 11132 --- [User] [nio-8081-exec-7] o.s.w.s.m.m.a.HttpEntityMethodProcessor  : Writing [[Student(englishLevel=A1, learningGoal=General, dailyGoalMinutes=0), Student(englishLevel=A1, learni (truncated)...]
2026-04-14T07:49:08.461+01:00 DEBUG 11132 --- [User] [nio-8081-exec-7] o.s.web.servlet.DispatcherServlet        : Completed 200 OK
2026-04-14T07:49:38.447+01:00 DEBUG 11132 --- [User] [reshExecutor-%d] o.s.web.client.DefaultRestClient         : Reading to [com.netflix.discovery.shared.Applications]
2026-04-14T07:49:54.190+01:00 DEBUG 11132 --- [User] [nio-8081-exec-8] o.s.security.web.FilterChainProxy        : Securing GET /api/users/students
2026-04-14T07:49:54.197+01:00 DEBUG 11132 --- [User] [nio-8081-exec-8] o.s.security.web.FilterChainProxy        : Secured GET /api/users/students
2026-04-14T07:49:54.197+01:00 DEBUG 11132 --- [User] [nio-8081-exec-8] o.s.web.servlet.DispatcherServlet        : GET "/api/users/students", parameters={}
2026-04-14T07:49:54.197+01:00 DEBUG 11132 --- [User] [nio-8081-exec-8] s.w.s.m.m.a.RequestMappingHandlerMapping : Mapped to tn.spring.user.Controllers.UserController#getAllstudents()
2026-04-14T07:49:54.198+01:00 DEBUG 11132 --- [User] [nio-8081-exec-8] horizationManagerBeforeMethodInterceptor : Authorizing method invocation ReflectiveMethodInvocation: public org.springframework.http.ResponseEntity tn.spring.user.Controllers.UserController.getAllstudents(); target is of class [tn.spring.user.Controllers.UserController]
2026-04-14T07:49:54.198+01:00 DEBUG 11132 --- [User] [nio-8081-exec-8] horizationManagerBeforeMethodInterceptor : Authorized method invocation ReflectiveMethodInvocation: public org.springframework.http.ResponseEntity tn.spring.user.Controllers.UserController.getAllstudents(); target is of class [tn.spring.user.Controllers.UserController]
2026-04-14T07:49:54.201+01:00 DEBUG 11132 --- [User] [nio-8081-exec-8] o.s.w.s.m.m.a.HttpEntityMethodProcessor  : Using 'application/json', given [application/json, text/plain, */*] and supported [application/json, application/*+json]
2026-04-14T07:49:54.201+01:00 DEBUG 11132 --- [User] [nio-8081-exec-8] o.s.w.s.m.m.a.HttpEntityMethodProcessor  : Writing [[Student(englishLevel=A1, learningGoal=General, dailyGoalMinutes=0), Student(englishLevel=A1, learni (truncated)...]
2026-04-14T07:49:54.202+01:00 DEBUG 11132 --- [User] [nio-8081-exec-8] o.s.web.servlet.DispatcherServlet        : Completed 200 OK
2026-04-14T07:49:57.860+01:00 DEBUG 11132 --- [User] [nio-8081-exec-9] o.s.security.web.FilterChainProxy        : Securing GET /api/users/students
2026-04-14T07:49:57.866+01:00 DEBUG 11132 --- [User] [nio-8081-exec-9] o.s.security.web.FilterChainProxy        : Secured GET /api/users/students
2026-04-14T07:49:57.866+01:00 DEBUG 11132 --- [User] [nio-8081-exec-9] o.s.web.servlet.DispatcherServlet        : GET "/api/users/students", parameters={}
2026-04-14T07:49:57.866+01:00 DEBUG 11132 --- [User] [nio-8081-exec-9] s.w.s.m.m.a.RequestMappingHandlerMapping : Mapped to tn.spring.user.Controllers.UserController#getAllstudents()
2026-04-14T07:49:57.867+01:00 DEBUG 11132 --- [User] [nio-8081-exec-9] horizationManagerBeforeMethodInterceptor : Authorizing method invocation ReflectiveMethodInvocation: public org.springframework.http.ResponseEntity tn.spring.user.Controllers.UserController.getAllstudents(); target is of class [tn.spring.user.Controllers.UserController]
2026-04-14T07:49:57.867+01:00 DEBUG 11132 --- [User] [nio-8081-exec-9] horizationManagerBeforeMethodInterceptor : Authorized method invocation ReflectiveMethodInvocation: public org.springframework.http.ResponseEntity tn.spring.user.Controllers.UserController.getAllstudents(); target is of class [tn.spring.user.Controllers.UserController]
2026-04-14T07:49:57.870+01:00 DEBUG 11132 --- [User] [nio-8081-exec-9] o.s.w.s.m.m.a.HttpEntityMethodProcessor  : Using 'application/json', given [application/json, text/plain, */*] and supported [application/json, application/*+json]
2026-04-14T07:49:57.870+01:00 DEBUG 11132 --- [User] [nio-8081-exec-9] o.s.w.s.m.m.a.HttpEntityMethodProcessor  : Writing [[Student(englishLevel=A1, learningGoal=General, dailyGoalMinutes=0), Student(englishLevel=A1, learni (truncated)...]
2026-04-14T07:49:57.871+01:00 DEBUG 11132 --- [User] [nio-8081-exec-9] o.s.web.servlet.DispatcherServlet        : Completed 200 OK
2026-04-14T07:50:08.477+01:00 DEBUG 11132 --- [User] [reshExecutor-%d] o.s.web.client.DefaultRestClient         : Reading to [com.netflix.discovery.shared.Applications]
2026-04-14T07:50:38.502+01:00 DEBUG 11132 --- [User] [reshExecutor-%d] o.s.web.client.DefaultRestClient         : Reading to [com.netflix.discovery.shared.Applications]
2026-04-14T07:51:08.534+01:00 DEBUG 11132 --- [User] [reshExecutor-%d] o.s.web.client.DefaultRestClient         : Reading to [com.netflix.discovery.shared.Applications]
2026-04-14T07:51:18.913+01:00  INFO 11132 --- [User] [rap-executor-%d] c.n.d.s.r.aws.ConfigClusterResolver      : Resolving eureka endpoints via configuration
2026-04-14T07:51:38.557+01:00 DEBUG 11132 --- [User] [reshExecutor-%d] o.s.web.client.DefaultRestClient         : Reading to [com.netflix.discovery.shared.Applications]
2026-04-14T07:52:08.580+01:00 DEBUG 11132 --- [User] [reshExecutor-%d] o.s.web.client.DefaultRestClient         : Reading to [com.netflix.discovery.shared.Applications]
2026-04-14T07:52:38.604+01:00 DEBUG 11132 --- [User] [reshExecutor-%d] o.s.web.client.DefaultRestClient         : Reading to [com.netflix.discovery.shared.Applications]
2026-04-14T07:53:08.629+01:00 DEBUG 11132 --- [User] [reshExecutor-%d] o.s.web.client.DefaultRestClient         : Reading to [com.netflix.discovery.shared.Applications]
2026-04-14T07:53:38.647+01:00 DEBUG 11132 --- [User] [reshExecutor-%d] o.s.web.client.DefaultRestClient         : Reading to [com.netflix.discovery.shared.Applications]
2026-04-14T07:54:08.664+01:00 DEBUG 11132 --- [User] [reshExecutor-%d] o.s.web.client.DefaultRestClient         : Reading to [com.netflix.discovery.shared.Applications]
2026-04-14T07:54:35.172+01:00 DEBUG 11132 --- [User] [nio-8081-exec-1] o.s.security.web.FilterChainProxy        : Securing POST /api/auth/login
2026-04-14T07:54:35.172+01:00 DEBUG 11132 --- [User] [nio-8081-exec-1] o.s.s.w.a.AnonymousAuthenticationFilter  : Set SecurityContextHolder to anonymous SecurityContext
2026-04-14T07:54:35.172+01:00 DEBUG 11132 --- [User] [nio-8081-exec-1] o.s.security.web.FilterChainProxy        : Secured POST /api/auth/login
2026-04-14T07:54:35.172+01:00 DEBUG 11132 --- [User] [nio-8081-exec-1] o.s.web.servlet.DispatcherServlet        : POST "/api/auth/login", parameters={}
2026-04-14T07:54:35.172+01:00 DEBUG 11132 --- [User] [nio-8081-exec-1] s.w.s.m.m.a.RequestMappingHandlerMapping : Mapped to tn.spring.user.Controllers.AuthController#login(AuthenticationRequest, HttpServletResponse, HttpServletRequest)
2026-04-14T07:54:35.173+01:00 DEBUG 11132 --- [User] [nio-8081-exec-1] m.m.a.RequestResponseBodyMethodProcessor : Read "application/json;charset=UTF-8" to [AuthenticationRequest(rememberMe=false, login=nour200sassy@gmail.com, password=nour0000)]
2026-04-14T07:54:35.245+01:00 DEBUG 11132 --- [User] [nio-8081-exec-1] o.s.s.a.dao.DaoAuthenticationProvider    : Authenticated user
2026-04-14T07:54:35.246+01:00 DEBUG 11132 --- [User] [nio-8081-exec-1] o.s.w.s.m.m.a.HttpEntityMethodProcessor  : Using 'application/json', given [application/json, text/plain, */*] and supported [application/json, application/*+json]
2026-04-14T07:54:35.246+01:00 DEBUG 11132 --- [User] [nio-8081-exec-1] o.s.w.s.m.m.a.HttpEntityMethodProcessor  : Writing [AuthenticationResponse(token=eyJhbGciOiJIUzI1NiJ9.eyJyb2xlIjoiVFVUT1IiLCJzdWIiOiJub3VyMjAwc2Fzc3lAZ2 (truncated)...]
2026-04-14T07:54:35.247+01:00 DEBUG 11132 --- [User] [nio-8081-exec-1] o.s.web.servlet.DispatcherServlet        : Completed 200 OK
2026-04-14T07:54:35.267+01:00 DEBUG 11132 --- [User] [nio-8081-exec-2] o.s.security.web.FilterChainProxy        : Securing GET /api/users/students
2026-04-14T07:54:35.273+01:00 DEBUG 11132 --- [User] [nio-8081-exec-2] o.s.security.web.FilterChainProxy        : Secured GET /api/users/students
2026-04-14T07:54:35.273+01:00 DEBUG 11132 --- [User] [nio-8081-exec-2] o.s.web.servlet.DispatcherServlet        : GET "/api/users/students", parameters={}
2026-04-14T07:54:35.273+01:00 DEBUG 11132 --- [User] [nio-8081-exec-2] s.w.s.m.m.a.RequestMappingHandlerMapping : Mapped to tn.spring.user.Controllers.UserController#getAllstudents()
2026-04-14T07:54:35.273+01:00 DEBUG 11132 --- [User] [nio-8081-exec-2] horizationManagerBeforeMethodInterceptor : Authorizing method invocation ReflectiveMethodInvocation: public org.springframework.http.ResponseEntity tn.spring.user.Controllers.UserController.getAllstudents(); target is of class [tn.spring.user.Controllers.UserController]
2026-04-14T07:54:35.274+01:00 DEBUG 11132 --- [User] [nio-8081-exec-2] horizationManagerBeforeMethodInterceptor : Authorized method invocation ReflectiveMethodInvocation: public org.springframework.http.ResponseEntity tn.spring.user.Controllers.UserController.getAllstudents(); target is of class [tn.spring.user.Controllers.UserController]
2026-04-14T07:54:35.277+01:00 DEBUG 11132 --- [User] [nio-8081-exec-2] o.s.w.s.m.m.a.HttpEntityMethodProcessor  : Using 'application/json', given [application/json, text/plain, */*] and supported [application/json, application/*+json]
2026-04-14T07:54:35.277+01:00 DEBUG 11132 --- [User] [nio-8081-exec-2] o.s.w.s.m.m.a.HttpEntityMethodProcessor  : Writing [[Student(englishLevel=A1, learningGoal=General, dailyGoalMinutes=0), Student(englishLevel=A1, learni (truncated)...]
2026-04-14T07:54:35.278+01:00 DEBUG 11132 --- [User] [nio-8081-exec-2] o.s.web.servlet.DispatcherServlet        : Completed 200 OK
2026-04-14T07:54:38.690+01:00 DEBUG 11132 --- [User] [reshExecutor-%d] o.s.web.client.DefaultRestClient         : Reading to [com.netflix.discovery.shared.Applications]
2026-04-14T07:54:47.182+01:00 DEBUG 11132 --- [User] [nio-8081-exec-3] o.s.security.web.FilterChainProxy        : Securing POST /api/auth/login
2026-04-14T07:54:47.182+01:00 DEBUG 11132 --- [User] [nio-8081-exec-3] o.s.s.w.a.AnonymousAuthenticationFilter  : Set SecurityContextHolder to anonymous SecurityContext
2026-04-14T07:54:47.182+01:00 DEBUG 11132 --- [User] [nio-8081-exec-3] o.s.security.web.FilterChainProxy        : Secured POST /api/auth/login
2026-04-14T07:54:47.182+01:00 DEBUG 11132 --- [User] [nio-8081-exec-3] o.s.web.servlet.DispatcherServlet        : POST "/api/auth/login", parameters={}
2026-04-14T07:54:47.182+01:00 DEBUG 11132 --- [User] [nio-8081-exec-3] s.w.s.m.m.a.RequestMappingHandlerMapping : Mapped to tn.spring.user.Controllers.AuthController#login(AuthenticationRequest, HttpServletResponse, HttpServletRequest)
2026-04-14T07:54:47.183+01:00 DEBUG 11132 --- [User] [nio-8081-exec-3] m.m.a.RequestResponseBodyMethodProcessor : Read "application/json;charset=UTF-8" to [AuthenticationRequest(rememberMe=false, login=stud@gmail.com, password=NOUR0000)]
2026-04-14T07:54:47.263+01:00 DEBUG 11132 --- [User] [nio-8081-exec-3] o.s.s.a.dao.DaoAuthenticationProvider    : Authenticated user
2026-04-14T07:54:47.265+01:00 DEBUG 11132 --- [User] [nio-8081-exec-3] o.s.w.s.m.m.a.HttpEntityMethodProcessor  : Using 'application/json', given [application/json, text/plain, */*] and supported [application/json, application/*+json]
2026-04-14T07:54:47.265+01:00 DEBUG 11132 --- [User] [nio-8081-exec-3] o.s.w.s.m.m.a.HttpEntityMethodProcessor  : Writing [AuthenticationResponse(token=eyJhbGciOiJIUzI1NiJ9.eyJyb2xlIjoiU1RVREVOVCIsInN1YiI6InN0dWRAZ21haWwuY2 (truncated)...]
2026-04-14T07:54:47.266+01:00 DEBUG 11132 --- [User] [nio-8081-exec-3] o.s.web.servlet.DispatcherServlet        : Completed 200 OK
2026-04-14T07:55:08.713+01:00 DEBUG 11132 --- [User] [reshExecutor-%d] o.s.web.client.DefaultRestClient         : Reading to [com.netflix.discovery.shared.Applications]
2026-04-14T07:55:36.042+01:00 DEBUG 11132 --- [User] [nio-8081-exec-4] o.s.security.web.FilterChainProxy        : Securing POST /api/auth/login
2026-04-14T07:55:36.043+01:00 DEBUG 11132 --- [User] [nio-8081-exec-4] o.s.s.w.a.AnonymousAuthenticationFilter  : Set SecurityContextHolder to anonymous SecurityContext
2026-04-14T07:55:36.043+01:00 DEBUG 11132 --- [User] [nio-8081-exec-4] o.s.security.web.FilterChainProxy        : Secured POST /api/auth/login
2026-04-14T07:55:36.043+01:00 DEBUG 11132 --- [User] [nio-8081-exec-4] o.s.web.servlet.DispatcherServlet        : POST "/api/auth/login", parameters={}
2026-04-14T07:55:36.043+01:00 DEBUG 11132 --- [User] [nio-8081-exec-4] s.w.s.m.m.a.RequestMappingHandlerMapping : Mapped to tn.spring.user.Controllers.AuthController#login(AuthenticationRequest, HttpServletResponse, HttpServletRequest)
2026-04-14T07:55:36.044+01:00 DEBUG 11132 --- [User] [nio-8081-exec-4] m.m.a.RequestResponseBodyMethodProcessor : Read "application/json;charset=UTF-8" to [AuthenticationRequest(rememberMe=false, login=TU1@gmail.com, password=NOUR0000)]
2026-04-14T07:55:36.115+01:00 DEBUG 11132 --- [User] [nio-8081-exec-4] o.s.s.a.dao.DaoAuthenticationProvider    : Authenticated user
2026-04-14T07:55:36.116+01:00 DEBUG 11132 --- [User] [nio-8081-exec-4] o.s.w.s.m.m.a.HttpEntityMethodProcessor  : Using 'application/json', given [application/json, text/plain, */*] and supported [application/json, application/*+json]
2026-04-14T07:55:36.117+01:00 DEBUG 11132 --- [User] [nio-8081-exec-4] o.s.w.s.m.m.a.HttpEntityMethodProcessor  : Writing [AuthenticationResponse(token=eyJhbGciOiJIUzI1NiJ9.eyJyb2xlIjoiVFVUT1IiLCJzdWIiOiJUVTFAZ21haWwuY29tIi (truncated)...]
2026-04-14T07:55:36.117+01:00 DEBUG 11132 --- [User] [nio-8081-exec-4] o.s.web.servlet.DispatcherServlet        : Completed 200 OK
2026-04-14T07:55:36.137+01:00 DEBUG 11132 --- [User] [nio-8081-exec-5] o.s.security.web.FilterChainProxy        : Securing GET /api/users/students
2026-04-14T07:55:36.143+01:00 DEBUG 11132 --- [User] [nio-8081-exec-5] o.s.security.web.FilterChainProxy        : Secured GET /api/users/students
2026-04-14T07:55:36.143+01:00 DEBUG 11132 --- [User] [nio-8081-exec-5] o.s.web.servlet.DispatcherServlet        : GET "/api/users/students", parameters={}
2026-04-14T07:55:36.143+01:00 DEBUG 11132 --- [User] [nio-8081-exec-5] s.w.s.m.m.a.RequestMappingHandlerMapping : Mapped to tn.spring.user.Controllers.UserController#getAllstudents()
2026-04-14T07:55:36.143+01:00 DEBUG 11132 --- [User] [nio-8081-exec-5] horizationManagerBeforeMethodInterceptor : Authorizing method invocation ReflectiveMethodInvocation: public org.springframework.http.ResponseEntity tn.spring.user.Controllers.UserController.getAllstudents(); target is of class [tn.spring.user.Controllers.UserController]
2026-04-14T07:55:36.144+01:00 DEBUG 11132 --- [User] [nio-8081-exec-5] horizationManagerBeforeMethodInterceptor : Authorized method invocation ReflectiveMethodInvocation: public org.springframework.http.ResponseEntity tn.spring.user.Controllers.UserController.getAllstudents(); target is of class [tn.spring.user.Controllers.UserController]
2026-04-14T07:55:36.146+01:00 DEBUG 11132 --- [User] [nio-8081-exec-5] o.s.w.s.m.m.a.HttpEntityMethodProcessor  : Using 'application/json', given [application/json, text/plain, */*] and supported [application/json, application/*+json]
2026-04-14T07:55:36.146+01:00 DEBUG 11132 --- [User] [nio-8081-exec-5] o.s.w.s.m.m.a.HttpEntityMethodProcessor  : Writing [[Student(englishLevel=A1, learningGoal=General, dailyGoalMinutes=0), Student(englishLevel=A1, learni (truncated)...]
2026-04-14T07:55:36.146+01:00 DEBUG 11132 --- [User] [nio-8081-exec-5] o.s.web.servlet.DispatcherServlet        : Completed 200 OK
2026-04-14T07:55:38.740+01:00 DEBUG 11132 --- [User] [reshExecutor-%d] o.s.web.client.DefaultRestClient         : Reading to [com.netflix.discovery.shared.Applications]
2026-04-14T07:56:08.760+01:00 DEBUG 11132 --- [User] [reshExecutor-%d] o.s.web.client.DefaultRestClient         : Reading to [com.netflix.discovery.shared.Applications]
2026-04-14T07:56:18.915+01:00  INFO 11132 --- [User] [rap-executor-%d] c.n.d.s.r.aws.ConfigClusterResolver      : Resolving eureka endpoints via configuration
2026-04-14T07:56:38.778+01:00 DEBUG 11132 --- [User] [reshExecutor-%d] o.s.web.client.DefaultRestClient         : Reading to [com.netflix.discovery.shared.Applications]
2026-04-14T07:57:08.805+01:00 DEBUG 11132 --- [User] [reshExecutor-%d] o.s.web.client.DefaultRestClient         : Reading to [com.netflix.discovery.shared.Applications]
2026-04-14T07:57:38.832+01:00 DEBUG 11132 --- [User] [reshExecutor-%d] o.s.web.client.DefaultRestClient         : Reading to [com.netflix.discovery.shared.Applications]
2026-04-14T07:58:08.853+01:00 DEBUG 11132 --- [User] [reshExecutor-%d] o.s.web.client.DefaultRestClient         : Reading to [com.netflix.discovery.shared.Applications]
2026-04-14T07:58:38.872+01:00 DEBUG 11132 --- [User] [reshExecutor-%d] o.s.web.client.DefaultRestClient         : Reading to [com.netflix.discovery.shared.Applications]
2026-04-14T07:59:08.892+01:00 DEBUG 11132 --- [User] [reshExecutor-%d] o.s.web.client.DefaultRestClient         : Reading to [com.netflix.discovery.shared.Applications]
2026-04-14T07:59:38.920+01:00 DEBUG 11132 --- [User] [reshExecutor-%d] o.s.web.client.DefaultRestClient         : Reading to [com.netflix.discovery.shared.Applications]
2026-04-14T08:00:08.943+01:00 DEBUG 11132 --- [User] [reshExecutor-%d] o.s.web.client.DefaultRestClient         : Reading to [com.netflix.discovery.shared.Applications]
2026-04-14T08:00:38.961+01:00 DEBUG 11132 --- [User] [reshExecutor-%d] o.s.web.client.DefaultRestClient         : Reading to [com.netflix.discovery.shared.Applications]
2026-04-14T08:01:08.979+01:00 DEBUG 11132 --- [User] [reshExecutor-%d] o.s.web.client.DefaultRestClient         : Reading to [com.netflix.discovery.shared.Applications]
2026-04-14T08:01:18.918+01:00  INFO 11132 --- [User] [rap-executor-%d] c.n.d.s.r.aws.ConfigClusterResolver      : Resolving eureka endpoints via configuration
2026-04-14T08:01:38.999+01:00 DEBUG 11132 --- [User] [reshExecutor-%d] o.s.web.client.DefaultRestClient         : Reading to [com.netflix.discovery.shared.Applications]
2026-04-14T08:02:09.022+01:00 DEBUG 11132 --- [User] [reshExecutor-%d] o.s.web.client.DefaultRestClient         : Reading to [com.netflix.discovery.shared.Applications]
2026-04-14T08:02:39.045+01:00 DEBUG 11132 --- [User] [reshExecutor-%d] o.s.web.client.DefaultRestClient         : Reading to [com.netflix.discovery.shared.Applications]
2026-04-14T08:03:09.070+01:00 DEBUG 11132 --- [User] [reshExecutor-%d] o.s.web.client.DefaultRestClient         : Reading to [com.netflix.discovery.shared.Applications]
2026-04-14T08:03:39.101+01:00 DEBUG 11132 --- [User] [reshExecutor-%d] o.s.web.client.DefaultRestClient         : Reading to [com.netflix.discovery.shared.Applications]
2026-04-14T08:04:09.118+01:00 DEBUG 11132 --- [User] [reshExecutor-%d] o.s.web.client.DefaultRestClient         : Reading to [com.netflix.discovery.shared.Applications]
2026-04-14T08:04:39.140+01:00 DEBUG 11132 --- [User] [reshExecutor-%d] o.s.web.client.DefaultRestClient         : Reading to [com.netflix.discovery.shared.Applications]
2026-04-14T08:05:09.165+01:00 DEBUG 11132 --- [User] [reshExecutor-%d] o.s.web.client.DefaultRestClient         : Reading to [com.netflix.discovery.shared.Applications]
2026-04-14T08:05:39.194+01:00 DEBUG 11132 --- [User] [reshExecutor-%d] o.s.web.client.DefaultRestClient         : Reading to [com.netflix.discovery.shared.Applications]
2026-04-14T08:06:09.215+01:00 DEBUG 11132 --- [User] [reshExecutor-%d] o.s.web.client.DefaultRestClient         : Reading to [com.netflix.discovery.shared.Applications]
2026-04-14T08:06:18.928+01:00  INFO 11132 --- [User] [rap-executor-%d] c.n.d.s.r.aws.ConfigClusterResolver      : Resolving eureka endpoints via configuration
2026-04-14T08:06:39.238+01:00 DEBUG 11132 --- [User] [reshExecutor-%d] o.s.web.client.DefaultRestClient         : Reading to [com.netflix.discovery.shared.Applications]
2026-04-14T08:07:09.266+01:00 DEBUG 11132 --- [User] [reshExecutor-%d] o.s.web.client.DefaultRestClient         : Reading to [com.netflix.discovery.shared.Applications]
2026-04-14T08:07:39.296+01:00 DEBUG 11132 --- [User] [reshExecutor-%d] o.s.web.client.DefaultRestClient         : Reading to [com.netflix.discovery.shared.Applications]
2026-04-14T08:08:09.325+01:00 DEBUG 11132 --- [User] [reshExecutor-%d] o.s.web.client.DefaultRestClient         : Reading to [com.netflix.discovery.shared.Applications]
2026-04-14T08:08:39.350+01:00 DEBUG 11132 --- [User] [reshExecutor-%d] o.s.web.client.DefaultRestClient         : Reading to [com.netflix.discovery.shared.Applications]
2026-04-14T08:09:09.365+01:00 DEBUG 11132 --- [User] [reshExecutor-%d] o.s.web.client.DefaultRestClient         : Reading to [com.netflix.discovery.shared.Applications]
2026-04-14T08:09:39.393+01:00 DEBUG 11132 --- [User] [reshExecutor-%d] o.s.web.client.DefaultRestClient         : Reading to [com.netflix.discovery.shared.Applications]
2026-04-14T08:10:09.419+01:00 DEBUG 11132 --- [User] [reshExecutor-%d] o.s.web.client.DefaultRestClient         : Reading to [com.netflix.discovery.shared.Applications]
2026-04-14T08:10:39.449+01:00 DEBUG 11132 --- [User] [reshExecutor-%d] o.s.web.client.DefaultRestClient         : Reading to [com.netflix.discovery.shared.Applications]
2026-04-14T08:11:09.476+01:00 DEBUG 11132 --- [User] [reshExecutor-%d] o.s.web.client.DefaultRestClient         : Reading to [com.netflix.discovery.shared.Applications]
2026-04-14T08:11:18.942+01:00  INFO 11132 --- [User] [rap-executor-%d] c.n.d.s.r.aws.ConfigClusterResolver      : Resolving eureka endpoints via configuration
2026-04-14T08:11:39.501+01:00 DEBUG 11132 --- [User] [reshExecutor-%d] o.s.web.client.DefaultRestClient         : Reading to [com.netflix.discovery.shared.Applications]
2026-04-14T08:12:09.530+01:00 DEBUG 11132 --- [User] [reshExecutor-%d] o.s.web.client.DefaultRestClient         : Reading to [com.netflix.discovery.shared.Applications]
2026-04-14T08:12:39.550+01:00 DEBUG 11132 --- [User] [reshExecutor-%d] o.s.web.client.DefaultRestClient         : Reading to [com.netflix.discovery.shared.Applications]
2026-04-14T08:13:08.467+01:00 DEBUG 11132 --- [User] [reshExecutor-%d] o.s.web.client.DefaultRestClient         : Reading to [com.netflix.discovery.shared.Applications]
2026-04-14T08:13:38.495+01:00 DEBUG 11132 --- [User] [reshExecutor-%d] o.s.web.client.DefaultRestClient         : Reading to [com.netflix.discovery.shared.Applications]
2026-04-14T08:14:08.520+01:00 DEBUG 11132 --- [User] [reshExecutor-%d] o.s.web.client.DefaultRestClient         : Reading to [com.netflix.discovery.shared.Applications]
2026-04-14T08:14:38.548+01:00 DEBUG 11132 --- [User] [reshExecutor-%d] o.s.web.client.DefaultRestClient         : Reading to [com.netflix.discovery.shared.Applications]
2026-04-14T08:15:08.567+01:00 DEBUG 11132 --- [User] [reshExecutor-%d] o.s.web.client.DefaultRestClient         : Reading to [com.netflix.discovery.shared.Applications]
2026-04-14T08:15:38.597+01:00 DEBUG 11132 --- [User] [reshExecutor-%d] o.s.web.client.DefaultRestClient         : Reading to [com.netflix.discovery.shared.Applications]
2026-04-14T08:16:08.625+01:00 DEBUG 11132 --- [User] [reshExecutor-%d] o.s.web.client.DefaultRestClient         : Reading to [com.netflix.discovery.shared.Applications]
2026-04-14T08:16:17.839+01:00  INFO 11132 --- [User] [rap-executor-%d] c.n.d.s.r.aws.ConfigClusterResolver      : Resolving eureka endpoints via configuration
2026-04-14T08:16:38.656+01:00 DEBUG 11132 --- [User] [reshExecutor-%d] o.s.web.client.DefaultRestClient         : Reading to [com.netflix.discovery.shared.Applications]
2026-04-14T08:17:08.684+01:00 DEBUG 11132 --- [User] [reshExecutor-%d] o.s.web.client.DefaultRestClient         : Reading to [com.netflix.discovery.shared.Applications]
2026-04-14T08:17:38.715+01:00 DEBUG 11132 --- [User] [reshExecutor-%d] o.s.web.client.DefaultRestClient         : Reading to [com.netflix.discovery.shared.Applications]
2026-04-14T08:18:08.745+01:00 DEBUG 11132 --- [User] [reshExecutor-%d] o.s.web.client.DefaultRestClient         : Reading to [com.netflix.discovery.shared.Applications]
2026-04-14T08:18:38.782+01:00 DEBUG 11132 --- [User] [reshExecutor-%d] o.s.web.client.DefaultRestClient         : Reading to [com.netflix.discovery.shared.Applications]
2026-04-14T08:19:08.811+01:00 DEBUG 11132 --- [User] [reshExecutor-%d] o.s.web.client.DefaultRestClient         : Reading to [com.netflix.discovery.shared.Applications]
2026-04-14T08:19:38.823+01:00 DEBUG 11132 --- [User] [reshExecutor-%d] o.s.web.client.DefaultRestClient         : Reading to [com.netflix.discovery.shared.Applications]
2026-04-14T08:20:08.839+01:00 DEBUG 11132 --- [User] [reshExecutor-%d] o.s.web.client.DefaultRestClient         : Reading to [com.netflix.discovery.shared.Applications]
2026-04-14T08:20:38.866+01:00 DEBUG 11132 --- [User] [reshExecutor-%d] o.s.web.client.DefaultRestClient         : Reading to [com.netflix.discovery.shared.Applications]
2026-04-14T08:21:08.896+01:00 DEBUG 11132 --- [User] [reshExecutor-%d] o.s.web.client.DefaultRestClient         : Reading to [com.netflix.discovery.shared.Applications]
2026-04-14T08:21:17.847+01:00  INFO 11132 --- [User] [rap-executor-%d] c.n.d.s.r.aws.ConfigClusterResolver      : Resolving eureka endpoints via configuration
2026-04-14T08:21:38.919+01:00 DEBUG 11132 --- [User] [reshExecutor-%d] o.s.web.client.DefaultRestClient         : Reading to [com.netflix.discovery.shared.Applications]
2026-04-14T08:22:08.950+01:00 DEBUG 11132 --- [User] [reshExecutor-%d] o.s.web.client.DefaultRestClient         : Reading to [com.netflix.discovery.shared.Applications]
2026-04-14T08:22:38.977+01:00 DEBUG 11132 --- [User] [reshExecutor-%d] o.s.web.client.DefaultRestClient         : Reading to [com.netflix.discovery.shared.Applications]
2026-04-14T08:23:09.004+01:00 DEBUG 11132 --- [User] [reshExecutor-%d] o.s.web.client.DefaultRestClient         : Reading to [com.netflix.discovery.shared.Applications]
2026-04-14T08:23:39.025+01:00 DEBUG 11132 --- [User] [reshExecutor-%d] o.s.web.client.DefaultRestClient         : Reading to [com.netflix.discovery.shared.Applications]
2026-04-14T08:24:09.048+01:00 DEBUG 11132 --- [User] [reshExecutor-%d] o.s.web.client.DefaultRestClient         : Reading to [com.netflix.discovery.shared.Applications]
2026-04-14T08:24:39.078+01:00 DEBUG 11132 --- [User] [reshExecutor-%d] o.s.web.client.DefaultRestClient         : Reading to [com.netflix.discovery.shared.Applications]
2026-04-14T08:25:09.106+01:00 DEBUG 11132 --- [User] [reshExecutor-%d] o.s.web.client.DefaultRestClient         : Reading to [com.netflix.discovery.shared.Applications]
2026-04-14T08:25:39.123+01:00 DEBUG 11132 --- [User] [reshExecutor-%d] o.s.web.client.DefaultRestClient         : Reading to [com.netflix.discovery.shared.Applications]
2026-04-14T08:26:09.152+01:00 DEBUG 11132 --- [User] [reshExecutor-%d] o.s.web.client.DefaultRestClient         : Reading to [com.netflix.discovery.shared.Applications]
2026-04-14T08:26:17.860+01:00  INFO 11132 --- [User] [rap-executor-%d] c.n.d.s.r.aws.ConfigClusterResolver      : Resolving eureka endpoints via configuration
2026-04-14T08:26:39.182+01:00 DEBUG 11132 --- [User] [reshExecutor-%d] o.s.web.client.DefaultRestClient         : Reading to [com.netflix.discovery.shared.Applications]
2026-04-14T08:27:09.205+01:00 DEBUG 11132 --- [User] [reshExecutor-%d] o.s.web.client.DefaultRestClient         : Reading to [com.netflix.discovery.shared.Applications]
2026-04-14T08:27:39.237+01:00 DEBUG 11132 --- [User] [reshExecutor-%d] o.s.web.client.DefaultRestClient         : Reading to [com.netflix.discovery.shared.Applications]
2026-04-14T08:28:09.266+01:00 DEBUG 11132 --- [User] [reshExecutor-%d] o.s.web.client.DefaultRestClient         : Reading to [com.netflix.discovery.shared.Applications]
2026-04-14T08:28:39.297+01:00 DEBUG 11132 --- [User] [reshExecutor-%d] o.s.web.client.DefaultRestClient         : Reading to [com.netflix.discovery.shared.Applications]
2026-04-14T08:29:09.315+01:00 DEBUG 11132 --- [User] [reshExecutor-%d] o.s.web.client.DefaultRestClient         : Reading to [com.netflix.discovery.shared.Applications]
2026-04-14T08:29:39.335+01:00 DEBUG 11132 --- [User] [reshExecutor-%d] o.s.web.client.DefaultRestClient         : Reading to [com.netflix.discovery.shared.Applications]
2026-04-14T08:30:09.358+01:00 DEBUG 11132 --- [User] [reshExecutor-%d] o.s.web.client.DefaultRestClient         : Reading to [com.netflix.discovery.shared.Applications]
2026-04-14T08:30:39.390+01:00 DEBUG 11132 --- [User] [reshExecutor-%d] o.s.web.client.DefaultRestClient         : Reading to [com.netflix.discovery.shared.Applications]
2026-04-14T08:31:09.418+01:00 DEBUG 11132 --- [User] [reshExecutor-%d] o.s.web.client.DefaultRestClient         : Reading to [com.netflix.discovery.shared.Applications]
2026-04-14T08:31:17.861+01:00  INFO 11132 --- [User] [rap-executor-%d] c.n.d.s.r.aws.ConfigClusterResolver      : Resolving eureka endpoints via configuration
2026-04-14T08:31:39.446+01:00 DEBUG 11132 --- [User] [reshExecutor-%d] o.s.web.client.DefaultRestClient         : Reading to [com.netflix.discovery.shared.Applications]
2026-04-14T08:32:09.470+01:00 DEBUG 11132 --- [User] [reshExecutor-%d] o.s.web.client.DefaultRestClient         : Reading to [com.netflix.discovery.shared.Applications]
2026-04-14T08:32:34.454+01:00 DEBUG 11132 --- [User] [nio-8081-exec-7] o.s.security.web.FilterChainProxy        : Securing GET /api/users/students
2026-04-14T08:32:34.457+01:00 ERROR 11132 --- [User] [nio-8081-exec-7] o.a.c.c.C.[.[.[/].[dispatcherServlet]    : Servlet.service() for servlet [dispatcherServlet] in context with path [] threw exception

io.jsonwebtoken.ExpiredJwtException: JWT expired at 2026-04-14T07:25:36Z. Current time: 2026-04-14T07:32:34Z, a difference of 418456 milliseconds.  Allowed clock skew: 0 milliseconds.
	at io.jsonwebtoken.impl.DefaultJwtParser.parse(DefaultJwtParser.java:427) ~[jjwt-impl-0.11.5.jar:0.11.5]
	at io.jsonwebtoken.impl.DefaultJwtParser.parse(DefaultJwtParser.java:529) ~[jjwt-impl-0.11.5.jar:0.11.5]
	at io.jsonwebtoken.impl.DefaultJwtParser.parseClaimsJws(DefaultJwtParser.java:589) ~[jjwt-impl-0.11.5.jar:0.11.5]
	at io.jsonwebtoken.impl.ImmutableJwtParser.parseClaimsJws(ImmutableJwtParser.java:173) ~[jjwt-impl-0.11.5.jar:0.11.5]
	at tn.spring.user.Services.JwtService.extractallClaims(JwtService.java:115) ~[classes/:na]
	at tn.spring.user.Services.JwtService.extractClaim(JwtService.java:119) ~[classes/:na]
	at tn.spring.user.Services.JwtService.extractUsername(JwtService.java:35) ~[classes/:na]
	at tn.spring.user.Filters.JwtAuthenticationFilter.doFilterInternal(JwtAuthenticationFilter.java:59) ~[classes/:na]
	at org.springframework.web.filter.OncePerRequestFilter.doFilter(OncePerRequestFilter.java:116) ~[spring-web-7.0.3.jar:7.0.3]
	at org.springframework.security.web.FilterChainProxy$VirtualFilterChain.doFilter(FilterChainProxy.java:380) ~[spring-security-web-7.0.2.jar:7.0.2]
	at org.springframework.security.web.authentication.logout.LogoutFilter.doFilter(LogoutFilter.java:110) ~[spring-security-web-7.0.2.jar:7.0.2]
	at org.springframework.security.web.authentication.logout.LogoutFilter.doFilter(LogoutFilter.java:96) ~[spring-security-web-7.0.2.jar:7.0.2]
	at org.springframework.security.web.FilterChainProxy$VirtualFilterChain.doFilter(FilterChainProxy.java:380) ~[spring-security-web-7.0.2.jar:7.0.2]
	at org.springframework.security.web.header.HeaderWriterFilter.doHeadersAfter(HeaderWriterFilter.java:90) ~[spring-security-web-7.0.2.jar:7.0.2]
	at org.springframework.security.web.header.HeaderWriterFilter.doFilterInternal(HeaderWriterFilter.java:75) ~[spring-security-web-7.0.2.jar:7.0.2]
	at org.springframework.web.filter.OncePerRequestFilter.doFilter(OncePerRequestFilter.java:116) ~[spring-web-7.0.3.jar:7.0.3]
	at org.springframework.security.web.FilterChainProxy$VirtualFilterChain.doFilter(FilterChainProxy.java:380) ~[spring-security-web-7.0.2.jar:7.0.2]
	at org.springframework.security.web.context.SecurityContextHolderFilter.doFilter(SecurityContextHolderFilter.java:82) ~[spring-security-web-7.0.2.jar:7.0.2]
	at org.springframework.security.web.context.SecurityContextHolderFilter.doFilter(SecurityContextHolderFilter.java:69) ~[spring-security-web-7.0.2.jar:7.0.2]
	at org.springframework.security.web.FilterChainProxy$VirtualFilterChain.doFilter(FilterChainProxy.java:380) ~[spring-security-web-7.0.2.jar:7.0.2]
	at org.springframework.security.web.context.request.async.WebAsyncManagerIntegrationFilter.doFilterInternal(WebAsyncManagerIntegrationFilter.java:62) ~[spring-security-web-7.0.2.jar:7.0.2]
	at org.springframework.web.filter.OncePerRequestFilter.doFilter(OncePerRequestFilter.java:116) ~[spring-web-7.0.3.jar:7.0.3]
	at org.springframework.security.web.FilterChainProxy$VirtualFilterChain.doFilter(FilterChainProxy.java:380) ~[spring-security-web-7.0.2.jar:7.0.2]
	at org.springframework.security.web.session.DisableEncodeUrlFilter.doFilterInternal(DisableEncodeUrlFilter.java:42) ~[spring-security-web-7.0.2.jar:7.0.2]
	at org.springframework.web.filter.OncePerRequestFilter.doFilter(OncePerRequestFilter.java:116) ~[spring-web-7.0.3.jar:7.0.3]
	at org.springframework.security.web.FilterChainProxy$VirtualFilterChain.doFilter(FilterChainProxy.java:380) ~[spring-security-web-7.0.2.jar:7.0.2]
	at org.springframework.security.web.FilterChainProxy.doFilterInternal(FilterChainProxy.java:237) ~[spring-security-web-7.0.2.jar:7.0.2]
	at org.springframework.security.web.FilterChainProxy.doFilter(FilterChainProxy.java:195) ~[spring-security-web-7.0.2.jar:7.0.2]
	at org.springframework.web.filter.CompositeFilter$VirtualFilterChain.doFilter(CompositeFilter.java:113) ~[spring-web-7.0.3.jar:7.0.3]
	at org.springframework.web.filter.ServletRequestPathFilter.doFilter(ServletRequestPathFilter.java:52) ~[spring-web-7.0.3.jar:7.0.3]
	at org.springframework.web.filter.CompositeFilter$VirtualFilterChain.doFilter(CompositeFilter.java:113) ~[spring-web-7.0.3.jar:7.0.3]
	at org.springframework.web.filter.CompositeFilter.doFilter(CompositeFilter.java:74) ~[spring-web-7.0.3.jar:7.0.3]
	at org.springframework.security.config.annotation.web.configuration.WebSecurityConfiguration$CompositeFilterChainProxy.doFilter(WebSecurityConfiguration.java:317) ~[spring-security-config-7.0.2.jar:7.0.2]
	at org.springframework.web.filter.DelegatingFilterProxy.invokeDelegate(DelegatingFilterProxy.java:355) ~[spring-web-7.0.3.jar:7.0.3]
	at org.springframework.web.filter.DelegatingFilterProxy.doFilter(DelegatingFilterProxy.java:272) ~[spring-web-7.0.3.jar:7.0.3]
	at org.apache.catalina.core.ApplicationFilterChain.doFilter(ApplicationFilterChain.java:107) ~[tomcat-embed-core-11.0.15.jar:11.0.15]
	at org.springframework.web.filter.RequestContextFilter.doFilterInternal(RequestContextFilter.java:100) ~[spring-web-7.0.3.jar:7.0.3]
	at org.springframework.web.filter.OncePerRequestFilter.doFilter(OncePerRequestFilter.java:116) ~[spring-web-7.0.3.jar:7.0.3]
	at org.apache.catalina.core.ApplicationFilterChain.doFilter(ApplicationFilterChain.java:107) ~[tomcat-embed-core-11.0.15.jar:11.0.15]
	at org.springframework.web.filter.FormContentFilter.doFilterInternal(FormContentFilter.java:93) ~[spring-web-7.0.3.jar:7.0.3]
	at org.springframework.web.filter.OncePerRequestFilter.doFilter(OncePerRequestFilter.java:116) ~[spring-web-7.0.3.jar:7.0.3]
	at org.apache.catalina.core.ApplicationFilterChain.doFilter(ApplicationFilterChain.java:107) ~[tomcat-embed-core-11.0.15.jar:11.0.15]
	at org.springframework.web.filter.CharacterEncodingFilter.doFilterInternal(CharacterEncodingFilter.java:199) ~[spring-web-7.0.3.jar:7.0.3]
	at org.springframework.web.filter.OncePerRequestFilter.doFilter(OncePerRequestFilter.java:116) ~[spring-web-7.0.3.jar:7.0.3]
	at org.apache.catalina.core.ApplicationFilterChain.doFilter(ApplicationFilterChain.java:107) ~[tomcat-embed-core-11.0.15.jar:11.0.15]
	at org.apache.catalina.core.StandardWrapperValve.invoke(StandardWrapperValve.java:165) ~[tomcat-embed-core-11.0.15.jar:11.0.15]
	at org.apache.catalina.core.StandardContextValve.invoke(StandardContextValve.java:77) ~[tomcat-embed-core-11.0.15.jar:11.0.15]
	at org.apache.catalina.authenticator.AuthenticatorBase.invoke(AuthenticatorBase.java:482) ~[tomcat-embed-core-11.0.15.jar:11.0.15]
	at org.apache.catalina.core.StandardHostValve.invoke(StandardHostValve.java:113) ~[tomcat-embed-core-11.0.15.jar:11.0.15]
	at org.apache.catalina.valves.ErrorReportValve.invoke(ErrorReportValve.java:83) ~[tomcat-embed-core-11.0.15.jar:11.0.15]
	at org.apache.catalina.core.StandardEngineValve.invoke(StandardEngineValve.java:72) ~[tomcat-embed-core-11.0.15.jar:11.0.15]
	at org.apache.catalina.connector.CoyoteAdapter.service(CoyoteAdapter.java:341) ~[tomcat-embed-core-11.0.15.jar:11.0.15]
	at org.apache.coyote.http11.Http11Processor.service(Http11Processor.java:397) ~[tomcat-embed-core-11.0.15.jar:11.0.15]
	at org.apache.coyote.AbstractProcessorLight.process(AbstractProcessorLight.java:63) ~[tomcat-embed-core-11.0.15.jar:11.0.15]
	at org.apache.coyote.AbstractProtocol$ConnectionHandler.process(AbstractProtocol.java:903) ~[tomcat-embed-core-11.0.15.jar:11.0.15]
	at org.apache.tomcat.util.net.NioEndpoint$SocketProcessor.doRun(NioEndpoint.java:1778) ~[tomcat-embed-core-11.0.15.jar:11.0.15]
	at org.apache.tomcat.util.net.SocketProcessorBase.run(SocketProcessorBase.java:52) ~[tomcat-embed-core-11.0.15.jar:11.0.15]
	at org.apache.tomcat.util.threads.ThreadPoolExecutor.runWorker(ThreadPoolExecutor.java:946) ~[tomcat-embed-core-11.0.15.jar:11.0.15]
	at org.apache.tomcat.util.threads.ThreadPoolExecutor$Worker.run(ThreadPoolExecutor.java:480) ~[tomcat-embed-core-11.0.15.jar:11.0.15]
	at org.apache.tomcat.util.threads.TaskThread$WrappingRunnable.run(TaskThread.java:57) ~[tomcat-embed-core-11.0.15.jar:11.0.15]
	at java.base/java.lang.Thread.run(Thread.java:842) ~[na:na]

2026-04-14T08:32:34.458+01:00 DEBUG 11132 --- [User] [nio-8081-exec-7] o.s.security.web.FilterChainProxy        : Securing GET /error
2026-04-14T08:32:34.458+01:00 DEBUG 11132 --- [User] [nio-8081-exec-7] o.s.s.w.a.AnonymousAuthenticationFilter  : Set SecurityContextHolder to anonymous SecurityContext
2026-04-14T08:32:34.458+01:00 DEBUG 11132 --- [User] [nio-8081-exec-7] o.s.security.web.FilterChainProxy        : Secured GET /error
2026-04-14T08:32:34.458+01:00 DEBUG 11132 --- [User] [nio-8081-exec-7] o.s.web.servlet.DispatcherServlet        : "ERROR" dispatch for GET "/error", parameters={}
2026-04-14T08:32:34.458+01:00 DEBUG 11132 --- [User] [nio-8081-exec-7] s.w.s.m.m.a.RequestMappingHandlerMapping : Mapped to org.springframework.boot.webmvc.autoconfigure.error.BasicErrorController#error(HttpServletRequest)
2026-04-14T08:32:34.459+01:00 DEBUG 11132 --- [User] [nio-8081-exec-7] o.s.w.s.m.m.a.HttpEntityMethodProcessor  : Using 'application/json', given [application/json, text/plain, */*] and supported [application/json, application/*+json]
2026-04-14T08:32:34.460+01:00 DEBUG 11132 --- [User] [nio-8081-exec-7] o.s.w.s.m.m.a.HttpEntityMethodProcessor  : Writing [{timestamp=Tue Apr 14 08:32:34 CET 2026, status=500, error=Internal Server Error, trace=io.jsonwebto (truncated)...]
2026-04-14T08:32:34.462+01:00 DEBUG 11132 --- [User] [nio-8081-exec-7] o.s.web.servlet.DispatcherServlet        : Exiting from "ERROR" dispatch, status 500
2026-04-14T08:32:39.496+01:00 DEBUG 11132 --- [User] [reshExecutor-%d] o.s.web.client.DefaultRestClient         : Reading to [com.netflix.discovery.shared.Applications]
2026-04-14T08:33:09.513+01:00 DEBUG 11132 --- [User] [reshExecutor-%d] o.s.web.client.DefaultRestClient         : Reading to [com.netflix.discovery.shared.Applications]
2026-04-14T08:33:39.536+01:00 DEBUG 11132 --- [User] [reshExecutor-%d] o.s.web.client.DefaultRestClient         : Reading to [com.netflix.discovery.shared.Applications]
2026-04-14T08:34:05.833+01:00 DEBUG 11132 --- [User] [nio-8081-exec-8] o.s.security.web.FilterChainProxy        : Securing GET /api/users/students
2026-04-14T08:34:05.836+01:00 ERROR 11132 --- [User] [nio-8081-exec-8] o.a.c.c.C.[.[.[/].[dispatcherServlet]    : Servlet.service() for servlet [dispatcherServlet] in context with path [] threw exception

io.jsonwebtoken.ExpiredJwtException: JWT expired at 2026-04-14T07:25:36Z. Current time: 2026-04-14T07:34:05Z, a difference of 509835 milliseconds.  Allowed clock skew: 0 milliseconds.
	at io.jsonwebtoken.impl.DefaultJwtParser.parse(DefaultJwtParser.java:427) ~[jjwt-impl-0.11.5.jar:0.11.5]
	at io.jsonwebtoken.impl.DefaultJwtParser.parse(DefaultJwtParser.java:529) ~[jjwt-impl-0.11.5.jar:0.11.5]
	at io.jsonwebtoken.impl.DefaultJwtParser.parseClaimsJws(DefaultJwtParser.java:589) ~[jjwt-impl-0.11.5.jar:0.11.5]
	at io.jsonwebtoken.impl.ImmutableJwtParser.parseClaimsJws(ImmutableJwtParser.java:173) ~[jjwt-impl-0.11.5.jar:0.11.5]
	at tn.spring.user.Services.JwtService.extractallClaims(JwtService.java:115) ~[classes/:na]
	at tn.spring.user.Services.JwtService.extractClaim(JwtService.java:119) ~[classes/:na]
	at tn.spring.user.Services.JwtService.extractUsername(JwtService.java:35) ~[classes/:na]
	at tn.spring.user.Filters.JwtAuthenticationFilter.doFilterInternal(JwtAuthenticationFilter.java:59) ~[classes/:na]
	at org.springframework.web.filter.OncePerRequestFilter.doFilter(OncePerRequestFilter.java:116) ~[spring-web-7.0.3.jar:7.0.3]
	at org.springframework.security.web.FilterChainProxy$VirtualFilterChain.doFilter(FilterChainProxy.java:380) ~[spring-security-web-7.0.2.jar:7.0.2]
	at org.springframework.security.web.authentication.logout.LogoutFilter.doFilter(LogoutFilter.java:110) ~[spring-security-web-7.0.2.jar:7.0.2]
	at org.springframework.security.web.authentication.logout.LogoutFilter.doFilter(LogoutFilter.java:96) ~[spring-security-web-7.0.2.jar:7.0.2]
	at org.springframework.security.web.FilterChainProxy$VirtualFilterChain.doFilter(FilterChainProxy.java:380) ~[spring-security-web-7.0.2.jar:7.0.2]
	at org.springframework.security.web.header.HeaderWriterFilter.doHeadersAfter(HeaderWriterFilter.java:90) ~[spring-security-web-7.0.2.jar:7.0.2]
	at org.springframework.security.web.header.HeaderWriterFilter.doFilterInternal(HeaderWriterFilter.java:75) ~[spring-security-web-7.0.2.jar:7.0.2]
	at org.springframework.web.filter.OncePerRequestFilter.doFilter(OncePerRequestFilter.java:116) ~[spring-web-7.0.3.jar:7.0.3]
	at org.springframework.security.web.FilterChainProxy$VirtualFilterChain.doFilter(FilterChainProxy.java:380) ~[spring-security-web-7.0.2.jar:7.0.2]
	at org.springframework.security.web.context.SecurityContextHolderFilter.doFilter(SecurityContextHolderFilter.java:82) ~[spring-security-web-7.0.2.jar:7.0.2]
	at org.springframework.security.web.context.SecurityContextHolderFilter.doFilter(SecurityContextHolderFilter.java:69) ~[spring-security-web-7.0.2.jar:7.0.2]
	at org.springframework.security.web.FilterChainProxy$VirtualFilterChain.doFilter(FilterChainProxy.java:380) ~[spring-security-web-7.0.2.jar:7.0.2]
	at org.springframework.security.web.context.request.async.WebAsyncManagerIntegrationFilter.doFilterInternal(WebAsyncManagerIntegrationFilter.java:62) ~[spring-security-web-7.0.2.jar:7.0.2]
	at org.springframework.web.filter.OncePerRequestFilter.doFilter(OncePerRequestFilter.java:116) ~[spring-web-7.0.3.jar:7.0.3]
	at org.springframework.security.web.FilterChainProxy$VirtualFilterChain.doFilter(FilterChainProxy.java:380) ~[spring-security-web-7.0.2.jar:7.0.2]
	at org.springframework.security.web.session.DisableEncodeUrlFilter.doFilterInternal(DisableEncodeUrlFilter.java:42) ~[spring-security-web-7.0.2.jar:7.0.2]
	at org.springframework.web.filter.OncePerRequestFilter.doFilter(OncePerRequestFilter.java:116) ~[spring-web-7.0.3.jar:7.0.3]
	at org.springframework.security.web.FilterChainProxy$VirtualFilterChain.doFilter(FilterChainProxy.java:380) ~[spring-security-web-7.0.2.jar:7.0.2]
	at org.springframework.security.web.FilterChainProxy.doFilterInternal(FilterChainProxy.java:237) ~[spring-security-web-7.0.2.jar:7.0.2]
	at org.springframework.security.web.FilterChainProxy.doFilter(FilterChainProxy.java:195) ~[spring-security-web-7.0.2.jar:7.0.2]
	at org.springframework.web.filter.CompositeFilter$VirtualFilterChain.doFilter(CompositeFilter.java:113) ~[spring-web-7.0.3.jar:7.0.3]
	at org.springframework.web.filter.ServletRequestPathFilter.doFilter(ServletRequestPathFilter.java:52) ~[spring-web-7.0.3.jar:7.0.3]
	at org.springframework.web.filter.CompositeFilter$VirtualFilterChain.doFilter(CompositeFilter.java:113) ~[spring-web-7.0.3.jar:7.0.3]
	at org.springframework.web.filter.CompositeFilter.doFilter(CompositeFilter.java:74) ~[spring-web-7.0.3.jar:7.0.3]
	at org.springframework.security.config.annotation.web.configuration.WebSecurityConfiguration$CompositeFilterChainProxy.doFilter(WebSecurityConfiguration.java:317) ~[spring-security-config-7.0.2.jar:7.0.2]
	at org.springframework.web.filter.DelegatingFilterProxy.invokeDelegate(DelegatingFilterProxy.java:355) ~[spring-web-7.0.3.jar:7.0.3]
	at org.springframework.web.filter.DelegatingFilterProxy.doFilter(DelegatingFilterProxy.java:272) ~[spring-web-7.0.3.jar:7.0.3]
	at org.apache.catalina.core.ApplicationFilterChain.doFilter(ApplicationFilterChain.java:107) ~[tomcat-embed-core-11.0.15.jar:11.0.15]
	at org.springframework.web.filter.RequestContextFilter.doFilterInternal(RequestContextFilter.java:100) ~[spring-web-7.0.3.jar:7.0.3]
	at org.springframework.web.filter.OncePerRequestFilter.doFilter(OncePerRequestFilter.java:116) ~[spring-web-7.0.3.jar:7.0.3]
	at org.apache.catalina.core.ApplicationFilterChain.doFilter(ApplicationFilterChain.java:107) ~[tomcat-embed-core-11.0.15.jar:11.0.15]
	at org.springframework.web.filter.FormContentFilter.doFilterInternal(FormContentFilter.java:93) ~[spring-web-7.0.3.jar:7.0.3]
	at org.springframework.web.filter.OncePerRequestFilter.doFilter(OncePerRequestFilter.java:116) ~[spring-web-7.0.3.jar:7.0.3]
	at org.apache.catalina.core.ApplicationFilterChain.doFilter(ApplicationFilterChain.java:107) ~[tomcat-embed-core-11.0.15.jar:11.0.15]
	at org.springframework.web.filter.CharacterEncodingFilter.doFilterInternal(CharacterEncodingFilter.java:199) ~[spring-web-7.0.3.jar:7.0.3]
	at org.springframework.web.filter.OncePerRequestFilter.doFilter(OncePerRequestFilter.java:116) ~[spring-web-7.0.3.jar:7.0.3]
	at org.apache.catalina.core.ApplicationFilterChain.doFilter(ApplicationFilterChain.java:107) ~[tomcat-embed-core-11.0.15.jar:11.0.15]
	at org.apache.catalina.core.StandardWrapperValve.invoke(StandardWrapperValve.java:165) ~[tomcat-embed-core-11.0.15.jar:11.0.15]
	at org.apache.catalina.core.StandardContextValve.invoke(StandardContextValve.java:77) ~[tomcat-embed-core-11.0.15.jar:11.0.15]
	at org.apache.catalina.authenticator.AuthenticatorBase.invoke(AuthenticatorBase.java:482) ~[tomcat-embed-core-11.0.15.jar:11.0.15]
	at org.apache.catalina.core.StandardHostValve.invoke(StandardHostValve.java:113) ~[tomcat-embed-core-11.0.15.jar:11.0.15]
	at org.apache.catalina.valves.ErrorReportValve.invoke(ErrorReportValve.java:83) ~[tomcat-embed-core-11.0.15.jar:11.0.15]
	at org.apache.catalina.core.StandardEngineValve.invoke(StandardEngineValve.java:72) ~[tomcat-embed-core-11.0.15.jar:11.0.15]
	at org.apache.catalina.connector.CoyoteAdapter.service(CoyoteAdapter.java:341) ~[tomcat-embed-core-11.0.15.jar:11.0.15]
	at org.apache.coyote.http11.Http11Processor.service(Http11Processor.java:397) ~[tomcat-embed-core-11.0.15.jar:11.0.15]
	at org.apache.coyote.AbstractProcessorLight.process(AbstractProcessorLight.java:63) ~[tomcat-embed-core-11.0.15.jar:11.0.15]
	at org.apache.coyote.AbstractProtocol$ConnectionHandler.process(AbstractProtocol.java:903) ~[tomcat-embed-core-11.0.15.jar:11.0.15]
	at org.apache.tomcat.util.net.NioEndpoint$SocketProcessor.doRun(NioEndpoint.java:1778) ~[tomcat-embed-core-11.0.15.jar:11.0.15]
	at org.apache.tomcat.util.net.SocketProcessorBase.run(SocketProcessorBase.java:52) ~[tomcat-embed-core-11.0.15.jar:11.0.15]
	at org.apache.tomcat.util.threads.ThreadPoolExecutor.runWorker(ThreadPoolExecutor.java:946) ~[tomcat-embed-core-11.0.15.jar:11.0.15]
	at org.apache.tomcat.util.threads.ThreadPoolExecutor$Worker.run(ThreadPoolExecutor.java:480) ~[tomcat-embed-core-11.0.15.jar:11.0.15]
	at org.apache.tomcat.util.threads.TaskThread$WrappingRunnable.run(TaskThread.java:57) ~[tomcat-embed-core-11.0.15.jar:11.0.15]
	at java.base/java.lang.Thread.run(Thread.java:842) ~[na:na]

2026-04-14T08:34:05.836+01:00 DEBUG 11132 --- [User] [nio-8081-exec-8] o.s.security.web.FilterChainProxy        : Securing GET /error
2026-04-14T08:34:05.836+01:00 DEBUG 11132 --- [User] [nio-8081-exec-8] o.s.s.w.a.AnonymousAuthenticationFilter  : Set SecurityContextHolder to anonymous SecurityContext
2026-04-14T08:34:05.837+01:00 DEBUG 11132 --- [User] [nio-8081-exec-8] o.s.security.web.FilterChainProxy        : Secured GET /error
2026-04-14T08:34:05.837+01:00 DEBUG 11132 --- [User] [nio-8081-exec-8] o.s.web.servlet.DispatcherServlet        : "ERROR" dispatch for GET "/error", parameters={}
2026-04-14T08:34:05.837+01:00 DEBUG 11132 --- [User] [nio-8081-exec-8] s.w.s.m.m.a.RequestMappingHandlerMapping : Mapped to org.springframework.boot.webmvc.autoconfigure.error.BasicErrorController#error(HttpServletRequest)
2026-04-14T08:34:05.838+01:00 DEBUG 11132 --- [User] [nio-8081-exec-8] o.s.w.s.m.m.a.HttpEntityMethodProcessor  : Using 'application/json', given [application/json, text/plain, */*] and supported [application/json, application/*+json]
2026-04-14T08:34:05.838+01:00 DEBUG 11132 --- [User] [nio-8081-exec-8] o.s.w.s.m.m.a.HttpEntityMethodProcessor  : Writing [{timestamp=Tue Apr 14 08:34:05 CET 2026, status=500, error=Internal Server Error, trace=io.jsonwebto (truncated)...]
2026-04-14T08:34:05.839+01:00 DEBUG 11132 --- [User] [nio-8081-exec-8] o.s.web.servlet.DispatcherServlet        : Exiting from "ERROR" dispatch, status 500
2026-04-14T08:34:08.897+01:00 DEBUG 11132 --- [User] [nio-8081-exec-9] o.s.security.web.FilterChainProxy        : Securing GET /api/users/students
2026-04-14T08:34:08.900+01:00 ERROR 11132 --- [User] [nio-8081-exec-9] o.a.c.c.C.[.[.[/].[dispatcherServlet]    : Servlet.service() for servlet [dispatcherServlet] in context with path [] threw exception

io.jsonwebtoken.ExpiredJwtException: JWT expired at 2026-04-14T07:25:36Z. Current time: 2026-04-14T07:34:08Z, a difference of 512899 milliseconds.  Allowed clock skew: 0 milliseconds.
	at io.jsonwebtoken.impl.DefaultJwtParser.parse(DefaultJwtParser.java:427) ~[jjwt-impl-0.11.5.jar:0.11.5]
	at io.jsonwebtoken.impl.DefaultJwtParser.parse(DefaultJwtParser.java:529) ~[jjwt-impl-0.11.5.jar:0.11.5]
	at io.jsonwebtoken.impl.DefaultJwtParser.parseClaimsJws(DefaultJwtParser.java:589) ~[jjwt-impl-0.11.5.jar:0.11.5]
	at io.jsonwebtoken.impl.ImmutableJwtParser.parseClaimsJws(ImmutableJwtParser.java:173) ~[jjwt-impl-0.11.5.jar:0.11.5]
	at tn.spring.user.Services.JwtService.extractallClaims(JwtService.java:115) ~[classes/:na]
	at tn.spring.user.Services.JwtService.extractClaim(JwtService.java:119) ~[classes/:na]
	at tn.spring.user.Services.JwtService.extractUsername(JwtService.java:35) ~[classes/:na]
	at tn.spring.user.Filters.JwtAuthenticationFilter.doFilterInternal(JwtAuthenticationFilter.java:59) ~[classes/:na]
	at org.springframework.web.filter.OncePerRequestFilter.doFilter(OncePerRequestFilter.java:116) ~[spring-web-7.0.3.jar:7.0.3]
	at org.springframework.security.web.FilterChainProxy$VirtualFilterChain.doFilter(FilterChainProxy.java:380) ~[spring-security-web-7.0.2.jar:7.0.2]
	at org.springframework.security.web.authentication.logout.LogoutFilter.doFilter(LogoutFilter.java:110) ~[spring-security-web-7.0.2.jar:7.0.2]
	at org.springframework.security.web.authentication.logout.LogoutFilter.doFilter(LogoutFilter.java:96) ~[spring-security-web-7.0.2.jar:7.0.2]
	at org.springframework.security.web.FilterChainProxy$VirtualFilterChain.doFilter(FilterChainProxy.java:380) ~[spring-security-web-7.0.2.jar:7.0.2]
	at org.springframework.security.web.header.HeaderWriterFilter.doHeadersAfter(HeaderWriterFilter.java:90) ~[spring-security-web-7.0.2.jar:7.0.2]
	at org.springframework.security.web.header.HeaderWriterFilter.doFilterInternal(HeaderWriterFilter.java:75) ~[spring-security-web-7.0.2.jar:7.0.2]
	at org.springframework.web.filter.OncePerRequestFilter.doFilter(OncePerRequestFilter.java:116) ~[spring-web-7.0.3.jar:7.0.3]
	at org.springframework.security.web.FilterChainProxy$VirtualFilterChain.doFilter(FilterChainProxy.java:380) ~[spring-security-web-7.0.2.jar:7.0.2]
	at org.springframework.security.web.context.SecurityContextHolderFilter.doFilter(SecurityContextHolderFilter.java:82) ~[spring-security-web-7.0.2.jar:7.0.2]
	at org.springframework.security.web.context.SecurityContextHolderFilter.doFilter(SecurityContextHolderFilter.java:69) ~[spring-security-web-7.0.2.jar:7.0.2]
	at org.springframework.security.web.FilterChainProxy$VirtualFilterChain.doFilter(FilterChainProxy.java:380) ~[spring-security-web-7.0.2.jar:7.0.2]
	at org.springframework.security.web.context.request.async.WebAsyncManagerIntegrationFilter.doFilterInternal(WebAsyncManagerIntegrationFilter.java:62) ~[spring-security-web-7.0.2.jar:7.0.2]
	at org.springframework.web.filter.OncePerRequestFilter.doFilter(OncePerRequestFilter.java:116) ~[spring-web-7.0.3.jar:7.0.3]
	at org.springframework.security.web.FilterChainProxy$VirtualFilterChain.doFilter(FilterChainProxy.java:380) ~[spring-security-web-7.0.2.jar:7.0.2]
	at org.springframework.security.web.session.DisableEncodeUrlFilter.doFilterInternal(DisableEncodeUrlFilter.java:42) ~[spring-security-web-7.0.2.jar:7.0.2]
	at org.springframework.web.filter.OncePerRequestFilter.doFilter(OncePerRequestFilter.java:116) ~[spring-web-7.0.3.jar:7.0.3]
	at org.springframework.security.web.FilterChainProxy$VirtualFilterChain.doFilter(FilterChainProxy.java:380) ~[spring-security-web-7.0.2.jar:7.0.2]
	at org.springframework.security.web.FilterChainProxy.doFilterInternal(FilterChainProxy.java:237) ~[spring-security-web-7.0.2.jar:7.0.2]
	at org.springframework.security.web.FilterChainProxy.doFilter(FilterChainProxy.java:195) ~[spring-security-web-7.0.2.jar:7.0.2]
	at org.springframework.web.filter.CompositeFilter$VirtualFilterChain.doFilter(CompositeFilter.java:113) ~[spring-web-7.0.3.jar:7.0.3]
	at org.springframework.web.filter.ServletRequestPathFilter.doFilter(ServletRequestPathFilter.java:52) ~[spring-web-7.0.3.jar:7.0.3]
	at org.springframework.web.filter.CompositeFilter$VirtualFilterChain.doFilter(CompositeFilter.java:113) ~[spring-web-7.0.3.jar:7.0.3]
	at org.springframework.web.filter.CompositeFilter.doFilter(CompositeFilter.java:74) ~[spring-web-7.0.3.jar:7.0.3]
	at org.springframework.security.config.annotation.web.configuration.WebSecurityConfiguration$CompositeFilterChainProxy.doFilter(WebSecurityConfiguration.java:317) ~[spring-security-config-7.0.2.jar:7.0.2]
	at org.springframework.web.filter.DelegatingFilterProxy.invokeDelegate(DelegatingFilterProxy.java:355) ~[spring-web-7.0.3.jar:7.0.3]
	at org.springframework.web.filter.DelegatingFilterProxy.doFilter(DelegatingFilterProxy.java:272) ~[spring-web-7.0.3.jar:7.0.3]
	at org.apache.catalina.core.ApplicationFilterChain.doFilter(ApplicationFilterChain.java:107) ~[tomcat-embed-core-11.0.15.jar:11.0.15]
	at org.springframework.web.filter.RequestContextFilter.doFilterInternal(RequestContextFilter.java:100) ~[spring-web-7.0.3.jar:7.0.3]
	at org.springframework.web.filter.OncePerRequestFilter.doFilter(OncePerRequestFilter.java:116) ~[spring-web-7.0.3.jar:7.0.3]
	at org.apache.catalina.core.ApplicationFilterChain.doFilter(ApplicationFilterChain.java:107) ~[tomcat-embed-core-11.0.15.jar:11.0.15]
	at org.springframework.web.filter.FormContentFilter.doFilterInternal(FormContentFilter.java:93) ~[spring-web-7.0.3.jar:7.0.3]
	at org.springframework.web.filter.OncePerRequestFilter.doFilter(OncePerRequestFilter.java:116) ~[spring-web-7.0.3.jar:7.0.3]
	at org.apache.catalina.core.ApplicationFilterChain.doFilter(ApplicationFilterChain.java:107) ~[tomcat-embed-core-11.0.15.jar:11.0.15]
	at org.springframework.web.filter.CharacterEncodingFilter.doFilterInternal(CharacterEncodingFilter.java:199) ~[spring-web-7.0.3.jar:7.0.3]
	at org.springframework.web.filter.OncePerRequestFilter.doFilter(OncePerRequestFilter.java:116) ~[spring-web-7.0.3.jar:7.0.3]
	at org.apache.catalina.core.ApplicationFilterChain.doFilter(ApplicationFilterChain.java:107) ~[tomcat-embed-core-11.0.15.jar:11.0.15]
	at org.apache.catalina.core.StandardWrapperValve.invoke(StandardWrapperValve.java:165) ~[tomcat-embed-core-11.0.15.jar:11.0.15]
	at org.apache.catalina.core.StandardContextValve.invoke(StandardContextValve.java:77) ~[tomcat-embed-core-11.0.15.jar:11.0.15]
	at org.apache.catalina.authenticator.AuthenticatorBase.invoke(AuthenticatorBase.java:482) ~[tomcat-embed-core-11.0.15.jar:11.0.15]
	at org.apache.catalina.core.StandardHostValve.invoke(StandardHostValve.java:113) ~[tomcat-embed-core-11.0.15.jar:11.0.15]
	at org.apache.catalina.valves.ErrorReportValve.invoke(ErrorReportValve.java:83) ~[tomcat-embed-core-11.0.15.jar:11.0.15]
	at org.apache.catalina.core.StandardEngineValve.invoke(StandardEngineValve.java:72) ~[tomcat-embed-core-11.0.15.jar:11.0.15]
	at org.apache.catalina.connector.CoyoteAdapter.service(CoyoteAdapter.java:341) ~[tomcat-embed-core-11.0.15.jar:11.0.15]
	at org.apache.coyote.http11.Http11Processor.service(Http11Processor.java:397) ~[tomcat-embed-core-11.0.15.jar:11.0.15]
	at org.apache.coyote.AbstractProcessorLight.process(AbstractProcessorLight.java:63) ~[tomcat-embed-core-11.0.15.jar:11.0.15]
	at org.apache.coyote.AbstractProtocol$ConnectionHandler.process(AbstractProtocol.java:903) ~[tomcat-embed-core-11.0.15.jar:11.0.15]
	at org.apache.tomcat.util.net.NioEndpoint$SocketProcessor.doRun(NioEndpoint.java:1778) ~[tomcat-embed-core-11.0.15.jar:11.0.15]
	at org.apache.tomcat.util.net.SocketProcessorBase.run(SocketProcessorBase.java:52) ~[tomcat-embed-core-11.0.15.jar:11.0.15]
	at org.apache.tomcat.util.threads.ThreadPoolExecutor.runWorker(ThreadPoolExecutor.java:946) ~[tomcat-embed-core-11.0.15.jar:11.0.15]
	at org.apache.tomcat.util.threads.ThreadPoolExecutor$Worker.run(ThreadPoolExecutor.java:480) ~[tomcat-embed-core-11.0.15.jar:11.0.15]
	at org.apache.tomcat.util.threads.TaskThread$WrappingRunnable.run(TaskThread.java:57) ~[tomcat-embed-core-11.0.15.jar:11.0.15]
	at java.base/java.lang.Thread.run(Thread.java:842) ~[na:na]

2026-04-14T08:34:08.900+01:00 DEBUG 11132 --- [User] [nio-8081-exec-9] o.s.security.web.FilterChainProxy        : Securing GET /error
2026-04-14T08:34:08.901+01:00 DEBUG 11132 --- [User] [nio-8081-exec-9] o.s.s.w.a.AnonymousAuthenticationFilter  : Set SecurityContextHolder to anonymous SecurityContext
2026-04-14T08:34:08.901+01:00 DEBUG 11132 --- [User] [nio-8081-exec-9] o.s.security.web.FilterChainProxy        : Secured GET /error
2026-04-14T08:34:08.901+01:00 DEBUG 11132 --- [User] [nio-8081-exec-9] o.s.web.servlet.DispatcherServlet        : "ERROR" dispatch for GET "/error", parameters={}
2026-04-14T08:34:08.901+01:00 DEBUG 11132 --- [User] [nio-8081-exec-9] s.w.s.m.m.a.RequestMappingHandlerMapping : Mapped to org.springframework.boot.webmvc.autoconfigure.error.BasicErrorController#error(HttpServletRequest)
2026-04-14T08:34:08.902+01:00 DEBUG 11132 --- [User] [nio-8081-exec-9] o.s.w.s.m.m.a.HttpEntityMethodProcessor  : Using 'application/json', given [application/json, text/plain, */*] and supported [application/json, application/*+json]
2026-04-14T08:34:08.902+01:00 DEBUG 11132 --- [User] [nio-8081-exec-9] o.s.w.s.m.m.a.HttpEntityMethodProcessor  : Writing [{timestamp=Tue Apr 14 08:34:08 CET 2026, status=500, error=Internal Server Error, trace=io.jsonwebto (truncated)...]
2026-04-14T08:34:08.903+01:00 DEBUG 11132 --- [User] [nio-8081-exec-9] o.s.web.servlet.DispatcherServlet        : Exiting from "ERROR" dispatch, status 500
2026-04-14T08:34:09.566+01:00 DEBUG 11132 --- [User] [reshExecutor-%d] o.s.web.client.DefaultRestClient         : Reading to [com.netflix.discovery.shared.Applications]
2026-04-14T08:34:22.683+01:00 DEBUG 11132 --- [User] [io-8081-exec-10] o.s.security.web.FilterChainProxy        : Securing GET /api/users/students
2026-04-14T08:34:22.684+01:00 ERROR 11132 --- [User] [io-8081-exec-10] o.a.c.c.C.[.[.[/].[dispatcherServlet]    : Servlet.service() for servlet [dispatcherServlet] in context with path [] threw exception

io.jsonwebtoken.ExpiredJwtException: JWT expired at 2026-04-14T07:25:36Z. Current time: 2026-04-14T07:34:22Z, a difference of 526684 milliseconds.  Allowed clock skew: 0 milliseconds.
	at io.jsonwebtoken.impl.DefaultJwtParser.parse(DefaultJwtParser.java:427) ~[jjwt-impl-0.11.5.jar:0.11.5]
	at io.jsonwebtoken.impl.DefaultJwtParser.parse(DefaultJwtParser.java:529) ~[jjwt-impl-0.11.5.jar:0.11.5]
	at io.jsonwebtoken.impl.DefaultJwtParser.parseClaimsJws(DefaultJwtParser.java:589) ~[jjwt-impl-0.11.5.jar:0.11.5]
	at io.jsonwebtoken.impl.ImmutableJwtParser.parseClaimsJws(ImmutableJwtParser.java:173) ~[jjwt-impl-0.11.5.jar:0.11.5]
	at tn.spring.user.Services.JwtService.extractallClaims(JwtService.java:115) ~[classes/:na]
	at tn.spring.user.Services.JwtService.extractClaim(JwtService.java:119) ~[classes/:na]
	at tn.spring.user.Services.JwtService.extractUsername(JwtService.java:35) ~[classes/:na]
	at tn.spring.user.Filters.JwtAuthenticationFilter.doFilterInternal(JwtAuthenticationFilter.java:59) ~[classes/:na]
	at org.springframework.web.filter.OncePerRequestFilter.doFilter(OncePerRequestFilter.java:116) ~[spring-web-7.0.3.jar:7.0.3]
	at org.springframework.security.web.FilterChainProxy$VirtualFilterChain.doFilter(FilterChainProxy.java:380) ~[spring-security-web-7.0.2.jar:7.0.2]
	at org.springframework.security.web.authentication.logout.LogoutFilter.doFilter(LogoutFilter.java:110) ~[spring-security-web-7.0.2.jar:7.0.2]
	at org.springframework.security.web.authentication.logout.LogoutFilter.doFilter(LogoutFilter.java:96) ~[spring-security-web-7.0.2.jar:7.0.2]
	at org.springframework.security.web.FilterChainProxy$VirtualFilterChain.doFilter(FilterChainProxy.java:380) ~[spring-security-web-7.0.2.jar:7.0.2]
	at org.springframework.security.web.header.HeaderWriterFilter.doHeadersAfter(HeaderWriterFilter.java:90) ~[spring-security-web-7.0.2.jar:7.0.2]
	at org.springframework.security.web.header.HeaderWriterFilter.doFilterInternal(HeaderWriterFilter.java:75) ~[spring-security-web-7.0.2.jar:7.0.2]
	at org.springframework.web.filter.OncePerRequestFilter.doFilter(OncePerRequestFilter.java:116) ~[spring-web-7.0.3.jar:7.0.3]
	at org.springframework.security.web.FilterChainProxy$VirtualFilterChain.doFilter(FilterChainProxy.java:380) ~[spring-security-web-7.0.2.jar:7.0.2]
	at org.springframework.security.web.context.SecurityContextHolderFilter.doFilter(SecurityContextHolderFilter.java:82) ~[spring-security-web-7.0.2.jar:7.0.2]
	at org.springframework.security.web.context.SecurityContextHolderFilter.doFilter(SecurityContextHolderFilter.java:69) ~[spring-security-web-7.0.2.jar:7.0.2]
	at org.springframework.security.web.FilterChainProxy$VirtualFilterChain.doFilter(FilterChainProxy.java:380) ~[spring-security-web-7.0.2.jar:7.0.2]
	at org.springframework.security.web.context.request.async.WebAsyncManagerIntegrationFilter.doFilterInternal(WebAsyncManagerIntegrationFilter.java:62) ~[spring-security-web-7.0.2.jar:7.0.2]
	at org.springframework.web.filter.OncePerRequestFilter.doFilter(OncePerRequestFilter.java:116) ~[spring-web-7.0.3.jar:7.0.3]
	at org.springframework.security.web.FilterChainProxy$VirtualFilterChain.doFilter(FilterChainProxy.java:380) ~[spring-security-web-7.0.2.jar:7.0.2]
	at org.springframework.security.web.session.DisableEncodeUrlFilter.doFilterInternal(DisableEncodeUrlFilter.java:42) ~[spring-security-web-7.0.2.jar:7.0.2]
	at org.springframework.web.filter.OncePerRequestFilter.doFilter(OncePerRequestFilter.java:116) ~[spring-web-7.0.3.jar:7.0.3]
	at org.springframework.security.web.FilterChainProxy$VirtualFilterChain.doFilter(FilterChainProxy.java:380) ~[spring-security-web-7.0.2.jar:7.0.2]
	at org.springframework.security.web.FilterChainProxy.doFilterInternal(FilterChainProxy.java:237) ~[spring-security-web-7.0.2.jar:7.0.2]
	at org.springframework.security.web.FilterChainProxy.doFilter(FilterChainProxy.java:195) ~[spring-security-web-7.0.2.jar:7.0.2]
	at org.springframework.web.filter.CompositeFilter$VirtualFilterChain.doFilter(CompositeFilter.java:113) ~[spring-web-7.0.3.jar:7.0.3]
	at org.springframework.web.filter.ServletRequestPathFilter.doFilter(ServletRequestPathFilter.java:52) ~[spring-web-7.0.3.jar:7.0.3]
	at org.springframework.web.filter.CompositeFilter$VirtualFilterChain.doFilter(CompositeFilter.java:113) ~[spring-web-7.0.3.jar:7.0.3]
	at org.springframework.web.filter.CompositeFilter.doFilter(CompositeFilter.java:74) ~[spring-web-7.0.3.jar:7.0.3]
	at org.springframework.security.config.annotation.web.configuration.WebSecurityConfiguration$CompositeFilterChainProxy.doFilter(WebSecurityConfiguration.java:317) ~[spring-security-config-7.0.2.jar:7.0.2]
	at org.springframework.web.filter.DelegatingFilterProxy.invokeDelegate(DelegatingFilterProxy.java:355) ~[spring-web-7.0.3.jar:7.0.3]
	at org.springframework.web.filter.DelegatingFilterProxy.doFilter(DelegatingFilterProxy.java:272) ~[spring-web-7.0.3.jar:7.0.3]
	at org.apache.catalina.core.ApplicationFilterChain.doFilter(ApplicationFilterChain.java:107) ~[tomcat-embed-core-11.0.15.jar:11.0.15]
	at org.springframework.web.filter.RequestContextFilter.doFilterInternal(RequestContextFilter.java:100) ~[spring-web-7.0.3.jar:7.0.3]
	at org.springframework.web.filter.OncePerRequestFilter.doFilter(OncePerRequestFilter.java:116) ~[spring-web-7.0.3.jar:7.0.3]
	at org.apache.catalina.core.ApplicationFilterChain.doFilter(ApplicationFilterChain.java:107) ~[tomcat-embed-core-11.0.15.jar:11.0.15]
	at org.springframework.web.filter.FormContentFilter.doFilterInternal(FormContentFilter.java:93) ~[spring-web-7.0.3.jar:7.0.3]
	at org.springframework.web.filter.OncePerRequestFilter.doFilter(OncePerRequestFilter.java:116) ~[spring-web-7.0.3.jar:7.0.3]
	at org.apache.catalina.core.ApplicationFilterChain.doFilter(ApplicationFilterChain.java:107) ~[tomcat-embed-core-11.0.15.jar:11.0.15]
	at org.springframework.web.filter.CharacterEncodingFilter.doFilterInternal(CharacterEncodingFilter.java:199) ~[spring-web-7.0.3.jar:7.0.3]
	at org.springframework.web.filter.OncePerRequestFilter.doFilter(OncePerRequestFilter.java:116) ~[spring-web-7.0.3.jar:7.0.3]
	at org.apache.catalina.core.ApplicationFilterChain.doFilter(ApplicationFilterChain.java:107) ~[tomcat-embed-core-11.0.15.jar:11.0.15]
	at org.apache.catalina.core.StandardWrapperValve.invoke(StandardWrapperValve.java:165) ~[tomcat-embed-core-11.0.15.jar:11.0.15]
	at org.apache.catalina.core.StandardContextValve.invoke(StandardContextValve.java:77) ~[tomcat-embed-core-11.0.15.jar:11.0.15]
	at org.apache.catalina.authenticator.AuthenticatorBase.invoke(AuthenticatorBase.java:482) ~[tomcat-embed-core-11.0.15.jar:11.0.15]
	at org.apache.catalina.core.StandardHostValve.invoke(StandardHostValve.java:113) ~[tomcat-embed-core-11.0.15.jar:11.0.15]
	at org.apache.catalina.valves.ErrorReportValve.invoke(ErrorReportValve.java:83) ~[tomcat-embed-core-11.0.15.jar:11.0.15]
	at org.apache.catalina.core.StandardEngineValve.invoke(StandardEngineValve.java:72) ~[tomcat-embed-core-11.0.15.jar:11.0.15]
	at org.apache.catalina.connector.CoyoteAdapter.service(CoyoteAdapter.java:341) ~[tomcat-embed-core-11.0.15.jar:11.0.15]
	at org.apache.coyote.http11.Http11Processor.service(Http11Processor.java:397) ~[tomcat-embed-core-11.0.15.jar:11.0.15]
	at org.apache.coyote.AbstractProcessorLight.process(AbstractProcessorLight.java:63) ~[tomcat-embed-core-11.0.15.jar:11.0.15]
	at org.apache.coyote.AbstractProtocol$ConnectionHandler.process(AbstractProtocol.java:903) ~[tomcat-embed-core-11.0.15.jar:11.0.15]
	at org.apache.tomcat.util.net.NioEndpoint$SocketProcessor.doRun(NioEndpoint.java:1778) ~[tomcat-embed-core-11.0.15.jar:11.0.15]
	at org.apache.tomcat.util.net.SocketProcessorBase.run(SocketProcessorBase.java:52) ~[tomcat-embed-core-11.0.15.jar:11.0.15]
	at org.apache.tomcat.util.threads.ThreadPoolExecutor.runWorker(ThreadPoolExecutor.java:946) ~[tomcat-embed-core-11.0.15.jar:11.0.15]
	at org.apache.tomcat.util.threads.ThreadPoolExecutor$Worker.run(ThreadPoolExecutor.java:480) ~[tomcat-embed-core-11.0.15.jar:11.0.15]
	at org.apache.tomcat.util.threads.TaskThread$WrappingRunnable.run(TaskThread.java:57) ~[tomcat-embed-core-11.0.15.jar:11.0.15]
	at java.base/java.lang.Thread.run(Thread.java:842) ~[na:na]

2026-04-14T08:34:22.685+01:00 DEBUG 11132 --- [User] [io-8081-exec-10] o.s.security.web.FilterChainProxy        : Securing GET /error
2026-04-14T08:34:22.685+01:00 DEBUG 11132 --- [User] [io-8081-exec-10] o.s.s.w.a.AnonymousAuthenticationFilter  : Set SecurityContextHolder to anonymous SecurityContext
2026-04-14T08:34:22.685+01:00 DEBUG 11132 --- [User] [io-8081-exec-10] o.s.security.web.FilterChainProxy        : Secured GET /error
2026-04-14T08:34:22.685+01:00 DEBUG 11132 --- [User] [io-8081-exec-10] o.s.web.servlet.DispatcherServlet        : "ERROR" dispatch for GET "/error", parameters={}
2026-04-14T08:34:22.685+01:00 DEBUG 11132 --- [User] [io-8081-exec-10] s.w.s.m.m.a.RequestMappingHandlerMapping : Mapped to org.springframework.boot.webmvc.autoconfigure.error.BasicErrorController#error(HttpServletRequest)
2026-04-14T08:34:22.686+01:00 DEBUG 11132 --- [User] [io-8081-exec-10] o.s.w.s.m.m.a.HttpEntityMethodProcessor  : Using 'application/json', given [application/json, text/plain, */*] and supported [application/json, application/*+json]
2026-04-14T08:34:22.686+01:00 DEBUG 11132 --- [User] [io-8081-exec-10] o.s.w.s.m.m.a.HttpEntityMethodProcessor  : Writing [{timestamp=Tue Apr 14 08:34:22 CET 2026, status=500, error=Internal Server Error, trace=io.jsonwebto (truncated)...]
2026-04-14T08:34:22.687+01:00 DEBUG 11132 --- [User] [io-8081-exec-10] o.s.web.servlet.DispatcherServlet        : Exiting from "ERROR" dispatch, status 500
2026-04-14T08:34:39.593+01:00 DEBUG 11132 --- [User] [reshExecutor-%d] o.s.web.client.DefaultRestClient         : Reading to [com.netflix.discovery.shared.Applications]
2026-04-14T08:35:09.613+01:00 DEBUG 11132 --- [User] [reshExecutor-%d] o.s.web.client.DefaultRestClient         : Reading to [com.netflix.discovery.shared.Applications]
2026-04-14T08:35:39.638+01:00 DEBUG 11132 --- [User] [reshExecutor-%d] o.s.web.client.DefaultRestClient         : Reading to [com.netflix.discovery.shared.Applications]
2026-04-14T08:36:09.656+01:00 DEBUG 11132 --- [User] [reshExecutor-%d] o.s.web.client.DefaultRestClient         : Reading to [com.netflix.discovery.shared.Applications]
2026-04-14T08:36:17.876+01:00  INFO 11132 --- [User] [rap-executor-%d] c.n.d.s.r.aws.ConfigClusterResolver      : Resolving eureka endpoints via configuration
2026-04-14T08:36:39.683+01:00 DEBUG 11132 --- [User] [reshExecutor-%d] o.s.web.client.DefaultRestClient         : Reading to [com.netflix.discovery.shared.Applications]
2026-04-14T08:37:09.708+01:00 DEBUG 11132 --- [User] [reshExecutor-%d] o.s.web.client.DefaultRestClient         : Reading to [com.netflix.discovery.shared.Applications]
2026-04-14T08:37:39.727+01:00 DEBUG 11132 --- [User] [reshExecutor-%d] o.s.web.client.DefaultRestClient         : Reading to [com.netflix.discovery.shared.Applications]
2026-04-14T08:38:09.754+01:00 DEBUG 11132 --- [User] [reshExecutor-%d] o.s.web.client.DefaultRestClient         : Reading to [com.netflix.discovery.shared.Applications]
2026-04-14T08:38:39.782+01:00 DEBUG 11132 --- [User] [reshExecutor-%d] o.s.web.client.DefaultRestClient         : Reading to [com.netflix.discovery.shared.Applications]
2026-04-14T08:39:09.815+01:00 DEBUG 11132 --- [User] [reshExecutor-%d] o.s.web.client.DefaultRestClient         : Reading to [com.netflix.discovery.shared.Applications]
2026-04-14T08:39:39.835+01:00 DEBUG 11132 --- [User] [reshExecutor-%d] o.s.web.client.DefaultRestClient         : Reading to [com.netflix.discovery.shared.Applications]
2026-04-14T08:40:09.863+01:00 DEBUG 11132 --- [User] [reshExecutor-%d] o.s.web.client.DefaultRestClient         : Reading to [com.netflix.discovery.shared.Applications]
2026-04-14T08:40:39.883+01:00 DEBUG 11132 --- [User] [reshExecutor-%d] o.s.web.client.DefaultRestClient         : Reading to [com.netflix.discovery.shared.Applications]
2026-04-14T08:41:09.905+01:00 DEBUG 11132 --- [User] [reshExecutor-%d] o.s.web.client.DefaultRestClient         : Reading to [com.netflix.discovery.shared.Applications]
2026-04-14T08:41:17.889+01:00  INFO 11132 --- [User] [rap-executor-%d] c.n.d.s.r.aws.ConfigClusterResolver      : Resolving eureka endpoints via configuration
2026-04-14T08:41:39.925+01:00 DEBUG 11132 --- [User] [reshExecutor-%d] o.s.web.client.DefaultRestClient         : Reading to [com.netflix.discovery.shared.Applications]
2026-04-14T08:42:09.946+01:00 DEBUG 11132 --- [User] [reshExecutor-%d] o.s.web.client.DefaultRestClient         : Reading to [com.netflix.discovery.shared.Applications]
2026-04-14T08:42:39.968+01:00 DEBUG 11132 --- [User] [reshExecutor-%d] o.s.web.client.DefaultRestClient         : Reading to [com.netflix.discovery.shared.Applications]
2026-04-14T08:43:09.985+01:00 DEBUG 11132 --- [User] [reshExecutor-%d] o.s.web.client.DefaultRestClient         : Reading to [com.netflix.discovery.shared.Applications]
2026-04-14T08:43:40.004+01:00 DEBUG 11132 --- [User] [reshExecutor-%d] o.s.web.client.DefaultRestClient         : Reading to [com.netflix.discovery.shared.Applications]
2026-04-14T08:44:10.026+01:00 DEBUG 11132 --- [User] [reshExecutor-%d] o.s.web.client.DefaultRestClient         : Reading to [com.netflix.discovery.shared.Applications]
2026-04-14T08:44:40.045+01:00 DEBUG 11132 --- [User] [reshExecutor-%d] o.s.web.client.DefaultRestClient         : Reading to [com.netflix.discovery.shared.Applications]
2026-04-14T08:45:10.074+01:00 DEBUG 11132 --- [User] [reshExecutor-%d] o.s.web.client.DefaultRestClient         : Reading to [com.netflix.discovery.shared.Applications]
2026-04-14T08:45:40.096+01:00 DEBUG 11132 --- [User] [reshExecutor-%d] o.s.web.client.DefaultRestClient         : Reading to [com.netflix.discovery.shared.Applications]
2026-04-14T08:46:10.128+01:00 DEBUG 11132 --- [User] [reshExecutor-%d] o.s.web.client.DefaultRestClient         : Reading to [com.netflix.discovery.shared.Applications]
2026-04-14T08:46:17.894+01:00  INFO 11132 --- [User] [rap-executor-%d] c.n.d.s.r.aws.ConfigClusterResolver      : Resolving eureka endpoints via configuration
2026-04-14T08:46:40.152+01:00 DEBUG 11132 --- [User] [reshExecutor-%d] o.s.web.client.DefaultRestClient         : Reading to [com.netflix.discovery.shared.Applications]
2026-04-14T08:47:10.170+01:00 DEBUG 11132 --- [User] [reshExecutor-%d] o.s.web.client.DefaultRestClient         : Reading to [com.netflix.discovery.shared.Applications]
2026-04-14T08:47:40.199+01:00 DEBUG 11132 --- [User] [reshExecutor-%d] o.s.web.client.DefaultRestClient         : Reading to [com.netflix.discovery.shared.Applications]
2026-04-14T08:48:10.220+01:00 DEBUG 11132 --- [User] [reshExecutor-%d] o.s.web.client.DefaultRestClient         : Reading to [com.netflix.discovery.shared.Applications]
2026-04-14T08:48:40.247+01:00 DEBUG 11132 --- [User] [reshExecutor-%d] o.s.web.client.DefaultRestClient         : Reading to [com.netflix.discovery.shared.Applications]
2026-04-14T08:49:10.269+01:00 DEBUG 11132 --- [User] [reshExecutor-%d] o.s.web.client.DefaultRestClient         : Reading to [com.netflix.discovery.shared.Applications]
2026-04-14T08:49:40.295+01:00 DEBUG 11132 --- [User] [reshExecutor-%d] o.s.web.client.DefaultRestClient         : Reading to [com.netflix.discovery.shared.Applications]
2026-04-14T08:50:10.320+01:00 DEBUG 11132 --- [User] [reshExecutor-%d] o.s.web.client.DefaultRestClient         : Reading to [com.netflix.discovery.shared.Applications]
2026-04-14T08:50:40.338+01:00 DEBUG 11132 --- [User] [reshExecutor-%d] o.s.web.client.DefaultRestClient         : Reading to [com.netflix.discovery.shared.Applications]
2026-04-14T08:51:10.365+01:00 DEBUG 11132 --- [User] [reshExecutor-%d] o.s.web.client.DefaultRestClient         : Reading to [com.netflix.discovery.shared.Applications]
2026-04-14T08:51:17.904+01:00  INFO 11132 --- [User] [rap-executor-%d] c.n.d.s.r.aws.ConfigClusterResolver      : Resolving eureka endpoints via configuration
2026-04-14T08:51:40.394+01:00 DEBUG 11132 --- [User] [reshExecutor-%d] o.s.web.client.DefaultRestClient         : Reading to [com.netflix.discovery.shared.Applications]
2026-04-14T08:52:10.417+01:00 DEBUG 11132 --- [User] [reshExecutor-%d] o.s.web.client.DefaultRestClient         : Reading to [com.netflix.discovery.shared.Applications]
2026-04-14T08:52:40.438+01:00 DEBUG 11132 --- [User] [reshExecutor-%d] o.s.web.client.DefaultRestClient         : Reading to [com.netflix.discovery.shared.Applications]
2026-04-14T08:53:10.467+01:00 DEBUG 11132 --- [User] [reshExecutor-%d] o.s.web.client.DefaultRestClient         : Reading to [com.netflix.discovery.shared.Applications]
2026-04-14T08:53:40.485+01:00 DEBUG 11132 --- [User] [reshExecutor-%d] o.s.web.client.DefaultRestClient         : Reading to [com.netflix.discovery.shared.Applications]
2026-04-14T08:54:10.503+01:00 DEBUG 11132 --- [User] [reshExecutor-%d] o.s.web.client.DefaultRestClient         : Reading to [com.netflix.discovery.shared.Applications]
2026-04-14T08:54:40.524+01:00 DEBUG 11132 --- [User] [reshExecutor-%d] o.s.web.client.DefaultRestClient         : Reading to [com.netflix.discovery.shared.Applications]
2026-04-14T08:55:10.541+01:00 DEBUG 11132 --- [User] [reshExecutor-%d] o.s.web.client.DefaultRestClient         : Reading to [com.netflix.discovery.shared.Applications]
2026-04-14T08:55:40.565+01:00 DEBUG 11132 --- [User] [reshExecutor-%d] o.s.web.client.DefaultRestClient         : Reading to [com.netflix.discovery.shared.Applications]
2026-04-14T08:56:10.589+01:00 DEBUG 11132 --- [User] [reshExecutor-%d] o.s.web.client.DefaultRestClient         : Reading to [com.netflix.discovery.shared.Applications]
2026-04-14T08:56:17.918+01:00  INFO 11132 --- [User] [rap-executor-%d] c.n.d.s.r.aws.ConfigClusterResolver      : Resolving eureka endpoints via configuration
2026-04-14T08:56:40.618+01:00 DEBUG 11132 --- [User] [reshExecutor-%d] o.s.web.client.DefaultRestClient         : Reading to [com.netflix.discovery.shared.Applications]
2026-04-14T08:57:10.652+01:00 DEBUG 11132 --- [User] [reshExecutor-%d] o.s.web.client.DefaultRestClient         : Reading to [com.netflix.discovery.shared.Applications]
2026-04-14T08:57:40.680+01:00 DEBUG 11132 --- [User] [reshExecutor-%d] o.s.web.client.DefaultRestClient         : Reading to [com.netflix.discovery.shared.Applications]
2026-04-14T08:58:10.706+01:00 DEBUG 11132 --- [User] [reshExecutor-%d] o.s.web.client.DefaultRestClient         : Reading to [com.netflix.discovery.shared.Applications]
2026-04-14T08:58:40.738+01:00 DEBUG 11132 --- [User] [reshExecutor-%d] o.s.web.client.DefaultRestClient         : Reading to [com.netflix.discovery.shared.Applications]
2026-04-14T08:59:10.767+01:00 DEBUG 11132 --- [User] [reshExecutor-%d] o.s.web.client.DefaultRestClient         : Reading to [com.netflix.discovery.shared.Applications]
2026-04-14T08:59:40.787+01:00 DEBUG 11132 --- [User] [reshExecutor-%d] o.s.web.client.DefaultRestClient         : Reading to [com.netflix.discovery.shared.Applications]
2026-04-14T09:00:10.805+01:00 DEBUG 11132 --- [User] [reshExecutor-%d] o.s.web.client.DefaultRestClient         : Reading to [com.netflix.discovery.shared.Applications]
2026-04-14T09:00:40.834+01:00 DEBUG 11132 --- [User] [reshExecutor-%d] o.s.web.client.DefaultRestClient         : Reading to [com.netflix.discovery.shared.Applications]
2026-04-14T09:01:10.854+01:00 DEBUG 11132 --- [User] [reshExecutor-%d] o.s.web.client.DefaultRestClient         : Reading to [com.netflix.discovery.shared.Applications]
2026-04-14T09:01:17.924+01:00  INFO 11132 --- [User] [rap-executor-%d] c.n.d.s.r.aws.ConfigClusterResolver      : Resolving eureka endpoints via configuration
2026-04-14T09:01:40.886+01:00 DEBUG 11132 --- [User] [reshExecutor-%d] o.s.web.client.DefaultRestClient         : Reading to [com.netflix.discovery.shared.Applications]
2026-04-14T09:02:10.919+01:00 DEBUG 11132 --- [User] [reshExecutor-%d] o.s.web.client.DefaultRestClient         : Reading to [com.netflix.discovery.shared.Applications]
2026-04-14T09:02:40.949+01:00 DEBUG 11132 --- [User] [reshExecutor-%d] o.s.web.client.DefaultRestClient         : Reading to [com.netflix.discovery.shared.Applications]
2026-04-14T09:03:10.982+01:00 DEBUG 11132 --- [User] [reshExecutor-%d] o.s.web.client.DefaultRestClient         : Reading to [com.netflix.discovery.shared.Applications]
2026-04-14T09:03:41.003+01:00 DEBUG 11132 --- [User] [reshExecutor-%d] o.s.web.client.DefaultRestClient         : Reading to [com.netflix.discovery.shared.Applications]
2026-04-14T09:04:11.027+01:00 DEBUG 11132 --- [User] [reshExecutor-%d] o.s.web.client.DefaultRestClient         : Reading to [com.netflix.discovery.shared.Applications]
2026-04-14T09:04:41.059+01:00 DEBUG 11132 --- [User] [reshExecutor-%d] o.s.web.client.DefaultRestClient         : Reading to [com.netflix.discovery.shared.Applications]
2026-04-14T09:05:11.078+01:00 DEBUG 11132 --- [User] [reshExecutor-%d] o.s.web.client.DefaultRestClient         : Reading to [com.netflix.discovery.shared.Applications]
2026-04-14T09:05:41.109+01:00 DEBUG 11132 --- [User] [reshExecutor-%d] o.s.web.client.DefaultRestClient         : Reading to [com.netflix.discovery.shared.Applications]
2026-04-14T09:06:11.137+01:00 DEBUG 11132 --- [User] [reshExecutor-%d] o.s.web.client.DefaultRestClient         : Reading to [com.netflix.discovery.shared.Applications]
2026-04-14T09:06:17.926+01:00  INFO 11132 --- [User] [rap-executor-%d] c.n.d.s.r.aws.ConfigClusterResolver      : Resolving eureka endpoints via configuration
2026-04-14T09:06:41.160+01:00 DEBUG 11132 --- [User] [reshExecutor-%d] o.s.web.client.DefaultRestClient         : Reading to [com.netflix.discovery.shared.Applications]
2026-04-14T09:07:11.178+01:00 DEBUG 11132 --- [User] [reshExecutor-%d] o.s.web.client.DefaultRestClient         : Reading to [com.netflix.discovery.shared.Applications]
2026-04-14T09:07:41.197+01:00 DEBUG 11132 --- [User] [reshExecutor-%d] o.s.web.client.DefaultRestClient         : Reading to [com.netflix.discovery.shared.Applications]
2026-04-14T09:08:11.221+01:00 DEBUG 11132 --- [User] [reshExecutor-%d] o.s.web.client.DefaultRestClient         : Reading to [com.netflix.discovery.shared.Applications]
2026-04-14T09:08:41.244+01:00 DEBUG 11132 --- [User] [reshExecutor-%d] o.s.web.client.DefaultRestClient         : Reading to [com.netflix.discovery.shared.Applications]
2026-04-14T09:09:11.273+01:00 DEBUG 11132 --- [User] [reshExecutor-%d] o.s.web.client.DefaultRestClient         : Reading to [com.netflix.discovery.shared.Applications]
2026-04-14T09:09:41.295+01:00 DEBUG 11132 --- [User] [reshExecutor-%d] o.s.web.client.DefaultRestClient         : Reading to [com.netflix.discovery.shared.Applications]
2026-04-14T09:10:11.318+01:00 DEBUG 11132 --- [User] [reshExecutor-%d] o.s.web.client.DefaultRestClient         : Reading to [com.netflix.discovery.shared.Applications]
2026-04-14T09:10:41.342+01:00 DEBUG 11132 --- [User] [reshExecutor-%d] o.s.web.client.DefaultRestClient         : Reading to [com.netflix.discovery.shared.Applications]
2026-04-14T09:11:11.365+01:00 DEBUG 11132 --- [User] [reshExecutor-%d] o.s.web.client.DefaultRestClient         : Reading to [com.netflix.discovery.shared.Applications]
2026-04-14T09:11:17.939+01:00  INFO 11132 --- [User] [rap-executor-%d] c.n.d.s.r.aws.ConfigClusterResolver      : Resolving eureka endpoints via configuration
2026-04-14T09:11:41.379+01:00 DEBUG 11132 --- [User] [reshExecutor-%d] o.s.web.client.DefaultRestClient         : Reading to [com.netflix.discovery.shared.Applications]
2026-04-14T09:12:11.406+01:00 DEBUG 11132 --- [User] [reshExecutor-%d] o.s.web.client.DefaultRestClient         : Reading to [com.netflix.discovery.shared.Applications]
2026-04-14T09:12:41.440+01:00 DEBUG 11132 --- [User] [reshExecutor-%d] o.s.web.client.DefaultRestClient         : Reading to [com.netflix.discovery.shared.Applications]
2026-04-14T09:13:11.458+01:00 DEBUG 11132 --- [User] [reshExecutor-%d] o.s.web.client.DefaultRestClient         : Reading to [com.netflix.discovery.shared.Applications]
2026-04-14T09:13:41.477+01:00 DEBUG 11132 --- [User] [reshExecutor-%d] o.s.web.client.DefaultRestClient         : Reading to [com.netflix.discovery.shared.Applications]
2026-04-14T09:14:11.501+01:00 DEBUG 11132 --- [User] [reshExecutor-%d] o.s.web.client.DefaultRestClient         : Reading to [com.netflix.discovery.shared.Applications]
2026-04-14T09:14:14.213+01:00 DEBUG 11132 --- [User] [nio-8081-exec-1] o.s.security.web.FilterChainProxy        : Securing POST /api/auth/login
2026-04-14T09:14:14.213+01:00 DEBUG 11132 --- [User] [nio-8081-exec-1] o.s.s.w.a.AnonymousAuthenticationFilter  : Set SecurityContextHolder to anonymous SecurityContext
2026-04-14T09:14:14.213+01:00 DEBUG 11132 --- [User] [nio-8081-exec-1] o.s.security.web.FilterChainProxy        : Secured POST /api/auth/login
2026-04-14T09:14:14.213+01:00 DEBUG 11132 --- [User] [nio-8081-exec-1] o.s.web.servlet.DispatcherServlet        : POST "/api/auth/login", parameters={}
2026-04-14T09:14:14.214+01:00 DEBUG 11132 --- [User] [nio-8081-exec-1] s.w.s.m.m.a.RequestMappingHandlerMapping : Mapped to tn.spring.user.Controllers.AuthController#login(AuthenticationRequest, HttpServletResponse, HttpServletRequest)
2026-04-14T09:14:14.215+01:00 DEBUG 11132 --- [User] [nio-8081-exec-1] m.m.a.RequestResponseBodyMethodProcessor : Read "application/json;charset=UTF-8" to [AuthenticationRequest(rememberMe=false, login=TU1@gmail.com, password=NOUR0000)]
2026-04-14T09:14:14.295+01:00 DEBUG 11132 --- [User] [nio-8081-exec-1] o.s.s.a.dao.DaoAuthenticationProvider    : Authenticated user
2026-04-14T09:14:14.298+01:00 DEBUG 11132 --- [User] [nio-8081-exec-1] o.s.w.s.m.m.a.HttpEntityMethodProcessor  : Using 'application/json', given [application/json, text/plain, */*] and supported [application/json, application/*+json]
2026-04-14T09:14:14.299+01:00 DEBUG 11132 --- [User] [nio-8081-exec-1] o.s.w.s.m.m.a.HttpEntityMethodProcessor  : Writing [AuthenticationResponse(token=eyJhbGciOiJIUzI1NiJ9.eyJyb2xlIjoiVFVUT1IiLCJzdWIiOiJUVTFAZ21haWwuY29tIi (truncated)...]
2026-04-14T09:14:14.300+01:00 DEBUG 11132 --- [User] [nio-8081-exec-1] o.s.web.servlet.DispatcherServlet        : Completed 200 OK
2026-04-14T09:14:14.322+01:00 DEBUG 11132 --- [User] [nio-8081-exec-2] o.s.security.web.FilterChainProxy        : Securing GET /api/users/students
2026-04-14T09:14:14.330+01:00 DEBUG 11132 --- [User] [nio-8081-exec-2] o.s.security.web.FilterChainProxy        : Secured GET /api/users/students
2026-04-14T09:14:14.330+01:00 DEBUG 11132 --- [User] [nio-8081-exec-2] o.s.web.servlet.DispatcherServlet        : GET "/api/users/students", parameters={}
2026-04-14T09:14:14.330+01:00 DEBUG 11132 --- [User] [nio-8081-exec-2] s.w.s.m.m.a.RequestMappingHandlerMapping : Mapped to tn.spring.user.Controllers.UserController#getAllstudents()
2026-04-14T09:14:14.332+01:00 DEBUG 11132 --- [User] [nio-8081-exec-2] horizationManagerBeforeMethodInterceptor : Authorizing method invocation ReflectiveMethodInvocation: public org.springframework.http.ResponseEntity tn.spring.user.Controllers.UserController.getAllstudents(); target is of class [tn.spring.user.Controllers.UserController]
2026-04-14T09:14:14.332+01:00 DEBUG 11132 --- [User] [nio-8081-exec-2] horizationManagerBeforeMethodInterceptor : Authorized method invocation ReflectiveMethodInvocation: public org.springframework.http.ResponseEntity tn.spring.user.Controllers.UserController.getAllstudents(); target is of class [tn.spring.user.Controllers.UserController]
2026-04-14T09:14:14.336+01:00 DEBUG 11132 --- [User] [nio-8081-exec-2] o.s.w.s.m.m.a.HttpEntityMethodProcessor  : Using 'application/json', given [application/json, text/plain, */*] and supported [application/json, application/*+json]
2026-04-14T09:14:14.337+01:00 DEBUG 11132 --- [User] [nio-8081-exec-2] o.s.w.s.m.m.a.HttpEntityMethodProcessor  : Writing [[Student(englishLevel=A1, learningGoal=General, dailyGoalMinutes=0), Student(englishLevel=A1, learni (truncated)...]
2026-04-14T09:14:14.337+01:00 DEBUG 11132 --- [User] [nio-8081-exec-2] o.s.web.servlet.DispatcherServlet        : Completed 200 OK
2026-04-14T09:14:41.518+01:00 DEBUG 11132 --- [User] [reshExecutor-%d] o.s.web.client.DefaultRestClient         : Reading to [com.netflix.discovery.shared.Applications]
2026-04-14T09:15:11.533+01:00 DEBUG 11132 --- [User] [reshExecutor-%d] o.s.web.client.DefaultRestClient         : Reading to [com.netflix.discovery.shared.Applications]
2026-04-14T09:15:41.564+01:00 DEBUG 11132 --- [User] [reshExecutor-%d] o.s.web.client.DefaultRestClient         : Reading to [com.netflix.discovery.shared.Applications]
2026-04-14T09:16:11.591+01:00 DEBUG 11132 --- [User] [reshExecutor-%d] o.s.web.client.DefaultRestClient         : Reading to [com.netflix.discovery.shared.Applications]
2026-04-14T09:16:17.941+01:00  INFO 11132 --- [User] [rap-executor-%d] c.n.d.s.r.aws.ConfigClusterResolver      : Resolving eureka endpoints via configuration
2026-04-14T09:16:41.623+01:00 DEBUG 11132 --- [User] [reshExecutor-%d] o.s.web.client.DefaultRestClient         : Reading to [com.netflix.discovery.shared.Applications]
2026-04-14T09:17:11.654+01:00 DEBUG 11132 --- [User] [reshExecutor-%d] o.s.web.client.DefaultRestClient         : Reading to [com.netflix.discovery.shared.Applications]
2026-04-14T09:17:41.673+01:00 DEBUG 11132 --- [User] [reshExecutor-%d] o.s.web.client.DefaultRestClient         : Reading to [com.netflix.discovery.shared.Applications]
2026-04-14T09:18:11.692+01:00 DEBUG 11132 --- [User] [reshExecutor-%d] o.s.web.client.DefaultRestClient         : Reading to [com.netflix.discovery.shared.Applications]
2026-04-14T09:18:41.711+01:00 DEBUG 11132 --- [User] [reshExecutor-%d] o.s.web.client.DefaultRestClient         : Reading to [com.netflix.discovery.shared.Applications]
2026-04-14T09:19:11.728+01:00 DEBUG 11132 --- [User] [reshExecutor-%d] o.s.web.client.DefaultRestClient         : Reading to [com.netflix.discovery.shared.Applications]
2026-04-14T09:19:41.749+01:00 DEBUG 11132 --- [User] [reshExecutor-%d] o.s.web.client.DefaultRestClient         : Reading to [com.netflix.discovery.shared.Applications]
2026-04-14T09:20:11.767+01:00 DEBUG 11132 --- [User] [reshExecutor-%d] o.s.web.client.DefaultRestClient         : Reading to [com.netflix.discovery.shared.Applications]
2026-04-14T09:20:41.788+01:00 DEBUG 11132 --- [User] [reshExecutor-%d] o.s.web.client.DefaultRestClient         : Reading to [com.netflix.discovery.shared.Applications]
2026-04-14T09:21:11.814+01:00 DEBUG 11132 --- [User] [reshExecutor-%d] o.s.web.client.DefaultRestClient         : Reading to [com.netflix.discovery.shared.Applications]
2026-04-14T09:21:17.943+01:00  INFO 11132 --- [User] [rap-executor-%d] c.n.d.s.r.aws.ConfigClusterResolver      : Resolving eureka endpoints via configuration
2026-04-14T09:21:41.836+01:00 DEBUG 11132 --- [User] [reshExecutor-%d] o.s.web.client.DefaultRestClient         : Reading to [com.netflix.discovery.shared.Applications]
2026-04-14T09:22:11.856+01:00 DEBUG 11132 --- [User] [reshExecutor-%d] o.s.web.client.DefaultRestClient         : Reading to [com.netflix.discovery.shared.Applications]
2026-04-14T09:22:41.884+01:00 DEBUG 11132 --- [User] [reshExecutor-%d] o.s.web.client.DefaultRestClient         : Reading to [com.netflix.discovery.shared.Applications]
2026-04-14T09:23:11.907+01:00 DEBUG 11132 --- [User] [reshExecutor-%d] o.s.web.client.DefaultRestClient         : Reading to [com.netflix.discovery.shared.Applications]
2026-04-14T09:23:41.934+01:00 DEBUG 11132 --- [User] [reshExecutor-%d] o.s.web.client.DefaultRestClient         : Reading to [com.netflix.discovery.shared.Applications]
2026-04-14T09:24:11.952+01:00 DEBUG 11132 --- [User] [reshExecutor-%d] o.s.web.client.DefaultRestClient         : Reading to [com.netflix.discovery.shared.Applications]
2026-04-14T09:24:34.833+01:00 DEBUG 11132 --- [User] [nio-8081-exec-4] o.s.security.web.FilterChainProxy        : Securing GET /api/users/students
2026-04-14T09:24:34.845+01:00 DEBUG 11132 --- [User] [nio-8081-exec-4] o.s.security.web.FilterChainProxy        : Secured GET /api/users/students
2026-04-14T09:24:34.845+01:00 DEBUG 11132 --- [User] [nio-8081-exec-4] o.s.web.servlet.DispatcherServlet        : GET "/api/users/students", parameters={}
2026-04-14T09:24:34.845+01:00 DEBUG 11132 --- [User] [nio-8081-exec-4] s.w.s.m.m.a.RequestMappingHandlerMapping : Mapped to tn.spring.user.Controllers.UserController#getAllstudents()
2026-04-14T09:24:34.847+01:00 DEBUG 11132 --- [User] [nio-8081-exec-4] horizationManagerBeforeMethodInterceptor : Authorizing method invocation ReflectiveMethodInvocation: public org.springframework.http.ResponseEntity tn.spring.user.Controllers.UserController.getAllstudents(); target is of class [tn.spring.user.Controllers.UserController]
2026-04-14T09:24:34.847+01:00 DEBUG 11132 --- [User] [nio-8081-exec-4] horizationManagerBeforeMethodInterceptor : Authorized method invocation ReflectiveMethodInvocation: public org.springframework.http.ResponseEntity tn.spring.user.Controllers.UserController.getAllstudents(); target is of class [tn.spring.user.Controllers.UserController]
2026-04-14T09:24:34.850+01:00 DEBUG 11132 --- [User] [nio-8081-exec-4] o.s.w.s.m.m.a.HttpEntityMethodProcessor  : Using 'application/json', given [application/json, text/plain, */*] and supported [application/json, application/*+json]
2026-04-14T09:24:34.850+01:00 DEBUG 11132 --- [User] [nio-8081-exec-4] o.s.w.s.m.m.a.HttpEntityMethodProcessor  : Writing [[Student(englishLevel=A1, learningGoal=General, dailyGoalMinutes=0), Student(englishLevel=A1, learni (truncated)...]
2026-04-14T09:24:34.851+01:00 DEBUG 11132 --- [User] [nio-8081-exec-4] o.s.web.servlet.DispatcherServlet        : Completed 200 OK
2026-04-14T09:24:41.979+01:00 DEBUG 11132 --- [User] [reshExecutor-%d] o.s.web.client.DefaultRestClient         : Reading to [com.netflix.discovery.shared.Applications]
2026-04-14T09:25:11.997+01:00 DEBUG 11132 --- [User] [reshExecutor-%d] o.s.web.client.DefaultRestClient         : Reading to [com.netflix.discovery.shared.Applications]
2026-04-14T09:25:42.026+01:00 DEBUG 11132 --- [User] [reshExecutor-%d] o.s.web.client.DefaultRestClient         : Reading to [com.netflix.discovery.shared.Applications]
2026-04-14T09:26:12.049+01:00 DEBUG 11132 --- [User] [reshExecutor-%d] o.s.web.client.DefaultRestClient         : Reading to [com.netflix.discovery.shared.Applications]
2026-04-14T09:26:17.954+01:00  INFO 11132 --- [User] [rap-executor-%d] c.n.d.s.r.aws.ConfigClusterResolver      : Resolving eureka endpoints via configuration
2026-04-14T09:26:42.074+01:00 DEBUG 11132 --- [User] [reshExecutor-%d] o.s.web.client.DefaultRestClient         : Reading to [com.netflix.discovery.shared.Applications]
2026-04-14T09:27:12.103+01:00 DEBUG 11132 --- [User] [reshExecutor-%d] o.s.web.client.DefaultRestClient         : Reading to [com.netflix.discovery.shared.Applications]
2026-04-14T09:27:42.129+01:00 DEBUG 11132 --- [User] [reshExecutor-%d] o.s.web.client.DefaultRestClient         : Reading to [com.netflix.discovery.shared.Applications]
2026-04-14T09:28:12.157+01:00 DEBUG 11132 --- [User] [reshExecutor-%d] o.s.web.client.DefaultRestClient         : Reading to [com.netflix.discovery.shared.Applications]
2026-04-14T09:28:42.181+01:00 DEBUG 11132 --- [User] [reshExecutor-%d] o.s.web.client.DefaultRestClient         : Reading to [com.netflix.discovery.shared.Applications]
2026-04-14T09:29:12.213+01:00 DEBUG 11132 --- [User] [reshExecutor-%d] o.s.web.client.DefaultRestClient         : Reading to [com.netflix.discovery.shared.Applications]
2026-04-14T09:29:42.239+01:00 DEBUG 11132 --- [User] [reshExecutor-%d] o.s.web.client.DefaultRestClient         : Reading to [com.netflix.discovery.shared.Applications]
2026-04-14T09:30:12.266+01:00 DEBUG 11132 --- [User] [reshExecutor-%d] o.s.web.client.DefaultRestClient         : Reading to [com.netflix.discovery.shared.Applications]
2026-04-14T09:30:42.293+01:00 DEBUG 11132 --- [User] [reshExecutor-%d] o.s.web.client.DefaultRestClient         : Reading to [com.netflix.discovery.shared.Applications]
2026-04-14T09:31:12.316+01:00 DEBUG 11132 --- [User] [reshExecutor-%d] o.s.web.client.DefaultRestClient         : Reading to [com.netflix.discovery.shared.Applications]
2026-04-14T09:31:17.963+01:00  INFO 11132 --- [User] [rap-executor-%d] c.n.d.s.r.aws.ConfigClusterResolver      : Resolving eureka endpoints via configuration
2026-04-14T09:31:42.329+01:00 DEBUG 11132 --- [User] [reshExecutor-%d] o.s.web.client.DefaultRestClient         : Reading to [com.netflix.discovery.shared.Applications]
2026-04-14T09:32:12.360+01:00 DEBUG 11132 --- [User] [reshExecutor-%d] o.s.web.client.DefaultRestClient         : Reading to [com.netflix.discovery.shared.Applications]
2026-04-14T09:32:42.392+01:00 DEBUG 11132 --- [User] [reshExecutor-%d] o.s.web.client.DefaultRestClient         : Reading to [com.netflix.discovery.shared.Applications]
2026-04-14T09:33:12.423+01:00 DEBUG 11132 --- [User] [reshExecutor-%d] o.s.web.client.DefaultRestClient         : Reading to [com.netflix.discovery.shared.Applications]
2026-04-14T09:33:42.453+01:00 DEBUG 11132 --- [User] [reshExecutor-%d] o.s.web.client.DefaultRestClient         : Reading to [com.netflix.discovery.shared.Applications]
2026-04-14T09:34:12.477+01:00 DEBUG 11132 --- [User] [reshExecutor-%d] o.s.web.client.DefaultRestClient         : Reading to [com.netflix.discovery.shared.Applications]
2026-04-14T09:34:42.501+01:00 DEBUG 11132 --- [User] [reshExecutor-%d] o.s.web.client.DefaultRestClient         : Reading to [com.netflix.discovery.shared.Applications]
2026-04-14T09:35:12.529+01:00 DEBUG 11132 --- [User] [reshExecutor-%d] o.s.web.client.DefaultRestClient         : Reading to [com.netflix.discovery.shared.Applications]
2026-04-14T09:35:42.561+01:00 DEBUG 11132 --- [User] [reshExecutor-%d] o.s.web.client.DefaultRestClient         : Reading to [com.netflix.discovery.shared.Applications]
2026-04-14T09:36:12.583+01:00 DEBUG 11132 --- [User] [reshExecutor-%d] o.s.web.client.DefaultRestClient         : Reading to [com.netflix.discovery.shared.Applications]
2026-04-14T09:36:17.976+01:00  INFO 11132 --- [User] [rap-executor-%d] c.n.d.s.r.aws.ConfigClusterResolver      : Resolving eureka endpoints via configuration
2026-04-14T09:36:42.603+01:00 DEBUG 11132 --- [User] [reshExecutor-%d] o.s.web.client.DefaultRestClient         : Reading to [com.netflix.discovery.shared.Applications]
2026-04-14T09:37:12.626+01:00 DEBUG 11132 --- [User] [reshExecutor-%d] o.s.web.client.DefaultRestClient         : Reading to [com.netflix.discovery.shared.Applications]
2026-04-14T09:37:42.648+01:00 DEBUG 11132 --- [User] [reshExecutor-%d] o.s.web.client.DefaultRestClient         : Reading to [com.netflix.discovery.shared.Applications]
2026-04-14T09:38:12.677+01:00 DEBUG 11132 --- [User] [reshExecutor-%d] o.s.web.client.DefaultRestClient         : Reading to [com.netflix.discovery.shared.Applications]
2026-04-14T09:38:42.700+01:00 DEBUG 11132 --- [User] [reshExecutor-%d] o.s.web.client.DefaultRestClient         : Reading to [com.netflix.discovery.shared.Applications]
2026-04-14T09:39:12.717+01:00 DEBUG 11132 --- [User] [reshExecutor-%d] o.s.web.client.DefaultRestClient         : Reading to [com.netflix.discovery.shared.Applications]
2026-04-14T09:39:42.739+01:00 DEBUG 11132 --- [User] [reshExecutor-%d] o.s.web.client.DefaultRestClient         : Reading to [com.netflix.discovery.shared.Applications]
2026-04-14T09:40:12.758+01:00 DEBUG 11132 --- [User] [reshExecutor-%d] o.s.web.client.DefaultRestClient         : Reading to [com.netflix.discovery.shared.Applications]
2026-04-14T09:40:42.784+01:00 DEBUG 11132 --- [User] [reshExecutor-%d] o.s.web.client.DefaultRestClient         : Reading to [com.netflix.discovery.shared.Applications]
2026-04-14T09:41:12.802+01:00 DEBUG 11132 --- [User] [reshExecutor-%d] o.s.web.client.DefaultRestClient         : Reading to [com.netflix.discovery.shared.Applications]
2026-04-14T09:41:17.990+01:00  INFO 11132 --- [User] [rap-executor-%d] c.n.d.s.r.aws.ConfigClusterResolver      : Resolving eureka endpoints via configuration
2026-04-14T09:41:42.829+01:00 DEBUG 11132 --- [User] [reshExecutor-%d] o.s.web.client.DefaultRestClient         : Reading to [com.netflix.discovery.shared.Applications]
2026-04-14T09:42:12.852+01:00 DEBUG 11132 --- [User] [reshExecutor-%d] o.s.web.client.DefaultRestClient         : Reading to [com.netflix.discovery.shared.Applications]
2026-04-14T09:42:42.883+01:00 DEBUG 11132 --- [User] [reshExecutor-%d] o.s.web.client.DefaultRestClient         : Reading to [com.netflix.discovery.shared.Applications]
2026-04-14T09:43:12.911+01:00 DEBUG 11132 --- [User] [reshExecutor-%d] o.s.web.client.DefaultRestClient         : Reading to [com.netflix.discovery.shared.Applications]
2026-04-14T09:43:42.945+01:00 DEBUG 11132 --- [User] [reshExecutor-%d] o.s.web.client.DefaultRestClient         : Reading to [com.netflix.discovery.shared.Applications]
2026-04-14T09:44:12.963+01:00 DEBUG 11132 --- [User] [reshExecutor-%d] o.s.web.client.DefaultRestClient         : Reading to [com.netflix.discovery.shared.Applications]
2026-04-14T09:44:42.987+01:00 DEBUG 11132 --- [User] [reshExecutor-%d] o.s.web.client.DefaultRestClient         : Reading to [com.netflix.discovery.shared.Applications]
2026-04-14T09:45:13.019+01:00 DEBUG 11132 --- [User] [reshExecutor-%d] o.s.web.client.DefaultRestClient         : Reading to [com.netflix.discovery.shared.Applications]
2026-04-14T09:45:43.047+01:00 DEBUG 11132 --- [User] [reshExecutor-%d] o.s.web.client.DefaultRestClient         : Reading to [com.netflix.discovery.shared.Applications]
2026-04-14T09:46:13.078+01:00 DEBUG 11132 --- [User] [reshExecutor-%d] o.s.web.client.DefaultRestClient         : Reading to [com.netflix.discovery.shared.Applications]
2026-04-14T09:46:18.001+01:00  INFO 11132 --- [User] [rap-executor-%d] c.n.d.s.r.aws.ConfigClusterResolver      : Resolving eureka endpoints via configuration
2026-04-14T09:46:43.109+01:00 DEBUG 11132 --- [User] [reshExecutor-%d] o.s.web.client.DefaultRestClient         : Reading to [com.netflix.discovery.shared.Applications]
2026-04-14T09:47:13.138+01:00 DEBUG 11132 --- [User] [reshExecutor-%d] o.s.web.client.DefaultRestClient         : Reading to [com.netflix.discovery.shared.Applications]
2026-04-14T09:47:43.173+01:00 DEBUG 11132 --- [User] [reshExecutor-%d] o.s.web.client.DefaultRestClient         : Reading to [com.netflix.discovery.shared.Applications]
2026-04-14T09:48:13.193+01:00 DEBUG 11132 --- [User] [reshExecutor-%d] o.s.web.client.DefaultRestClient         : Reading to [com.netflix.discovery.shared.Applications]
2026-04-14T09:48:43.222+01:00 DEBUG 11132 --- [User] [reshExecutor-%d] o.s.web.client.DefaultRestClient         : Reading to [com.netflix.discovery.shared.Applications]
2026-04-14T09:49:13.253+01:00 DEBUG 11132 --- [User] [reshExecutor-%d] o.s.web.client.DefaultRestClient         : Reading to [com.netflix.discovery.shared.Applications]
2026-04-14T09:49:20.817+01:00 DEBUG 11132 --- [User] [nio-8081-exec-6] o.s.security.web.FilterChainProxy        : Securing GET /api/users/students
2026-04-14T09:49:20.820+01:00 ERROR 11132 --- [User] [nio-8081-exec-6] o.a.c.c.C.[.[.[/].[dispatcherServlet]    : Servlet.service() for servlet [dispatcherServlet] in context with path [] threw exception

io.jsonwebtoken.ExpiredJwtException: JWT expired at 2026-04-14T08:44:14Z. Current time: 2026-04-14T08:49:20Z, a difference of 306819 milliseconds.  Allowed clock skew: 0 milliseconds.
	at io.jsonwebtoken.impl.DefaultJwtParser.parse(DefaultJwtParser.java:427) ~[jjwt-impl-0.11.5.jar:0.11.5]
	at io.jsonwebtoken.impl.DefaultJwtParser.parse(DefaultJwtParser.java:529) ~[jjwt-impl-0.11.5.jar:0.11.5]
	at io.jsonwebtoken.impl.DefaultJwtParser.parseClaimsJws(DefaultJwtParser.java:589) ~[jjwt-impl-0.11.5.jar:0.11.5]
	at io.jsonwebtoken.impl.ImmutableJwtParser.parseClaimsJws(ImmutableJwtParser.java:173) ~[jjwt-impl-0.11.5.jar:0.11.5]
	at tn.spring.user.Services.JwtService.extractallClaims(JwtService.java:115) ~[classes/:na]
	at tn.spring.user.Services.JwtService.extractClaim(JwtService.java:119) ~[classes/:na]
	at tn.spring.user.Services.JwtService.extractUsername(JwtService.java:35) ~[classes/:na]
	at tn.spring.user.Filters.JwtAuthenticationFilter.doFilterInternal(JwtAuthenticationFilter.java:59) ~[classes/:na]
	at org.springframework.web.filter.OncePerRequestFilter.doFilter(OncePerRequestFilter.java:116) ~[spring-web-7.0.3.jar:7.0.3]
	at org.springframework.security.web.FilterChainProxy$VirtualFilterChain.doFilter(FilterChainProxy.java:380) ~[spring-security-web-7.0.2.jar:7.0.2]
	at org.springframework.security.web.authentication.logout.LogoutFilter.doFilter(LogoutFilter.java:110) ~[spring-security-web-7.0.2.jar:7.0.2]
	at org.springframework.security.web.authentication.logout.LogoutFilter.doFilter(LogoutFilter.java:96) ~[spring-security-web-7.0.2.jar:7.0.2]
	at org.springframework.security.web.FilterChainProxy$VirtualFilterChain.doFilter(FilterChainProxy.java:380) ~[spring-security-web-7.0.2.jar:7.0.2]
	at org.springframework.security.web.header.HeaderWriterFilter.doHeadersAfter(HeaderWriterFilter.java:90) ~[spring-security-web-7.0.2.jar:7.0.2]
	at org.springframework.security.web.header.HeaderWriterFilter.doFilterInternal(HeaderWriterFilter.java:75) ~[spring-security-web-7.0.2.jar:7.0.2]
	at org.springframework.web.filter.OncePerRequestFilter.doFilter(OncePerRequestFilter.java:116) ~[spring-web-7.0.3.jar:7.0.3]
	at org.springframework.security.web.FilterChainProxy$VirtualFilterChain.doFilter(FilterChainProxy.java:380) ~[spring-security-web-7.0.2.jar:7.0.2]
	at org.springframework.security.web.context.SecurityContextHolderFilter.doFilter(SecurityContextHolderFilter.java:82) ~[spring-security-web-7.0.2.jar:7.0.2]
	at org.springframework.security.web.context.SecurityContextHolderFilter.doFilter(SecurityContextHolderFilter.java:69) ~[spring-security-web-7.0.2.jar:7.0.2]
	at org.springframework.security.web.FilterChainProxy$VirtualFilterChain.doFilter(FilterChainProxy.java:380) ~[spring-security-web-7.0.2.jar:7.0.2]
	at org.springframework.security.web.context.request.async.WebAsyncManagerIntegrationFilter.doFilterInternal(WebAsyncManagerIntegrationFilter.java:62) ~[spring-security-web-7.0.2.jar:7.0.2]
	at org.springframework.web.filter.OncePerRequestFilter.doFilter(OncePerRequestFilter.java:116) ~[spring-web-7.0.3.jar:7.0.3]
	at org.springframework.security.web.FilterChainProxy$VirtualFilterChain.doFilter(FilterChainProxy.java:380) ~[spring-security-web-7.0.2.jar:7.0.2]
	at org.springframework.security.web.session.DisableEncodeUrlFilter.doFilterInternal(DisableEncodeUrlFilter.java:42) ~[spring-security-web-7.0.2.jar:7.0.2]
	at org.springframework.web.filter.OncePerRequestFilter.doFilter(OncePerRequestFilter.java:116) ~[spring-web-7.0.3.jar:7.0.3]
	at org.springframework.security.web.FilterChainProxy$VirtualFilterChain.doFilter(FilterChainProxy.java:380) ~[spring-security-web-7.0.2.jar:7.0.2]
	at org.springframework.security.web.FilterChainProxy.doFilterInternal(FilterChainProxy.java:237) ~[spring-security-web-7.0.2.jar:7.0.2]
	at org.springframework.security.web.FilterChainProxy.doFilter(FilterChainProxy.java:195) ~[spring-security-web-7.0.2.jar:7.0.2]
	at org.springframework.web.filter.CompositeFilter$VirtualFilterChain.doFilter(CompositeFilter.java:113) ~[spring-web-7.0.3.jar:7.0.3]
	at org.springframework.web.filter.ServletRequestPathFilter.doFilter(ServletRequestPathFilter.java:52) ~[spring-web-7.0.3.jar:7.0.3]
	at org.springframework.web.filter.CompositeFilter$VirtualFilterChain.doFilter(CompositeFilter.java:113) ~[spring-web-7.0.3.jar:7.0.3]
	at org.springframework.web.filter.CompositeFilter.doFilter(CompositeFilter.java:74) ~[spring-web-7.0.3.jar:7.0.3]
	at org.springframework.security.config.annotation.web.configuration.WebSecurityConfiguration$CompositeFilterChainProxy.doFilter(WebSecurityConfiguration.java:317) ~[spring-security-config-7.0.2.jar:7.0.2]
	at org.springframework.web.filter.DelegatingFilterProxy.invokeDelegate(DelegatingFilterProxy.java:355) ~[spring-web-7.0.3.jar:7.0.3]
	at org.springframework.web.filter.DelegatingFilterProxy.doFilter(DelegatingFilterProxy.java:272) ~[spring-web-7.0.3.jar:7.0.3]
	at org.apache.catalina.core.ApplicationFilterChain.doFilter(ApplicationFilterChain.java:107) ~[tomcat-embed-core-11.0.15.jar:11.0.15]
	at org.springframework.web.filter.RequestContextFilter.doFilterInternal(RequestContextFilter.java:100) ~[spring-web-7.0.3.jar:7.0.3]
	at org.springframework.web.filter.OncePerRequestFilter.doFilter(OncePerRequestFilter.java:116) ~[spring-web-7.0.3.jar:7.0.3]
	at org.apache.catalina.core.ApplicationFilterChain.doFilter(ApplicationFilterChain.java:107) ~[tomcat-embed-core-11.0.15.jar:11.0.15]
	at org.springframework.web.filter.FormContentFilter.doFilterInternal(FormContentFilter.java:93) ~[spring-web-7.0.3.jar:7.0.3]
	at org.springframework.web.filter.OncePerRequestFilter.doFilter(OncePerRequestFilter.java:116) ~[spring-web-7.0.3.jar:7.0.3]
	at org.apache.catalina.core.ApplicationFilterChain.doFilter(ApplicationFilterChain.java:107) ~[tomcat-embed-core-11.0.15.jar:11.0.15]
	at org.springframework.web.filter.CharacterEncodingFilter.doFilterInternal(CharacterEncodingFilter.java:199) ~[spring-web-7.0.3.jar:7.0.3]
	at org.springframework.web.filter.OncePerRequestFilter.doFilter(OncePerRequestFilter.java:116) ~[spring-web-7.0.3.jar:7.0.3]
	at org.apache.catalina.core.ApplicationFilterChain.doFilter(ApplicationFilterChain.java:107) ~[tomcat-embed-core-11.0.15.jar:11.0.15]
	at org.apache.catalina.core.StandardWrapperValve.invoke(StandardWrapperValve.java:165) ~[tomcat-embed-core-11.0.15.jar:11.0.15]
	at org.apache.catalina.core.StandardContextValve.invoke(StandardContextValve.java:77) ~[tomcat-embed-core-11.0.15.jar:11.0.15]
	at org.apache.catalina.authenticator.AuthenticatorBase.invoke(AuthenticatorBase.java:482) ~[tomcat-embed-core-11.0.15.jar:11.0.15]
	at org.apache.catalina.core.StandardHostValve.invoke(StandardHostValve.java:113) ~[tomcat-embed-core-11.0.15.jar:11.0.15]
	at org.apache.catalina.valves.ErrorReportValve.invoke(ErrorReportValve.java:83) ~[tomcat-embed-core-11.0.15.jar:11.0.15]
	at org.apache.catalina.core.StandardEngineValve.invoke(StandardEngineValve.java:72) ~[tomcat-embed-core-11.0.15.jar:11.0.15]
	at org.apache.catalina.connector.CoyoteAdapter.service(CoyoteAdapter.java:341) ~[tomcat-embed-core-11.0.15.jar:11.0.15]
	at org.apache.coyote.http11.Http11Processor.service(Http11Processor.java:397) ~[tomcat-embed-core-11.0.15.jar:11.0.15]
	at org.apache.coyote.AbstractProcessorLight.process(AbstractProcessorLight.java:63) ~[tomcat-embed-core-11.0.15.jar:11.0.15]
	at org.apache.coyote.AbstractProtocol$ConnectionHandler.process(AbstractProtocol.java:903) ~[tomcat-embed-core-11.0.15.jar:11.0.15]
	at org.apache.tomcat.util.net.NioEndpoint$SocketProcessor.doRun(NioEndpoint.java:1778) ~[tomcat-embed-core-11.0.15.jar:11.0.15]
	at org.apache.tomcat.util.net.SocketProcessorBase.run(SocketProcessorBase.java:52) ~[tomcat-embed-core-11.0.15.jar:11.0.15]
	at org.apache.tomcat.util.threads.ThreadPoolExecutor.runWorker(ThreadPoolExecutor.java:946) ~[tomcat-embed-core-11.0.15.jar:11.0.15]
	at org.apache.tomcat.util.threads.ThreadPoolExecutor$Worker.run(ThreadPoolExecutor.java:480) ~[tomcat-embed-core-11.0.15.jar:11.0.15]
	at org.apache.tomcat.util.threads.TaskThread$WrappingRunnable.run(TaskThread.java:57) ~[tomcat-embed-core-11.0.15.jar:11.0.15]
	at java.base/java.lang.Thread.run(Thread.java:842) ~[na:na]

2026-04-14T09:49:20.821+01:00 DEBUG 11132 --- [User] [nio-8081-exec-6] o.s.security.web.FilterChainProxy        : Securing GET /error
2026-04-14T09:49:20.821+01:00 DEBUG 11132 --- [User] [nio-8081-exec-6] o.s.s.w.a.AnonymousAuthenticationFilter  : Set SecurityContextHolder to anonymous SecurityContext
2026-04-14T09:49:20.821+01:00 DEBUG 11132 --- [User] [nio-8081-exec-6] o.s.security.web.FilterChainProxy        : Secured GET /error
2026-04-14T09:49:20.821+01:00 DEBUG 11132 --- [User] [nio-8081-exec-6] o.s.web.servlet.DispatcherServlet        : "ERROR" dispatch for GET "/error", parameters={}
2026-04-14T09:49:20.821+01:00 DEBUG 11132 --- [User] [nio-8081-exec-6] s.w.s.m.m.a.RequestMappingHandlerMapping : Mapped to org.springframework.boot.webmvc.autoconfigure.error.BasicErrorController#error(HttpServletRequest)
2026-04-14T09:49:20.822+01:00 DEBUG 11132 --- [User] [nio-8081-exec-6] o.s.w.s.m.m.a.HttpEntityMethodProcessor  : Using 'application/json', given [application/json, text/plain, */*] and supported [application/json, application/*+json]
2026-04-14T09:49:20.824+01:00 DEBUG 11132 --- [User] [nio-8081-exec-6] o.s.w.s.m.m.a.HttpEntityMethodProcessor  : Writing [{timestamp=Tue Apr 14 09:49:20 CET 2026, status=500, error=Internal Server Error, trace=io.jsonwebto (truncated)...]
2026-04-14T09:49:20.825+01:00 DEBUG 11132 --- [User] [nio-8081-exec-6] o.s.web.servlet.DispatcherServlet        : Exiting from "ERROR" dispatch, status 500
2026-04-14T09:49:26.103+01:00 DEBUG 11132 --- [User] [nio-8081-exec-7] o.s.security.web.FilterChainProxy        : Securing GET /api/users/students
2026-04-14T09:49:26.104+01:00 ERROR 11132 --- [User] [nio-8081-exec-7] o.a.c.c.C.[.[.[/].[dispatcherServlet]    : Servlet.service() for servlet [dispatcherServlet] in context with path [] threw exception

io.jsonwebtoken.ExpiredJwtException: JWT expired at 2026-04-14T08:44:14Z. Current time: 2026-04-14T08:49:26Z, a difference of 312104 milliseconds.  Allowed clock skew: 0 milliseconds.
	at io.jsonwebtoken.impl.DefaultJwtParser.parse(DefaultJwtParser.java:427) ~[jjwt-impl-0.11.5.jar:0.11.5]
	at io.jsonwebtoken.impl.DefaultJwtParser.parse(DefaultJwtParser.java:529) ~[jjwt-impl-0.11.5.jar:0.11.5]
	at io.jsonwebtoken.impl.DefaultJwtParser.parseClaimsJws(DefaultJwtParser.java:589) ~[jjwt-impl-0.11.5.jar:0.11.5]
	at io.jsonwebtoken.impl.ImmutableJwtParser.parseClaimsJws(ImmutableJwtParser.java:173) ~[jjwt-impl-0.11.5.jar:0.11.5]
	at tn.spring.user.Services.JwtService.extractallClaims(JwtService.java:115) ~[classes/:na]
	at tn.spring.user.Services.JwtService.extractClaim(JwtService.java:119) ~[classes/:na]
	at tn.spring.user.Services.JwtService.extractUsername(JwtService.java:35) ~[classes/:na]
	at tn.spring.user.Filters.JwtAuthenticationFilter.doFilterInternal(JwtAuthenticationFilter.java:59) ~[classes/:na]
	at org.springframework.web.filter.OncePerRequestFilter.doFilter(OncePerRequestFilter.java:116) ~[spring-web-7.0.3.jar:7.0.3]
	at org.springframework.security.web.FilterChainProxy$VirtualFilterChain.doFilter(FilterChainProxy.java:380) ~[spring-security-web-7.0.2.jar:7.0.2]
	at org.springframework.security.web.authentication.logout.LogoutFilter.doFilter(LogoutFilter.java:110) ~[spring-security-web-7.0.2.jar:7.0.2]
	at org.springframework.security.web.authentication.logout.LogoutFilter.doFilter(LogoutFilter.java:96) ~[spring-security-web-7.0.2.jar:7.0.2]
	at org.springframework.security.web.FilterChainProxy$VirtualFilterChain.doFilter(FilterChainProxy.java:380) ~[spring-security-web-7.0.2.jar:7.0.2]
	at org.springframework.security.web.header.HeaderWriterFilter.doHeadersAfter(HeaderWriterFilter.java:90) ~[spring-security-web-7.0.2.jar:7.0.2]
	at org.springframework.security.web.header.HeaderWriterFilter.doFilterInternal(HeaderWriterFilter.java:75) ~[spring-security-web-7.0.2.jar:7.0.2]
	at org.springframework.web.filter.OncePerRequestFilter.doFilter(OncePerRequestFilter.java:116) ~[spring-web-7.0.3.jar:7.0.3]
	at org.springframework.security.web.FilterChainProxy$VirtualFilterChain.doFilter(FilterChainProxy.java:380) ~[spring-security-web-7.0.2.jar:7.0.2]
	at org.springframework.security.web.context.SecurityContextHolderFilter.doFilter(SecurityContextHolderFilter.java:82) ~[spring-security-web-7.0.2.jar:7.0.2]
	at org.springframework.security.web.context.SecurityContextHolderFilter.doFilter(SecurityContextHolderFilter.java:69) ~[spring-security-web-7.0.2.jar:7.0.2]
	at org.springframework.security.web.FilterChainProxy$VirtualFilterChain.doFilter(FilterChainProxy.java:380) ~[spring-security-web-7.0.2.jar:7.0.2]
	at org.springframework.security.web.context.request.async.WebAsyncManagerIntegrationFilter.doFilterInternal(WebAsyncManagerIntegrationFilter.java:62) ~[spring-security-web-7.0.2.jar:7.0.2]
	at org.springframework.web.filter.OncePerRequestFilter.doFilter(OncePerRequestFilter.java:116) ~[spring-web-7.0.3.jar:7.0.3]
	at org.springframework.security.web.FilterChainProxy$VirtualFilterChain.doFilter(FilterChainProxy.java:380) ~[spring-security-web-7.0.2.jar:7.0.2]
	at org.springframework.security.web.session.DisableEncodeUrlFilter.doFilterInternal(DisableEncodeUrlFilter.java:42) ~[spring-security-web-7.0.2.jar:7.0.2]
	at org.springframework.web.filter.OncePerRequestFilter.doFilter(OncePerRequestFilter.java:116) ~[spring-web-7.0.3.jar:7.0.3]
	at org.springframework.security.web.FilterChainProxy$VirtualFilterChain.doFilter(FilterChainProxy.java:380) ~[spring-security-web-7.0.2.jar:7.0.2]
	at org.springframework.security.web.FilterChainProxy.doFilterInternal(FilterChainProxy.java:237) ~[spring-security-web-7.0.2.jar:7.0.2]
	at org.springframework.security.web.FilterChainProxy.doFilter(FilterChainProxy.java:195) ~[spring-security-web-7.0.2.jar:7.0.2]
	at org.springframework.web.filter.CompositeFilter$VirtualFilterChain.doFilter(CompositeFilter.java:113) ~[spring-web-7.0.3.jar:7.0.3]
	at org.springframework.web.filter.ServletRequestPathFilter.doFilter(ServletRequestPathFilter.java:52) ~[spring-web-7.0.3.jar:7.0.3]
	at org.springframework.web.filter.CompositeFilter$VirtualFilterChain.doFilter(CompositeFilter.java:113) ~[spring-web-7.0.3.jar:7.0.3]
	at org.springframework.web.filter.CompositeFilter.doFilter(CompositeFilter.java:74) ~[spring-web-7.0.3.jar:7.0.3]
	at org.springframework.security.config.annotation.web.configuration.WebSecurityConfiguration$CompositeFilterChainProxy.doFilter(WebSecurityConfiguration.java:317) ~[spring-security-config-7.0.2.jar:7.0.2]
	at org.springframework.web.filter.DelegatingFilterProxy.invokeDelegate(DelegatingFilterProxy.java:355) ~[spring-web-7.0.3.jar:7.0.3]
	at org.springframework.web.filter.DelegatingFilterProxy.doFilter(DelegatingFilterProxy.java:272) ~[spring-web-7.0.3.jar:7.0.3]
	at org.apache.catalina.core.ApplicationFilterChain.doFilter(ApplicationFilterChain.java:107) ~[tomcat-embed-core-11.0.15.jar:11.0.15]
	at org.springframework.web.filter.RequestContextFilter.doFilterInternal(RequestContextFilter.java:100) ~[spring-web-7.0.3.jar:7.0.3]
	at org.springframework.web.filter.OncePerRequestFilter.doFilter(OncePerRequestFilter.java:116) ~[spring-web-7.0.3.jar:7.0.3]
	at org.apache.catalina.core.ApplicationFilterChain.doFilter(ApplicationFilterChain.java:107) ~[tomcat-embed-core-11.0.15.jar:11.0.15]
	at org.springframework.web.filter.FormContentFilter.doFilterInternal(FormContentFilter.java:93) ~[spring-web-7.0.3.jar:7.0.3]
	at org.springframework.web.filter.OncePerRequestFilter.doFilter(OncePerRequestFilter.java:116) ~[spring-web-7.0.3.jar:7.0.3]
	at org.apache.catalina.core.ApplicationFilterChain.doFilter(ApplicationFilterChain.java:107) ~[tomcat-embed-core-11.0.15.jar:11.0.15]
	at org.springframework.web.filter.CharacterEncodingFilter.doFilterInternal(CharacterEncodingFilter.java:199) ~[spring-web-7.0.3.jar:7.0.3]
	at org.springframework.web.filter.OncePerRequestFilter.doFilter(OncePerRequestFilter.java:116) ~[spring-web-7.0.3.jar:7.0.3]
	at org.apache.catalina.core.ApplicationFilterChain.doFilter(ApplicationFilterChain.java:107) ~[tomcat-embed-core-11.0.15.jar:11.0.15]
	at org.apache.catalina.core.StandardWrapperValve.invoke(StandardWrapperValve.java:165) ~[tomcat-embed-core-11.0.15.jar:11.0.15]
	at org.apache.catalina.core.StandardContextValve.invoke(StandardContextValve.java:77) ~[tomcat-embed-core-11.0.15.jar:11.0.15]
	at org.apache.catalina.authenticator.AuthenticatorBase.invoke(AuthenticatorBase.java:482) ~[tomcat-embed-core-11.0.15.jar:11.0.15]
	at org.apache.catalina.core.StandardHostValve.invoke(StandardHostValve.java:113) ~[tomcat-embed-core-11.0.15.jar:11.0.15]
	at org.apache.catalina.valves.ErrorReportValve.invoke(ErrorReportValve.java:83) ~[tomcat-embed-core-11.0.15.jar:11.0.15]
	at org.apache.catalina.core.StandardEngineValve.invoke(StandardEngineValve.java:72) ~[tomcat-embed-core-11.0.15.jar:11.0.15]
	at org.apache.catalina.connector.CoyoteAdapter.service(CoyoteAdapter.java:341) ~[tomcat-embed-core-11.0.15.jar:11.0.15]
	at org.apache.coyote.http11.Http11Processor.service(Http11Processor.java:397) ~[tomcat-embed-core-11.0.15.jar:11.0.15]
	at org.apache.coyote.AbstractProcessorLight.process(AbstractProcessorLight.java:63) ~[tomcat-embed-core-11.0.15.jar:11.0.15]
	at org.apache.coyote.AbstractProtocol$ConnectionHandler.process(AbstractProtocol.java:903) ~[tomcat-embed-core-11.0.15.jar:11.0.15]
	at org.apache.tomcat.util.net.NioEndpoint$SocketProcessor.doRun(NioEndpoint.java:1778) ~[tomcat-embed-core-11.0.15.jar:11.0.15]
	at org.apache.tomcat.util.net.SocketProcessorBase.run(SocketProcessorBase.java:52) ~[tomcat-embed-core-11.0.15.jar:11.0.15]
	at org.apache.tomcat.util.threads.ThreadPoolExecutor.runWorker(ThreadPoolExecutor.java:946) ~[tomcat-embed-core-11.0.15.jar:11.0.15]
	at org.apache.tomcat.util.threads.ThreadPoolExecutor$Worker.run(ThreadPoolExecutor.java:480) ~[tomcat-embed-core-11.0.15.jar:11.0.15]
	at org.apache.tomcat.util.threads.TaskThread$WrappingRunnable.run(TaskThread.java:57) ~[tomcat-embed-core-11.0.15.jar:11.0.15]
	at java.base/java.lang.Thread.run(Thread.java:842) ~[na:na]

2026-04-14T09:49:26.105+01:00 DEBUG 11132 --- [User] [nio-8081-exec-7] o.s.security.web.FilterChainProxy        : Securing GET /error
2026-04-14T09:49:26.105+01:00 DEBUG 11132 --- [User] [nio-8081-exec-7] o.s.s.w.a.AnonymousAuthenticationFilter  : Set SecurityContextHolder to anonymous SecurityContext
2026-04-14T09:49:26.105+01:00 DEBUG 11132 --- [User] [nio-8081-exec-7] o.s.security.web.FilterChainProxy        : Secured GET /error
2026-04-14T09:49:26.105+01:00 DEBUG 11132 --- [User] [nio-8081-exec-7] o.s.web.servlet.DispatcherServlet        : "ERROR" dispatch for GET "/error", parameters={}
2026-04-14T09:49:26.106+01:00 DEBUG 11132 --- [User] [nio-8081-exec-7] s.w.s.m.m.a.RequestMappingHandlerMapping : Mapped to org.springframework.boot.webmvc.autoconfigure.error.BasicErrorController#error(HttpServletRequest)
2026-04-14T09:49:26.106+01:00 DEBUG 11132 --- [User] [nio-8081-exec-7] o.s.w.s.m.m.a.HttpEntityMethodProcessor  : Using 'application/json', given [application/json, text/plain, */*] and supported [application/json, application/*+json]
2026-04-14T09:49:26.106+01:00 DEBUG 11132 --- [User] [nio-8081-exec-7] o.s.w.s.m.m.a.HttpEntityMethodProcessor  : Writing [{timestamp=Tue Apr 14 09:49:26 CET 2026, status=500, error=Internal Server Error, trace=io.jsonwebto (truncated)...]
2026-04-14T09:49:26.107+01:00 DEBUG 11132 --- [User] [nio-8081-exec-7] o.s.web.servlet.DispatcherServlet        : Exiting from "ERROR" dispatch, status 500
2026-04-14T09:49:28.163+01:00 DEBUG 11132 --- [User] [nio-8081-exec-8] o.s.security.web.FilterChainProxy        : Securing GET /api/users/students
2026-04-14T09:49:28.165+01:00 ERROR 11132 --- [User] [nio-8081-exec-8] o.a.c.c.C.[.[.[/].[dispatcherServlet]    : Servlet.service() for servlet [dispatcherServlet] in context with path [] threw exception

io.jsonwebtoken.ExpiredJwtException: JWT expired at 2026-04-14T08:44:14Z. Current time: 2026-04-14T08:49:28Z, a difference of 314165 milliseconds.  Allowed clock skew: 0 milliseconds.
	at io.jsonwebtoken.impl.DefaultJwtParser.parse(DefaultJwtParser.java:427) ~[jjwt-impl-0.11.5.jar:0.11.5]
	at io.jsonwebtoken.impl.DefaultJwtParser.parse(DefaultJwtParser.java:529) ~[jjwt-impl-0.11.5.jar:0.11.5]
	at io.jsonwebtoken.impl.DefaultJwtParser.parseClaimsJws(DefaultJwtParser.java:589) ~[jjwt-impl-0.11.5.jar:0.11.5]
	at io.jsonwebtoken.impl.ImmutableJwtParser.parseClaimsJws(ImmutableJwtParser.java:173) ~[jjwt-impl-0.11.5.jar:0.11.5]
	at tn.spring.user.Services.JwtService.extractallClaims(JwtService.java:115) ~[classes/:na]
	at tn.spring.user.Services.JwtService.extractClaim(JwtService.java:119) ~[classes/:na]
	at tn.spring.user.Services.JwtService.extractUsername(JwtService.java:35) ~[classes/:na]
	at tn.spring.user.Filters.JwtAuthenticationFilter.doFilterInternal(JwtAuthenticationFilter.java:59) ~[classes/:na]
	at org.springframework.web.filter.OncePerRequestFilter.doFilter(OncePerRequestFilter.java:116) ~[spring-web-7.0.3.jar:7.0.3]
	at org.springframework.security.web.FilterChainProxy$VirtualFilterChain.doFilter(FilterChainProxy.java:380) ~[spring-security-web-7.0.2.jar:7.0.2]
	at org.springframework.security.web.authentication.logout.LogoutFilter.doFilter(LogoutFilter.java:110) ~[spring-security-web-7.0.2.jar:7.0.2]
	at org.springframework.security.web.authentication.logout.LogoutFilter.doFilter(LogoutFilter.java:96) ~[spring-security-web-7.0.2.jar:7.0.2]
	at org.springframework.security.web.FilterChainProxy$VirtualFilterChain.doFilter(FilterChainProxy.java:380) ~[spring-security-web-7.0.2.jar:7.0.2]
	at org.springframework.security.web.header.HeaderWriterFilter.doHeadersAfter(HeaderWriterFilter.java:90) ~[spring-security-web-7.0.2.jar:7.0.2]
	at org.springframework.security.web.header.HeaderWriterFilter.doFilterInternal(HeaderWriterFilter.java:75) ~[spring-security-web-7.0.2.jar:7.0.2]
	at org.springframework.web.filter.OncePerRequestFilter.doFilter(OncePerRequestFilter.java:116) ~[spring-web-7.0.3.jar:7.0.3]
	at org.springframework.security.web.FilterChainProxy$VirtualFilterChain.doFilter(FilterChainProxy.java:380) ~[spring-security-web-7.0.2.jar:7.0.2]
	at org.springframework.security.web.context.SecurityContextHolderFilter.doFilter(SecurityContextHolderFilter.java:82) ~[spring-security-web-7.0.2.jar:7.0.2]
	at org.springframework.security.web.context.SecurityContextHolderFilter.doFilter(SecurityContextHolderFilter.java:69) ~[spring-security-web-7.0.2.jar:7.0.2]
	at org.springframework.security.web.FilterChainProxy$VirtualFilterChain.doFilter(FilterChainProxy.java:380) ~[spring-security-web-7.0.2.jar:7.0.2]
	at org.springframework.security.web.context.request.async.WebAsyncManagerIntegrationFilter.doFilterInternal(WebAsyncManagerIntegrationFilter.java:62) ~[spring-security-web-7.0.2.jar:7.0.2]
	at org.springframework.web.filter.OncePerRequestFilter.doFilter(OncePerRequestFilter.java:116) ~[spring-web-7.0.3.jar:7.0.3]
	at org.springframework.security.web.FilterChainProxy$VirtualFilterChain.doFilter(FilterChainProxy.java:380) ~[spring-security-web-7.0.2.jar:7.0.2]
	at org.springframework.security.web.session.DisableEncodeUrlFilter.doFilterInternal(DisableEncodeUrlFilter.java:42) ~[spring-security-web-7.0.2.jar:7.0.2]
	at org.springframework.web.filter.OncePerRequestFilter.doFilter(OncePerRequestFilter.java:116) ~[spring-web-7.0.3.jar:7.0.3]
	at org.springframework.security.web.FilterChainProxy$VirtualFilterChain.doFilter(FilterChainProxy.java:380) ~[spring-security-web-7.0.2.jar:7.0.2]
	at org.springframework.security.web.FilterChainProxy.doFilterInternal(FilterChainProxy.java:237) ~[spring-security-web-7.0.2.jar:7.0.2]
	at org.springframework.security.web.FilterChainProxy.doFilter(FilterChainProxy.java:195) ~[spring-security-web-7.0.2.jar:7.0.2]
	at org.springframework.web.filter.CompositeFilter$VirtualFilterChain.doFilter(CompositeFilter.java:113) ~[spring-web-7.0.3.jar:7.0.3]
	at org.springframework.web.filter.ServletRequestPathFilter.doFilter(ServletRequestPathFilter.java:52) ~[spring-web-7.0.3.jar:7.0.3]
	at org.springframework.web.filter.CompositeFilter$VirtualFilterChain.doFilter(CompositeFilter.java:113) ~[spring-web-7.0.3.jar:7.0.3]
	at org.springframework.web.filter.CompositeFilter.doFilter(CompositeFilter.java:74) ~[spring-web-7.0.3.jar:7.0.3]
	at org.springframework.security.config.annotation.web.configuration.WebSecurityConfiguration$CompositeFilterChainProxy.doFilter(WebSecurityConfiguration.java:317) ~[spring-security-config-7.0.2.jar:7.0.2]
	at org.springframework.web.filter.DelegatingFilterProxy.invokeDelegate(DelegatingFilterProxy.java:355) ~[spring-web-7.0.3.jar:7.0.3]
	at org.springframework.web.filter.DelegatingFilterProxy.doFilter(DelegatingFilterProxy.java:272) ~[spring-web-7.0.3.jar:7.0.3]
	at org.apache.catalina.core.ApplicationFilterChain.doFilter(ApplicationFilterChain.java:107) ~[tomcat-embed-core-11.0.15.jar:11.0.15]
	at org.springframework.web.filter.RequestContextFilter.doFilterInternal(RequestContextFilter.java:100) ~[spring-web-7.0.3.jar:7.0.3]
	at org.springframework.web.filter.OncePerRequestFilter.doFilter(OncePerRequestFilter.java:116) ~[spring-web-7.0.3.jar:7.0.3]
	at org.apache.catalina.core.ApplicationFilterChain.doFilter(ApplicationFilterChain.java:107) ~[tomcat-embed-core-11.0.15.jar:11.0.15]
	at org.springframework.web.filter.FormContentFilter.doFilterInternal(FormContentFilter.java:93) ~[spring-web-7.0.3.jar:7.0.3]
	at org.springframework.web.filter.OncePerRequestFilter.doFilter(OncePerRequestFilter.java:116) ~[spring-web-7.0.3.jar:7.0.3]
	at org.apache.catalina.core.ApplicationFilterChain.doFilter(ApplicationFilterChain.java:107) ~[tomcat-embed-core-11.0.15.jar:11.0.15]
	at org.springframework.web.filter.CharacterEncodingFilter.doFilterInternal(CharacterEncodingFilter.java:199) ~[spring-web-7.0.3.jar:7.0.3]
	at org.springframework.web.filter.OncePerRequestFilter.doFilter(OncePerRequestFilter.java:116) ~[spring-web-7.0.3.jar:7.0.3]
	at org.apache.catalina.core.ApplicationFilterChain.doFilter(ApplicationFilterChain.java:107) ~[tomcat-embed-core-11.0.15.jar:11.0.15]
	at org.apache.catalina.core.StandardWrapperValve.invoke(StandardWrapperValve.java:165) ~[tomcat-embed-core-11.0.15.jar:11.0.15]
	at org.apache.catalina.core.StandardContextValve.invoke(StandardContextValve.java:77) ~[tomcat-embed-core-11.0.15.jar:11.0.15]
	at org.apache.catalina.authenticator.AuthenticatorBase.invoke(AuthenticatorBase.java:482) ~[tomcat-embed-core-11.0.15.jar:11.0.15]
	at org.apache.catalina.core.StandardHostValve.invoke(StandardHostValve.java:113) ~[tomcat-embed-core-11.0.15.jar:11.0.15]
	at org.apache.catalina.valves.ErrorReportValve.invoke(ErrorReportValve.java:83) ~[tomcat-embed-core-11.0.15.jar:11.0.15]
	at org.apache.catalina.core.StandardEngineValve.invoke(StandardEngineValve.java:72) ~[tomcat-embed-core-11.0.15.jar:11.0.15]
	at org.apache.catalina.connector.CoyoteAdapter.service(CoyoteAdapter.java:341) ~[tomcat-embed-core-11.0.15.jar:11.0.15]
	at org.apache.coyote.http11.Http11Processor.service(Http11Processor.java:397) ~[tomcat-embed-core-11.0.15.jar:11.0.15]
	at org.apache.coyote.AbstractProcessorLight.process(AbstractProcessorLight.java:63) ~[tomcat-embed-core-11.0.15.jar:11.0.15]
	at org.apache.coyote.AbstractProtocol$ConnectionHandler.process(AbstractProtocol.java:903) ~[tomcat-embed-core-11.0.15.jar:11.0.15]
	at org.apache.tomcat.util.net.NioEndpoint$SocketProcessor.doRun(NioEndpoint.java:1778) ~[tomcat-embed-core-11.0.15.jar:11.0.15]
	at org.apache.tomcat.util.net.SocketProcessorBase.run(SocketProcessorBase.java:52) ~[tomcat-embed-core-11.0.15.jar:11.0.15]
	at org.apache.tomcat.util.threads.ThreadPoolExecutor.runWorker(ThreadPoolExecutor.java:946) ~[tomcat-embed-core-11.0.15.jar:11.0.15]
	at org.apache.tomcat.util.threads.ThreadPoolExecutor$Worker.run(ThreadPoolExecutor.java:480) ~[tomcat-embed-core-11.0.15.jar:11.0.15]
	at org.apache.tomcat.util.threads.TaskThread$WrappingRunnable.run(TaskThread.java:57) ~[tomcat-embed-core-11.0.15.jar:11.0.15]
	at java.base/java.lang.Thread.run(Thread.java:842) ~[na:na]

2026-04-14T09:49:28.165+01:00 DEBUG 11132 --- [User] [nio-8081-exec-8] o.s.security.web.FilterChainProxy        : Securing GET /error
2026-04-14T09:49:28.165+01:00 DEBUG 11132 --- [User] [nio-8081-exec-8] o.s.s.w.a.AnonymousAuthenticationFilter  : Set SecurityContextHolder to anonymous SecurityContext
2026-04-14T09:49:28.167+01:00 DEBUG 11132 --- [User] [nio-8081-exec-8] o.s.security.web.FilterChainProxy        : Secured GET /error
2026-04-14T09:49:28.167+01:00 DEBUG 11132 --- [User] [nio-8081-exec-8] o.s.web.servlet.DispatcherServlet        : "ERROR" dispatch for GET "/error", parameters={}
2026-04-14T09:49:28.167+01:00 DEBUG 11132 --- [User] [nio-8081-exec-8] s.w.s.m.m.a.RequestMappingHandlerMapping : Mapped to org.springframework.boot.webmvc.autoconfigure.error.BasicErrorController#error(HttpServletRequest)
2026-04-14T09:49:28.168+01:00 DEBUG 11132 --- [User] [nio-8081-exec-8] o.s.w.s.m.m.a.HttpEntityMethodProcessor  : Using 'application/json', given [application/json, text/plain, */*] and supported [application/json, application/*+json]
2026-04-14T09:49:28.168+01:00 DEBUG 11132 --- [User] [nio-8081-exec-8] o.s.w.s.m.m.a.HttpEntityMethodProcessor  : Writing [{timestamp=Tue Apr 14 09:49:28 CET 2026, status=500, error=Internal Server Error, trace=io.jsonwebto (truncated)...]
2026-04-14T09:49:28.169+01:00 DEBUG 11132 --- [User] [nio-8081-exec-8] o.s.web.servlet.DispatcherServlet        : Exiting from "ERROR" dispatch, status 500
2026-04-14T09:49:43.278+01:00 DEBUG 11132 --- [User] [reshExecutor-%d] o.s.web.client.DefaultRestClient         : Reading to [com.netflix.discovery.shared.Applications]
2026-04-14T09:50:13.304+01:00 DEBUG 11132 --- [User] [reshExecutor-%d] o.s.web.client.DefaultRestClient         : Reading to [com.netflix.discovery.shared.Applications]
2026-04-14T09:50:43.337+01:00 DEBUG 11132 --- [User] [reshExecutor-%d] o.s.web.client.DefaultRestClient         : Reading to [com.netflix.discovery.shared.Applications]
2026-04-14T09:51:13.366+01:00 DEBUG 11132 --- [User] [reshExecutor-%d] o.s.web.client.DefaultRestClient         : Reading to [com.netflix.discovery.shared.Applications]
2026-04-14T09:51:18.015+01:00  INFO 11132 --- [User] [rap-executor-%d] c.n.d.s.r.aws.ConfigClusterResolver      : Resolving eureka endpoints via configuration
2026-04-14T09:51:43.389+01:00 DEBUG 11132 --- [User] [reshExecutor-%d] o.s.web.client.DefaultRestClient         : Reading to [com.netflix.discovery.shared.Applications]
2026-04-14T09:52:13.419+01:00 DEBUG 11132 --- [User] [reshExecutor-%d] o.s.web.client.DefaultRestClient         : Reading to [com.netflix.discovery.shared.Applications]
2026-04-14T09:52:43.436+01:00 DEBUG 11132 --- [User] [reshExecutor-%d] o.s.web.client.DefaultRestClient         : Reading to [com.netflix.discovery.shared.Applications]
2026-04-14T09:53:13.466+01:00 DEBUG 11132 --- [User] [reshExecutor-%d] o.s.web.client.DefaultRestClient         : Reading to [com.netflix.discovery.shared.Applications]
2026-04-14T09:53:43.493+01:00 DEBUG 11132 --- [User] [reshExecutor-%d] o.s.web.client.DefaultRestClient         : Reading to [com.netflix.discovery.shared.Applications]
2026-04-14T09:54:13.522+01:00 DEBUG 11132 --- [User] [reshExecutor-%d] o.s.web.client.DefaultRestClient         : Reading to [com.netflix.discovery.shared.Applications]
2026-04-14T09:54:17.879+01:00 DEBUG 11132 --- [User] [nio-8081-exec-9] o.s.security.web.FilterChainProxy        : Securing GET /api/users/students
2026-04-14T09:54:17.882+01:00 ERROR 11132 --- [User] [nio-8081-exec-9] o.a.c.c.C.[.[.[/].[dispatcherServlet]    : Servlet.service() for servlet [dispatcherServlet] in context with path [] threw exception

io.jsonwebtoken.ExpiredJwtException: JWT expired at 2026-04-14T08:44:14Z. Current time: 2026-04-14T08:54:17Z, a difference of 603882 milliseconds.  Allowed clock skew: 0 milliseconds.
	at io.jsonwebtoken.impl.DefaultJwtParser.parse(DefaultJwtParser.java:427) ~[jjwt-impl-0.11.5.jar:0.11.5]
	at io.jsonwebtoken.impl.DefaultJwtParser.parse(DefaultJwtParser.java:529) ~[jjwt-impl-0.11.5.jar:0.11.5]
	at io.jsonwebtoken.impl.DefaultJwtParser.parseClaimsJws(DefaultJwtParser.java:589) ~[jjwt-impl-0.11.5.jar:0.11.5]
	at io.jsonwebtoken.impl.ImmutableJwtParser.parseClaimsJws(ImmutableJwtParser.java:173) ~[jjwt-impl-0.11.5.jar:0.11.5]
	at tn.spring.user.Services.JwtService.extractallClaims(JwtService.java:115) ~[classes/:na]
	at tn.spring.user.Services.JwtService.extractClaim(JwtService.java:119) ~[classes/:na]
	at tn.spring.user.Services.JwtService.extractUsername(JwtService.java:35) ~[classes/:na]
	at tn.spring.user.Filters.JwtAuthenticationFilter.doFilterInternal(JwtAuthenticationFilter.java:59) ~[classes/:na]
	at org.springframework.web.filter.OncePerRequestFilter.doFilter(OncePerRequestFilter.java:116) ~[spring-web-7.0.3.jar:7.0.3]
	at org.springframework.security.web.FilterChainProxy$VirtualFilterChain.doFilter(FilterChainProxy.java:380) ~[spring-security-web-7.0.2.jar:7.0.2]
	at org.springframework.security.web.authentication.logout.LogoutFilter.doFilter(LogoutFilter.java:110) ~[spring-security-web-7.0.2.jar:7.0.2]
	at org.springframework.security.web.authentication.logout.LogoutFilter.doFilter(LogoutFilter.java:96) ~[spring-security-web-7.0.2.jar:7.0.2]
	at org.springframework.security.web.FilterChainProxy$VirtualFilterChain.doFilter(FilterChainProxy.java:380) ~[spring-security-web-7.0.2.jar:7.0.2]
	at org.springframework.security.web.header.HeaderWriterFilter.doHeadersAfter(HeaderWriterFilter.java:90) ~[spring-security-web-7.0.2.jar:7.0.2]
	at org.springframework.security.web.header.HeaderWriterFilter.doFilterInternal(HeaderWriterFilter.java:75) ~[spring-security-web-7.0.2.jar:7.0.2]
	at org.springframework.web.filter.OncePerRequestFilter.doFilter(OncePerRequestFilter.java:116) ~[spring-web-7.0.3.jar:7.0.3]
	at org.springframework.security.web.FilterChainProxy$VirtualFilterChain.doFilter(FilterChainProxy.java:380) ~[spring-security-web-7.0.2.jar:7.0.2]
	at org.springframework.security.web.context.SecurityContextHolderFilter.doFilter(SecurityContextHolderFilter.java:82) ~[spring-security-web-7.0.2.jar:7.0.2]
	at org.springframework.security.web.context.SecurityContextHolderFilter.doFilter(SecurityContextHolderFilter.java:69) ~[spring-security-web-7.0.2.jar:7.0.2]
	at org.springframework.security.web.FilterChainProxy$VirtualFilterChain.doFilter(FilterChainProxy.java:380) ~[spring-security-web-7.0.2.jar:7.0.2]
	at org.springframework.security.web.context.request.async.WebAsyncManagerIntegrationFilter.doFilterInternal(WebAsyncManagerIntegrationFilter.java:62) ~[spring-security-web-7.0.2.jar:7.0.2]
	at org.springframework.web.filter.OncePerRequestFilter.doFilter(OncePerRequestFilter.java:116) ~[spring-web-7.0.3.jar:7.0.3]
	at org.springframework.security.web.FilterChainProxy$VirtualFilterChain.doFilter(FilterChainProxy.java:380) ~[spring-security-web-7.0.2.jar:7.0.2]
	at org.springframework.security.web.session.DisableEncodeUrlFilter.doFilterInternal(DisableEncodeUrlFilter.java:42) ~[spring-security-web-7.0.2.jar:7.0.2]
	at org.springframework.web.filter.OncePerRequestFilter.doFilter(OncePerRequestFilter.java:116) ~[spring-web-7.0.3.jar:7.0.3]
	at org.springframework.security.web.FilterChainProxy$VirtualFilterChain.doFilter(FilterChainProxy.java:380) ~[spring-security-web-7.0.2.jar:7.0.2]
	at org.springframework.security.web.FilterChainProxy.doFilterInternal(FilterChainProxy.java:237) ~[spring-security-web-7.0.2.jar:7.0.2]
	at org.springframework.security.web.FilterChainProxy.doFilter(FilterChainProxy.java:195) ~[spring-security-web-7.0.2.jar:7.0.2]
	at org.springframework.web.filter.CompositeFilter$VirtualFilterChain.doFilter(CompositeFilter.java:113) ~[spring-web-7.0.3.jar:7.0.3]
	at org.springframework.web.filter.ServletRequestPathFilter.doFilter(ServletRequestPathFilter.java:52) ~[spring-web-7.0.3.jar:7.0.3]
	at org.springframework.web.filter.CompositeFilter$VirtualFilterChain.doFilter(CompositeFilter.java:113) ~[spring-web-7.0.3.jar:7.0.3]
	at org.springframework.web.filter.CompositeFilter.doFilter(CompositeFilter.java:74) ~[spring-web-7.0.3.jar:7.0.3]
	at org.springframework.security.config.annotation.web.configuration.WebSecurityConfiguration$CompositeFilterChainProxy.doFilter(WebSecurityConfiguration.java:317) ~[spring-security-config-7.0.2.jar:7.0.2]
	at org.springframework.web.filter.DelegatingFilterProxy.invokeDelegate(DelegatingFilterProxy.java:355) ~[spring-web-7.0.3.jar:7.0.3]
	at org.springframework.web.filter.DelegatingFilterProxy.doFilter(DelegatingFilterProxy.java:272) ~[spring-web-7.0.3.jar:7.0.3]
	at org.apache.catalina.core.ApplicationFilterChain.doFilter(ApplicationFilterChain.java:107) ~[tomcat-embed-core-11.0.15.jar:11.0.15]
	at org.springframework.web.filter.RequestContextFilter.doFilterInternal(RequestContextFilter.java:100) ~[spring-web-7.0.3.jar:7.0.3]
	at org.springframework.web.filter.OncePerRequestFilter.doFilter(OncePerRequestFilter.java:116) ~[spring-web-7.0.3.jar:7.0.3]
	at org.apache.catalina.core.ApplicationFilterChain.doFilter(ApplicationFilterChain.java:107) ~[tomcat-embed-core-11.0.15.jar:11.0.15]
	at org.springframework.web.filter.FormContentFilter.doFilterInternal(FormContentFilter.java:93) ~[spring-web-7.0.3.jar:7.0.3]
	at org.springframework.web.filter.OncePerRequestFilter.doFilter(OncePerRequestFilter.java:116) ~[spring-web-7.0.3.jar:7.0.3]
	at org.apache.catalina.core.ApplicationFilterChain.doFilter(ApplicationFilterChain.java:107) ~[tomcat-embed-core-11.0.15.jar:11.0.15]
	at org.springframework.web.filter.CharacterEncodingFilter.doFilterInternal(CharacterEncodingFilter.java:199) ~[spring-web-7.0.3.jar:7.0.3]
	at org.springframework.web.filter.OncePerRequestFilter.doFilter(OncePerRequestFilter.java:116) ~[spring-web-7.0.3.jar:7.0.3]
	at org.apache.catalina.core.ApplicationFilterChain.doFilter(ApplicationFilterChain.java:107) ~[tomcat-embed-core-11.0.15.jar:11.0.15]
	at org.apache.catalina.core.StandardWrapperValve.invoke(StandardWrapperValve.java:165) ~[tomcat-embed-core-11.0.15.jar:11.0.15]
	at org.apache.catalina.core.StandardContextValve.invoke(StandardContextValve.java:77) ~[tomcat-embed-core-11.0.15.jar:11.0.15]
	at org.apache.catalina.authenticator.AuthenticatorBase.invoke(AuthenticatorBase.java:482) ~[tomcat-embed-core-11.0.15.jar:11.0.15]
	at org.apache.catalina.core.StandardHostValve.invoke(StandardHostValve.java:113) ~[tomcat-embed-core-11.0.15.jar:11.0.15]
	at org.apache.catalina.valves.ErrorReportValve.invoke(ErrorReportValve.java:83) ~[tomcat-embed-core-11.0.15.jar:11.0.15]
	at org.apache.catalina.core.StandardEngineValve.invoke(StandardEngineValve.java:72) ~[tomcat-embed-core-11.0.15.jar:11.0.15]
	at org.apache.catalina.connector.CoyoteAdapter.service(CoyoteAdapter.java:341) ~[tomcat-embed-core-11.0.15.jar:11.0.15]
	at org.apache.coyote.http11.Http11Processor.service(Http11Processor.java:397) ~[tomcat-embed-core-11.0.15.jar:11.0.15]
	at org.apache.coyote.AbstractProcessorLight.process(AbstractProcessorLight.java:63) ~[tomcat-embed-core-11.0.15.jar:11.0.15]
	at org.apache.coyote.AbstractProtocol$ConnectionHandler.process(AbstractProtocol.java:903) ~[tomcat-embed-core-11.0.15.jar:11.0.15]
	at org.apache.tomcat.util.net.NioEndpoint$SocketProcessor.doRun(NioEndpoint.java:1778) ~[tomcat-embed-core-11.0.15.jar:11.0.15]
	at org.apache.tomcat.util.net.SocketProcessorBase.run(SocketProcessorBase.java:52) ~[tomcat-embed-core-11.0.15.jar:11.0.15]
	at org.apache.tomcat.util.threads.ThreadPoolExecutor.runWorker(ThreadPoolExecutor.java:946) ~[tomcat-embed-core-11.0.15.jar:11.0.15]
	at org.apache.tomcat.util.threads.ThreadPoolExecutor$Worker.run(ThreadPoolExecutor.java:480) ~[tomcat-embed-core-11.0.15.jar:11.0.15]
	at org.apache.tomcat.util.threads.TaskThread$WrappingRunnable.run(TaskThread.java:57) ~[tomcat-embed-core-11.0.15.jar:11.0.15]
	at java.base/java.lang.Thread.run(Thread.java:842) ~[na:na]

2026-04-14T09:54:17.883+01:00 DEBUG 11132 --- [User] [nio-8081-exec-9] o.s.security.web.FilterChainProxy        : Securing GET /error
2026-04-14T09:54:17.884+01:00 DEBUG 11132 --- [User] [nio-8081-exec-9] o.s.s.w.a.AnonymousAuthenticationFilter  : Set SecurityContextHolder to anonymous SecurityContext
2026-04-14T09:54:17.884+01:00 DEBUG 11132 --- [User] [nio-8081-exec-9] o.s.security.web.FilterChainProxy        : Secured GET /error
2026-04-14T09:54:17.884+01:00 DEBUG 11132 --- [User] [nio-8081-exec-9] o.s.web.servlet.DispatcherServlet        : "ERROR" dispatch for GET "/error", parameters={}
2026-04-14T09:54:17.884+01:00 DEBUG 11132 --- [User] [nio-8081-exec-9] s.w.s.m.m.a.RequestMappingHandlerMapping : Mapped to org.springframework.boot.webmvc.autoconfigure.error.BasicErrorController#error(HttpServletRequest)
2026-04-14T09:54:17.885+01:00 DEBUG 11132 --- [User] [nio-8081-exec-9] o.s.w.s.m.m.a.HttpEntityMethodProcessor  : Using 'application/json', given [application/json, text/plain, */*] and supported [application/json, application/*+json]
2026-04-14T09:54:17.886+01:00 DEBUG 11132 --- [User] [nio-8081-exec-9] o.s.w.s.m.m.a.HttpEntityMethodProcessor  : Writing [{timestamp=Tue Apr 14 09:54:17 CET 2026, status=500, error=Internal Server Error, trace=io.jsonwebto (truncated)...]
2026-04-14T09:54:17.886+01:00 DEBUG 11132 --- [User] [nio-8081-exec-9] o.s.web.servlet.DispatcherServlet        : Exiting from "ERROR" dispatch, status 500
2026-04-14T09:54:19.970+01:00 DEBUG 11132 --- [User] [io-8081-exec-10] o.s.security.web.FilterChainProxy        : Securing GET /api/users/students
2026-04-14T09:54:19.973+01:00 ERROR 11132 --- [User] [io-8081-exec-10] o.a.c.c.C.[.[.[/].[dispatcherServlet]    : Servlet.service() for servlet [dispatcherServlet] in context with path [] threw exception

io.jsonwebtoken.ExpiredJwtException: JWT expired at 2026-04-14T08:44:14Z. Current time: 2026-04-14T08:54:19Z, a difference of 605973 milliseconds.  Allowed clock skew: 0 milliseconds.
	at io.jsonwebtoken.impl.DefaultJwtParser.parse(DefaultJwtParser.java:427) ~[jjwt-impl-0.11.5.jar:0.11.5]
	at io.jsonwebtoken.impl.DefaultJwtParser.parse(DefaultJwtParser.java:529) ~[jjwt-impl-0.11.5.jar:0.11.5]
	at io.jsonwebtoken.impl.DefaultJwtParser.parseClaimsJws(DefaultJwtParser.java:589) ~[jjwt-impl-0.11.5.jar:0.11.5]
	at io.jsonwebtoken.impl.ImmutableJwtParser.parseClaimsJws(ImmutableJwtParser.java:173) ~[jjwt-impl-0.11.5.jar:0.11.5]
	at tn.spring.user.Services.JwtService.extractallClaims(JwtService.java:115) ~[classes/:na]
	at tn.spring.user.Services.JwtService.extractClaim(JwtService.java:119) ~[classes/:na]
	at tn.spring.user.Services.JwtService.extractUsername(JwtService.java:35) ~[classes/:na]
	at tn.spring.user.Filters.JwtAuthenticationFilter.doFilterInternal(JwtAuthenticationFilter.java:59) ~[classes/:na]
	at org.springframework.web.filter.OncePerRequestFilter.doFilter(OncePerRequestFilter.java:116) ~[spring-web-7.0.3.jar:7.0.3]
	at org.springframework.security.web.FilterChainProxy$VirtualFilterChain.doFilter(FilterChainProxy.java:380) ~[spring-security-web-7.0.2.jar:7.0.2]
	at org.springframework.security.web.authentication.logout.LogoutFilter.doFilter(LogoutFilter.java:110) ~[spring-security-web-7.0.2.jar:7.0.2]
	at org.springframework.security.web.authentication.logout.LogoutFilter.doFilter(LogoutFilter.java:96) ~[spring-security-web-7.0.2.jar:7.0.2]
	at org.springframework.security.web.FilterChainProxy$VirtualFilterChain.doFilter(FilterChainProxy.java:380) ~[spring-security-web-7.0.2.jar:7.0.2]
	at org.springframework.security.web.header.HeaderWriterFilter.doHeadersAfter(HeaderWriterFilter.java:90) ~[spring-security-web-7.0.2.jar:7.0.2]
	at org.springframework.security.web.header.HeaderWriterFilter.doFilterInternal(HeaderWriterFilter.java:75) ~[spring-security-web-7.0.2.jar:7.0.2]
	at org.springframework.web.filter.OncePerRequestFilter.doFilter(OncePerRequestFilter.java:116) ~[spring-web-7.0.3.jar:7.0.3]
	at org.springframework.security.web.FilterChainProxy$VirtualFilterChain.doFilter(FilterChainProxy.java:380) ~[spring-security-web-7.0.2.jar:7.0.2]
	at org.springframework.security.web.context.SecurityContextHolderFilter.doFilter(SecurityContextHolderFilter.java:82) ~[spring-security-web-7.0.2.jar:7.0.2]
	at org.springframework.security.web.context.SecurityContextHolderFilter.doFilter(SecurityContextHolderFilter.java:69) ~[spring-security-web-7.0.2.jar:7.0.2]
	at org.springframework.security.web.FilterChainProxy$VirtualFilterChain.doFilter(FilterChainProxy.java:380) ~[spring-security-web-7.0.2.jar:7.0.2]
	at org.springframework.security.web.context.request.async.WebAsyncManagerIntegrationFilter.doFilterInternal(WebAsyncManagerIntegrationFilter.java:62) ~[spring-security-web-7.0.2.jar:7.0.2]
	at org.springframework.web.filter.OncePerRequestFilter.doFilter(OncePerRequestFilter.java:116) ~[spring-web-7.0.3.jar:7.0.3]
	at org.springframework.security.web.FilterChainProxy$VirtualFilterChain.doFilter(FilterChainProxy.java:380) ~[spring-security-web-7.0.2.jar:7.0.2]
	at org.springframework.security.web.session.DisableEncodeUrlFilter.doFilterInternal(DisableEncodeUrlFilter.java:42) ~[spring-security-web-7.0.2.jar:7.0.2]
	at org.springframework.web.filter.OncePerRequestFilter.doFilter(OncePerRequestFilter.java:116) ~[spring-web-7.0.3.jar:7.0.3]
	at org.springframework.security.web.FilterChainProxy$VirtualFilterChain.doFilter(FilterChainProxy.java:380) ~[spring-security-web-7.0.2.jar:7.0.2]
	at org.springframework.security.web.FilterChainProxy.doFilterInternal(FilterChainProxy.java:237) ~[spring-security-web-7.0.2.jar:7.0.2]
	at org.springframework.security.web.FilterChainProxy.doFilter(FilterChainProxy.java:195) ~[spring-security-web-7.0.2.jar:7.0.2]
	at org.springframework.web.filter.CompositeFilter$VirtualFilterChain.doFilter(CompositeFilter.java:113) ~[spring-web-7.0.3.jar:7.0.3]
	at org.springframework.web.filter.ServletRequestPathFilter.doFilter(ServletRequestPathFilter.java:52) ~[spring-web-7.0.3.jar:7.0.3]
	at org.springframework.web.filter.CompositeFilter$VirtualFilterChain.doFilter(CompositeFilter.java:113) ~[spring-web-7.0.3.jar:7.0.3]
	at org.springframework.web.filter.CompositeFilter.doFilter(CompositeFilter.java:74) ~[spring-web-7.0.3.jar:7.0.3]
	at org.springframework.security.config.annotation.web.configuration.WebSecurityConfiguration$CompositeFilterChainProxy.doFilter(WebSecurityConfiguration.java:317) ~[spring-security-config-7.0.2.jar:7.0.2]
	at org.springframework.web.filter.DelegatingFilterProxy.invokeDelegate(DelegatingFilterProxy.java:355) ~[spring-web-7.0.3.jar:7.0.3]
	at org.springframework.web.filter.DelegatingFilterProxy.doFilter(DelegatingFilterProxy.java:272) ~[spring-web-7.0.3.jar:7.0.3]
	at org.apache.catalina.core.ApplicationFilterChain.doFilter(ApplicationFilterChain.java:107) ~[tomcat-embed-core-11.0.15.jar:11.0.15]
	at org.springframework.web.filter.RequestContextFilter.doFilterInternal(RequestContextFilter.java:100) ~[spring-web-7.0.3.jar:7.0.3]
	at org.springframework.web.filter.OncePerRequestFilter.doFilter(OncePerRequestFilter.java:116) ~[spring-web-7.0.3.jar:7.0.3]
	at org.apache.catalina.core.ApplicationFilterChain.doFilter(ApplicationFilterChain.java:107) ~[tomcat-embed-core-11.0.15.jar:11.0.15]
	at org.springframework.web.filter.FormContentFilter.doFilterInternal(FormContentFilter.java:93) ~[spring-web-7.0.3.jar:7.0.3]
	at org.springframework.web.filter.OncePerRequestFilter.doFilter(OncePerRequestFilter.java:116) ~[spring-web-7.0.3.jar:7.0.3]
	at org.apache.catalina.core.ApplicationFilterChain.doFilter(ApplicationFilterChain.java:107) ~[tomcat-embed-core-11.0.15.jar:11.0.15]
	at org.springframework.web.filter.CharacterEncodingFilter.doFilterInternal(CharacterEncodingFilter.java:199) ~[spring-web-7.0.3.jar:7.0.3]
	at org.springframework.web.filter.OncePerRequestFilter.doFilter(OncePerRequestFilter.java:116) ~[spring-web-7.0.3.jar:7.0.3]
	at org.apache.catalina.core.ApplicationFilterChain.doFilter(ApplicationFilterChain.java:107) ~[tomcat-embed-core-11.0.15.jar:11.0.15]
	at org.apache.catalina.core.StandardWrapperValve.invoke(StandardWrapperValve.java:165) ~[tomcat-embed-core-11.0.15.jar:11.0.15]
	at org.apache.catalina.core.StandardContextValve.invoke(StandardContextValve.java:77) ~[tomcat-embed-core-11.0.15.jar:11.0.15]
	at org.apache.catalina.authenticator.AuthenticatorBase.invoke(AuthenticatorBase.java:482) ~[tomcat-embed-core-11.0.15.jar:11.0.15]
	at org.apache.catalina.core.StandardHostValve.invoke(StandardHostValve.java:113) ~[tomcat-embed-core-11.0.15.jar:11.0.15]
	at org.apache.catalina.valves.ErrorReportValve.invoke(ErrorReportValve.java:83) ~[tomcat-embed-core-11.0.15.jar:11.0.15]
	at org.apache.catalina.core.StandardEngineValve.invoke(StandardEngineValve.java:72) ~[tomcat-embed-core-11.0.15.jar:11.0.15]
	at org.apache.catalina.connector.CoyoteAdapter.service(CoyoteAdapter.java:341) ~[tomcat-embed-core-11.0.15.jar:11.0.15]
	at org.apache.coyote.http11.Http11Processor.service(Http11Processor.java:397) ~[tomcat-embed-core-11.0.15.jar:11.0.15]
	at org.apache.coyote.AbstractProcessorLight.process(AbstractProcessorLight.java:63) ~[tomcat-embed-core-11.0.15.jar:11.0.15]
	at org.apache.coyote.AbstractProtocol$ConnectionHandler.process(AbstractProtocol.java:903) ~[tomcat-embed-core-11.0.15.jar:11.0.15]
	at org.apache.tomcat.util.net.NioEndpoint$SocketProcessor.doRun(NioEndpoint.java:1778) ~[tomcat-embed-core-11.0.15.jar:11.0.15]
	at org.apache.tomcat.util.net.SocketProcessorBase.run(SocketProcessorBase.java:52) ~[tomcat-embed-core-11.0.15.jar:11.0.15]
	at org.apache.tomcat.util.threads.ThreadPoolExecutor.runWorker(ThreadPoolExecutor.java:946) ~[tomcat-embed-core-11.0.15.jar:11.0.15]
	at org.apache.tomcat.util.threads.ThreadPoolExecutor$Worker.run(ThreadPoolExecutor.java:480) ~[tomcat-embed-core-11.0.15.jar:11.0.15]
	at org.apache.tomcat.util.threads.TaskThread$WrappingRunnable.run(TaskThread.java:57) ~[tomcat-embed-core-11.0.15.jar:11.0.15]
	at java.base/java.lang.Thread.run(Thread.java:842) ~[na:na]

2026-04-14T09:54:19.975+01:00 DEBUG 11132 --- [User] [io-8081-exec-10] o.s.security.web.FilterChainProxy        : Securing GET /error
2026-04-14T09:54:19.975+01:00 DEBUG 11132 --- [User] [io-8081-exec-10] o.s.s.w.a.AnonymousAuthenticationFilter  : Set SecurityContextHolder to anonymous SecurityContext
2026-04-14T09:54:19.975+01:00 DEBUG 11132 --- [User] [io-8081-exec-10] o.s.security.web.FilterChainProxy        : Secured GET /error
2026-04-14T09:54:19.976+01:00 DEBUG 11132 --- [User] [io-8081-exec-10] o.s.web.servlet.DispatcherServlet        : "ERROR" dispatch for GET "/error", parameters={}
2026-04-14T09:54:19.976+01:00 DEBUG 11132 --- [User] [io-8081-exec-10] s.w.s.m.m.a.RequestMappingHandlerMapping : Mapped to org.springframework.boot.webmvc.autoconfigure.error.BasicErrorController#error(HttpServletRequest)
2026-04-14T09:54:19.977+01:00 DEBUG 11132 --- [User] [io-8081-exec-10] o.s.w.s.m.m.a.HttpEntityMethodProcessor  : Using 'application/json', given [application/json, text/plain, */*] and supported [application/json, application/*+json]
2026-04-14T09:54:19.977+01:00 DEBUG 11132 --- [User] [io-8081-exec-10] o.s.w.s.m.m.a.HttpEntityMethodProcessor  : Writing [{timestamp=Tue Apr 14 09:54:19 CET 2026, status=500, error=Internal Server Error, trace=io.jsonwebto (truncated)...]
2026-04-14T09:54:19.978+01:00 DEBUG 11132 --- [User] [io-8081-exec-10] o.s.web.servlet.DispatcherServlet        : Exiting from "ERROR" dispatch, status 500
2026-04-14T09:54:43.542+01:00 DEBUG 11132 --- [User] [reshExecutor-%d] o.s.web.client.DefaultRestClient         : Reading to [com.netflix.discovery.shared.Applications]
2026-04-14T09:55:12.027+01:00 DEBUG 11132 --- [User] [nio-8081-exec-1] o.s.security.web.FilterChainProxy        : Securing GET /api/users/students
2026-04-14T09:55:12.029+01:00 ERROR 11132 --- [User] [nio-8081-exec-1] o.a.c.c.C.[.[.[/].[dispatcherServlet]    : Servlet.service() for servlet [dispatcherServlet] in context with path [] threw exception

io.jsonwebtoken.ExpiredJwtException: JWT expired at 2026-04-14T08:44:14Z. Current time: 2026-04-14T08:55:12Z, a difference of 658029 milliseconds.  Allowed clock skew: 0 milliseconds.
	at io.jsonwebtoken.impl.DefaultJwtParser.parse(DefaultJwtParser.java:427) ~[jjwt-impl-0.11.5.jar:0.11.5]
	at io.jsonwebtoken.impl.DefaultJwtParser.parse(DefaultJwtParser.java:529) ~[jjwt-impl-0.11.5.jar:0.11.5]
	at io.jsonwebtoken.impl.DefaultJwtParser.parseClaimsJws(DefaultJwtParser.java:589) ~[jjwt-impl-0.11.5.jar:0.11.5]
	at io.jsonwebtoken.impl.ImmutableJwtParser.parseClaimsJws(ImmutableJwtParser.java:173) ~[jjwt-impl-0.11.5.jar:0.11.5]
	at tn.spring.user.Services.JwtService.extractallClaims(JwtService.java:115) ~[classes/:na]
	at tn.spring.user.Services.JwtService.extractClaim(JwtService.java:119) ~[classes/:na]
	at tn.spring.user.Services.JwtService.extractUsername(JwtService.java:35) ~[classes/:na]
	at tn.spring.user.Filters.JwtAuthenticationFilter.doFilterInternal(JwtAuthenticationFilter.java:59) ~[classes/:na]
	at org.springframework.web.filter.OncePerRequestFilter.doFilter(OncePerRequestFilter.java:116) ~[spring-web-7.0.3.jar:7.0.3]
	at org.springframework.security.web.FilterChainProxy$VirtualFilterChain.doFilter(FilterChainProxy.java:380) ~[spring-security-web-7.0.2.jar:7.0.2]
	at org.springframework.security.web.authentication.logout.LogoutFilter.doFilter(LogoutFilter.java:110) ~[spring-security-web-7.0.2.jar:7.0.2]
	at org.springframework.security.web.authentication.logout.LogoutFilter.doFilter(LogoutFilter.java:96) ~[spring-security-web-7.0.2.jar:7.0.2]
	at org.springframework.security.web.FilterChainProxy$VirtualFilterChain.doFilter(FilterChainProxy.java:380) ~[spring-security-web-7.0.2.jar:7.0.2]
	at org.springframework.security.web.header.HeaderWriterFilter.doHeadersAfter(HeaderWriterFilter.java:90) ~[spring-security-web-7.0.2.jar:7.0.2]
	at org.springframework.security.web.header.HeaderWriterFilter.doFilterInternal(HeaderWriterFilter.java:75) ~[spring-security-web-7.0.2.jar:7.0.2]
	at org.springframework.web.filter.OncePerRequestFilter.doFilter(OncePerRequestFilter.java:116) ~[spring-web-7.0.3.jar:7.0.3]
	at org.springframework.security.web.FilterChainProxy$VirtualFilterChain.doFilter(FilterChainProxy.java:380) ~[spring-security-web-7.0.2.jar:7.0.2]
	at org.springframework.security.web.context.SecurityContextHolderFilter.doFilter(SecurityContextHolderFilter.java:82) ~[spring-security-web-7.0.2.jar:7.0.2]
	at org.springframework.security.web.context.SecurityContextHolderFilter.doFilter(SecurityContextHolderFilter.java:69) ~[spring-security-web-7.0.2.jar:7.0.2]
	at org.springframework.security.web.FilterChainProxy$VirtualFilterChain.doFilter(FilterChainProxy.java:380) ~[spring-security-web-7.0.2.jar:7.0.2]
	at org.springframework.security.web.context.request.async.WebAsyncManagerIntegrationFilter.doFilterInternal(WebAsyncManagerIntegrationFilter.java:62) ~[spring-security-web-7.0.2.jar:7.0.2]
	at org.springframework.web.filter.OncePerRequestFilter.doFilter(OncePerRequestFilter.java:116) ~[spring-web-7.0.3.jar:7.0.3]
	at org.springframework.security.web.FilterChainProxy$VirtualFilterChain.doFilter(FilterChainProxy.java:380) ~[spring-security-web-7.0.2.jar:7.0.2]
	at org.springframework.security.web.session.DisableEncodeUrlFilter.doFilterInternal(DisableEncodeUrlFilter.java:42) ~[spring-security-web-7.0.2.jar:7.0.2]
	at org.springframework.web.filter.OncePerRequestFilter.doFilter(OncePerRequestFilter.java:116) ~[spring-web-7.0.3.jar:7.0.3]
	at org.springframework.security.web.FilterChainProxy$VirtualFilterChain.doFilter(FilterChainProxy.java:380) ~[spring-security-web-7.0.2.jar:7.0.2]
	at org.springframework.security.web.FilterChainProxy.doFilterInternal(FilterChainProxy.java:237) ~[spring-security-web-7.0.2.jar:7.0.2]
	at org.springframework.security.web.FilterChainProxy.doFilter(FilterChainProxy.java:195) ~[spring-security-web-7.0.2.jar:7.0.2]
	at org.springframework.web.filter.CompositeFilter$VirtualFilterChain.doFilter(CompositeFilter.java:113) ~[spring-web-7.0.3.jar:7.0.3]
	at org.springframework.web.filter.ServletRequestPathFilter.doFilter(ServletRequestPathFilter.java:52) ~[spring-web-7.0.3.jar:7.0.3]
	at org.springframework.web.filter.CompositeFilter$VirtualFilterChain.doFilter(CompositeFilter.java:113) ~[spring-web-7.0.3.jar:7.0.3]
	at org.springframework.web.filter.CompositeFilter.doFilter(CompositeFilter.java:74) ~[spring-web-7.0.3.jar:7.0.3]
	at org.springframework.security.config.annotation.web.configuration.WebSecurityConfiguration$CompositeFilterChainProxy.doFilter(WebSecurityConfiguration.java:317) ~[spring-security-config-7.0.2.jar:7.0.2]
	at org.springframework.web.filter.DelegatingFilterProxy.invokeDelegate(DelegatingFilterProxy.java:355) ~[spring-web-7.0.3.jar:7.0.3]
	at org.springframework.web.filter.DelegatingFilterProxy.doFilter(DelegatingFilterProxy.java:272) ~[spring-web-7.0.3.jar:7.0.3]
	at org.apache.catalina.core.ApplicationFilterChain.doFilter(ApplicationFilterChain.java:107) ~[tomcat-embed-core-11.0.15.jar:11.0.15]
	at org.springframework.web.filter.RequestContextFilter.doFilterInternal(RequestContextFilter.java:100) ~[spring-web-7.0.3.jar:7.0.3]
	at org.springframework.web.filter.OncePerRequestFilter.doFilter(OncePerRequestFilter.java:116) ~[spring-web-7.0.3.jar:7.0.3]
	at org.apache.catalina.core.ApplicationFilterChain.doFilter(ApplicationFilterChain.java:107) ~[tomcat-embed-core-11.0.15.jar:11.0.15]
	at org.springframework.web.filter.FormContentFilter.doFilterInternal(FormContentFilter.java:93) ~[spring-web-7.0.3.jar:7.0.3]
	at org.springframework.web.filter.OncePerRequestFilter.doFilter(OncePerRequestFilter.java:116) ~[spring-web-7.0.3.jar:7.0.3]
	at org.apache.catalina.core.ApplicationFilterChain.doFilter(ApplicationFilterChain.java:107) ~[tomcat-embed-core-11.0.15.jar:11.0.15]
	at org.springframework.web.filter.CharacterEncodingFilter.doFilterInternal(CharacterEncodingFilter.java:199) ~[spring-web-7.0.3.jar:7.0.3]
	at org.springframework.web.filter.OncePerRequestFilter.doFilter(OncePerRequestFilter.java:116) ~[spring-web-7.0.3.jar:7.0.3]
	at org.apache.catalina.core.ApplicationFilterChain.doFilter(ApplicationFilterChain.java:107) ~[tomcat-embed-core-11.0.15.jar:11.0.15]
	at org.apache.catalina.core.StandardWrapperValve.invoke(StandardWrapperValve.java:165) ~[tomcat-embed-core-11.0.15.jar:11.0.15]
	at org.apache.catalina.core.StandardContextValve.invoke(StandardContextValve.java:77) ~[tomcat-embed-core-11.0.15.jar:11.0.15]
	at org.apache.catalina.authenticator.AuthenticatorBase.invoke(AuthenticatorBase.java:482) ~[tomcat-embed-core-11.0.15.jar:11.0.15]
	at org.apache.catalina.core.StandardHostValve.invoke(StandardHostValve.java:113) ~[tomcat-embed-core-11.0.15.jar:11.0.15]
	at org.apache.catalina.valves.ErrorReportValve.invoke(ErrorReportValve.java:83) ~[tomcat-embed-core-11.0.15.jar:11.0.15]
	at org.apache.catalina.core.StandardEngineValve.invoke(StandardEngineValve.java:72) ~[tomcat-embed-core-11.0.15.jar:11.0.15]
	at org.apache.catalina.connector.CoyoteAdapter.service(CoyoteAdapter.java:341) ~[tomcat-embed-core-11.0.15.jar:11.0.15]
	at org.apache.coyote.http11.Http11Processor.service(Http11Processor.java:397) ~[tomcat-embed-core-11.0.15.jar:11.0.15]
	at org.apache.coyote.AbstractProcessorLight.process(AbstractProcessorLight.java:63) ~[tomcat-embed-core-11.0.15.jar:11.0.15]
	at org.apache.coyote.AbstractProtocol$ConnectionHandler.process(AbstractProtocol.java:903) ~[tomcat-embed-core-11.0.15.jar:11.0.15]
	at org.apache.tomcat.util.net.NioEndpoint$SocketProcessor.doRun(NioEndpoint.java:1778) ~[tomcat-embed-core-11.0.15.jar:11.0.15]
	at org.apache.tomcat.util.net.SocketProcessorBase.run(SocketProcessorBase.java:52) ~[tomcat-embed-core-11.0.15.jar:11.0.15]
	at org.apache.tomcat.util.threads.ThreadPoolExecutor.runWorker(ThreadPoolExecutor.java:946) ~[tomcat-embed-core-11.0.15.jar:11.0.15]
	at org.apache.tomcat.util.threads.ThreadPoolExecutor$Worker.run(ThreadPoolExecutor.java:480) ~[tomcat-embed-core-11.0.15.jar:11.0.15]
	at org.apache.tomcat.util.threads.TaskThread$WrappingRunnable.run(TaskThread.java:57) ~[tomcat-embed-core-11.0.15.jar:11.0.15]
	at java.base/java.lang.Thread.run(Thread.java:842) ~[na:na]

2026-04-14T09:55:12.029+01:00 DEBUG 11132 --- [User] [nio-8081-exec-1] o.s.security.web.FilterChainProxy        : Securing GET /error
2026-04-14T09:55:12.029+01:00 DEBUG 11132 --- [User] [nio-8081-exec-1] o.s.s.w.a.AnonymousAuthenticationFilter  : Set SecurityContextHolder to anonymous SecurityContext
2026-04-14T09:55:12.029+01:00 DEBUG 11132 --- [User] [nio-8081-exec-1] o.s.security.web.FilterChainProxy        : Secured GET /error
2026-04-14T09:55:12.031+01:00 DEBUG 11132 --- [User] [nio-8081-exec-1] o.s.web.servlet.DispatcherServlet        : "ERROR" dispatch for GET "/error", parameters={}
2026-04-14T09:55:12.031+01:00 DEBUG 11132 --- [User] [nio-8081-exec-1] s.w.s.m.m.a.RequestMappingHandlerMapping : Mapped to org.springframework.boot.webmvc.autoconfigure.error.BasicErrorController#error(HttpServletRequest)
2026-04-14T09:55:12.031+01:00 DEBUG 11132 --- [User] [nio-8081-exec-1] o.s.w.s.m.m.a.HttpEntityMethodProcessor  : Using 'application/json', given [application/json, text/plain, */*] and supported [application/json, application/*+json]
2026-04-14T09:55:12.032+01:00 DEBUG 11132 --- [User] [nio-8081-exec-1] o.s.w.s.m.m.a.HttpEntityMethodProcessor  : Writing [{timestamp=Tue Apr 14 09:55:12 CET 2026, status=500, error=Internal Server Error, trace=io.jsonwebto (truncated)...]
2026-04-14T09:55:12.032+01:00 DEBUG 11132 --- [User] [nio-8081-exec-1] o.s.web.servlet.DispatcherServlet        : Exiting from "ERROR" dispatch, status 500
2026-04-14T09:55:13.115+01:00 DEBUG 11132 --- [User] [nio-8081-exec-2] o.s.security.web.FilterChainProxy        : Securing GET /api/users/students
2026-04-14T09:55:13.117+01:00 ERROR 11132 --- [User] [nio-8081-exec-2] o.a.c.c.C.[.[.[/].[dispatcherServlet]    : Servlet.service() for servlet [dispatcherServlet] in context with path [] threw exception

io.jsonwebtoken.ExpiredJwtException: JWT expired at 2026-04-14T08:44:14Z. Current time: 2026-04-14T08:55:13Z, a difference of 659116 milliseconds.  Allowed clock skew: 0 milliseconds.
	at io.jsonwebtoken.impl.DefaultJwtParser.parse(DefaultJwtParser.java:427) ~[jjwt-impl-0.11.5.jar:0.11.5]
	at io.jsonwebtoken.impl.DefaultJwtParser.parse(DefaultJwtParser.java:529) ~[jjwt-impl-0.11.5.jar:0.11.5]
	at io.jsonwebtoken.impl.DefaultJwtParser.parseClaimsJws(DefaultJwtParser.java:589) ~[jjwt-impl-0.11.5.jar:0.11.5]
	at io.jsonwebtoken.impl.ImmutableJwtParser.parseClaimsJws(ImmutableJwtParser.java:173) ~[jjwt-impl-0.11.5.jar:0.11.5]
	at tn.spring.user.Services.JwtService.extractallClaims(JwtService.java:115) ~[classes/:na]
	at tn.spring.user.Services.JwtService.extractClaim(JwtService.java:119) ~[classes/:na]
	at tn.spring.user.Services.JwtService.extractUsername(JwtService.java:35) ~[classes/:na]
	at tn.spring.user.Filters.JwtAuthenticationFilter.doFilterInternal(JwtAuthenticationFilter.java:59) ~[classes/:na]
	at org.springframework.web.filter.OncePerRequestFilter.doFilter(OncePerRequestFilter.java:116) ~[spring-web-7.0.3.jar:7.0.3]
	at org.springframework.security.web.FilterChainProxy$VirtualFilterChain.doFilter(FilterChainProxy.java:380) ~[spring-security-web-7.0.2.jar:7.0.2]
	at org.springframework.security.web.authentication.logout.LogoutFilter.doFilter(LogoutFilter.java:110) ~[spring-security-web-7.0.2.jar:7.0.2]
	at org.springframework.security.web.authentication.logout.LogoutFilter.doFilter(LogoutFilter.java:96) ~[spring-security-web-7.0.2.jar:7.0.2]
	at org.springframework.security.web.FilterChainProxy$VirtualFilterChain.doFilter(FilterChainProxy.java:380) ~[spring-security-web-7.0.2.jar:7.0.2]
	at org.springframework.security.web.header.HeaderWriterFilter.doHeadersAfter(HeaderWriterFilter.java:90) ~[spring-security-web-7.0.2.jar:7.0.2]
	at org.springframework.security.web.header.HeaderWriterFilter.doFilterInternal(HeaderWriterFilter.java:75) ~[spring-security-web-7.0.2.jar:7.0.2]
	at org.springframework.web.filter.OncePerRequestFilter.doFilter(OncePerRequestFilter.java:116) ~[spring-web-7.0.3.jar:7.0.3]
	at org.springframework.security.web.FilterChainProxy$VirtualFilterChain.doFilter(FilterChainProxy.java:380) ~[spring-security-web-7.0.2.jar:7.0.2]
	at org.springframework.security.web.context.SecurityContextHolderFilter.doFilter(SecurityContextHolderFilter.java:82) ~[spring-security-web-7.0.2.jar:7.0.2]
	at org.springframework.security.web.context.SecurityContextHolderFilter.doFilter(SecurityContextHolderFilter.java:69) ~[spring-security-web-7.0.2.jar:7.0.2]
	at org.springframework.security.web.FilterChainProxy$VirtualFilterChain.doFilter(FilterChainProxy.java:380) ~[spring-security-web-7.0.2.jar:7.0.2]
	at org.springframework.security.web.context.request.async.WebAsyncManagerIntegrationFilter.doFilterInternal(WebAsyncManagerIntegrationFilter.java:62) ~[spring-security-web-7.0.2.jar:7.0.2]
	at org.springframework.web.filter.OncePerRequestFilter.doFilter(OncePerRequestFilter.java:116) ~[spring-web-7.0.3.jar:7.0.3]
	at org.springframework.security.web.FilterChainProxy$VirtualFilterChain.doFilter(FilterChainProxy.java:380) ~[spring-security-web-7.0.2.jar:7.0.2]
	at org.springframework.security.web.session.DisableEncodeUrlFilter.doFilterInternal(DisableEncodeUrlFilter.java:42) ~[spring-security-web-7.0.2.jar:7.0.2]
	at org.springframework.web.filter.OncePerRequestFilter.doFilter(OncePerRequestFilter.java:116) ~[spring-web-7.0.3.jar:7.0.3]
	at org.springframework.security.web.FilterChainProxy$VirtualFilterChain.doFilter(FilterChainProxy.java:380) ~[spring-security-web-7.0.2.jar:7.0.2]
	at org.springframework.security.web.FilterChainProxy.doFilterInternal(FilterChainProxy.java:237) ~[spring-security-web-7.0.2.jar:7.0.2]
	at org.springframework.security.web.FilterChainProxy.doFilter(FilterChainProxy.java:195) ~[spring-security-web-7.0.2.jar:7.0.2]
	at org.springframework.web.filter.CompositeFilter$VirtualFilterChain.doFilter(CompositeFilter.java:113) ~[spring-web-7.0.3.jar:7.0.3]
	at org.springframework.web.filter.ServletRequestPathFilter.doFilter(ServletRequestPathFilter.java:52) ~[spring-web-7.0.3.jar:7.0.3]
	at org.springframework.web.filter.CompositeFilter$VirtualFilterChain.doFilter(CompositeFilter.java:113) ~[spring-web-7.0.3.jar:7.0.3]
	at org.springframework.web.filter.CompositeFilter.doFilter(CompositeFilter.java:74) ~[spring-web-7.0.3.jar:7.0.3]
	at org.springframework.security.config.annotation.web.configuration.WebSecurityConfiguration$CompositeFilterChainProxy.doFilter(WebSecurityConfiguration.java:317) ~[spring-security-config-7.0.2.jar:7.0.2]
	at org.springframework.web.filter.DelegatingFilterProxy.invokeDelegate(DelegatingFilterProxy.java:355) ~[spring-web-7.0.3.jar:7.0.3]
	at org.springframework.web.filter.DelegatingFilterProxy.doFilter(DelegatingFilterProxy.java:272) ~[spring-web-7.0.3.jar:7.0.3]
	at org.apache.catalina.core.ApplicationFilterChain.doFilter(ApplicationFilterChain.java:107) ~[tomcat-embed-core-11.0.15.jar:11.0.15]
	at org.springframework.web.filter.RequestContextFilter.doFilterInternal(RequestContextFilter.java:100) ~[spring-web-7.0.3.jar:7.0.3]
	at org.springframework.web.filter.OncePerRequestFilter.doFilter(OncePerRequestFilter.java:116) ~[spring-web-7.0.3.jar:7.0.3]
	at org.apache.catalina.core.ApplicationFilterChain.doFilter(ApplicationFilterChain.java:107) ~[tomcat-embed-core-11.0.15.jar:11.0.15]
	at org.springframework.web.filter.FormContentFilter.doFilterInternal(FormContentFilter.java:93) ~[spring-web-7.0.3.jar:7.0.3]
	at org.springframework.web.filter.OncePerRequestFilter.doFilter(OncePerRequestFilter.java:116) ~[spring-web-7.0.3.jar:7.0.3]
	at org.apache.catalina.core.ApplicationFilterChain.doFilter(ApplicationFilterChain.java:107) ~[tomcat-embed-core-11.0.15.jar:11.0.15]
	at org.springframework.web.filter.CharacterEncodingFilter.doFilterInternal(CharacterEncodingFilter.java:199) ~[spring-web-7.0.3.jar:7.0.3]
	at org.springframework.web.filter.OncePerRequestFilter.doFilter(OncePerRequestFilter.java:116) ~[spring-web-7.0.3.jar:7.0.3]
	at org.apache.catalina.core.ApplicationFilterChain.doFilter(ApplicationFilterChain.java:107) ~[tomcat-embed-core-11.0.15.jar:11.0.15]
	at org.apache.catalina.core.StandardWrapperValve.invoke(StandardWrapperValve.java:165) ~[tomcat-embed-core-11.0.15.jar:11.0.15]
	at org.apache.catalina.core.StandardContextValve.invoke(StandardContextValve.java:77) ~[tomcat-embed-core-11.0.15.jar:11.0.15]
	at org.apache.catalina.authenticator.AuthenticatorBase.invoke(AuthenticatorBase.java:482) ~[tomcat-embed-core-11.0.15.jar:11.0.15]
	at org.apache.catalina.core.StandardHostValve.invoke(StandardHostValve.java:113) ~[tomcat-embed-core-11.0.15.jar:11.0.15]
	at org.apache.catalina.valves.ErrorReportValve.invoke(ErrorReportValve.java:83) ~[tomcat-embed-core-11.0.15.jar:11.0.15]
	at org.apache.catalina.core.StandardEngineValve.invoke(StandardEngineValve.java:72) ~[tomcat-embed-core-11.0.15.jar:11.0.15]
	at org.apache.catalina.connector.CoyoteAdapter.service(CoyoteAdapter.java:341) ~[tomcat-embed-core-11.0.15.jar:11.0.15]
	at org.apache.coyote.http11.Http11Processor.service(Http11Processor.java:397) ~[tomcat-embed-core-11.0.15.jar:11.0.15]
	at org.apache.coyote.AbstractProcessorLight.process(AbstractProcessorLight.java:63) ~[tomcat-embed-core-11.0.15.jar:11.0.15]
	at org.apache.coyote.AbstractProtocol$ConnectionHandler.process(AbstractProtocol.java:903) ~[tomcat-embed-core-11.0.15.jar:11.0.15]
	at org.apache.tomcat.util.net.NioEndpoint$SocketProcessor.doRun(NioEndpoint.java:1778) ~[tomcat-embed-core-11.0.15.jar:11.0.15]
	at org.apache.tomcat.util.net.SocketProcessorBase.run(SocketProcessorBase.java:52) ~[tomcat-embed-core-11.0.15.jar:11.0.15]
	at org.apache.tomcat.util.threads.ThreadPoolExecutor.runWorker(ThreadPoolExecutor.java:946) ~[tomcat-embed-core-11.0.15.jar:11.0.15]
	at org.apache.tomcat.util.threads.ThreadPoolExecutor$Worker.run(ThreadPoolExecutor.java:480) ~[tomcat-embed-core-11.0.15.jar:11.0.15]
	at org.apache.tomcat.util.threads.TaskThread$WrappingRunnable.run(TaskThread.java:57) ~[tomcat-embed-core-11.0.15.jar:11.0.15]
	at java.base/java.lang.Thread.run(Thread.java:842) ~[na:na]

2026-04-14T09:55:13.119+01:00 DEBUG 11132 --- [User] [nio-8081-exec-2] o.s.security.web.FilterChainProxy        : Securing GET /error
2026-04-14T09:55:13.119+01:00 DEBUG 11132 --- [User] [nio-8081-exec-2] o.s.s.w.a.AnonymousAuthenticationFilter  : Set SecurityContextHolder to anonymous SecurityContext
2026-04-14T09:55:13.119+01:00 DEBUG 11132 --- [User] [nio-8081-exec-2] o.s.security.web.FilterChainProxy        : Secured GET /error
2026-04-14T09:55:13.119+01:00 DEBUG 11132 --- [User] [nio-8081-exec-2] o.s.web.servlet.DispatcherServlet        : "ERROR" dispatch for GET "/error", parameters={}
2026-04-14T09:55:13.119+01:00 DEBUG 11132 --- [User] [nio-8081-exec-2] s.w.s.m.m.a.RequestMappingHandlerMapping : Mapped to org.springframework.boot.webmvc.autoconfigure.error.BasicErrorController#error(HttpServletRequest)
2026-04-14T09:55:13.120+01:00 DEBUG 11132 --- [User] [nio-8081-exec-2] o.s.w.s.m.m.a.HttpEntityMethodProcessor  : Using 'application/json', given [application/json, text/plain, */*] and supported [application/json, application/*+json]
2026-04-14T09:55:13.121+01:00 DEBUG 11132 --- [User] [nio-8081-exec-2] o.s.w.s.m.m.a.HttpEntityMethodProcessor  : Writing [{timestamp=Tue Apr 14 09:55:13 CET 2026, status=500, error=Internal Server Error, trace=io.jsonwebto (truncated)...]
2026-04-14T09:55:13.122+01:00 DEBUG 11132 --- [User] [nio-8081-exec-2] o.s.web.servlet.DispatcherServlet        : Exiting from "ERROR" dispatch, status 500
2026-04-14T09:55:13.572+01:00 DEBUG 11132 --- [User] [reshExecutor-%d] o.s.web.client.DefaultRestClient         : Reading to [com.netflix.discovery.shared.Applications]
2026-04-14T09:55:43.603+01:00 DEBUG 11132 --- [User] [reshExecutor-%d] o.s.web.client.DefaultRestClient         : Reading to [com.netflix.discovery.shared.Applications]
2026-04-14T09:56:13.625+01:00 DEBUG 11132 --- [User] [reshExecutor-%d] o.s.web.client.DefaultRestClient         : Reading to [com.netflix.discovery.shared.Applications]
2026-04-14T09:56:18.022+01:00  INFO 11132 --- [User] [rap-executor-%d] c.n.d.s.r.aws.ConfigClusterResolver      : Resolving eureka endpoints via configuration
2026-04-14T09:56:43.651+01:00 DEBUG 11132 --- [User] [reshExecutor-%d] o.s.web.client.DefaultRestClient         : Reading to [com.netflix.discovery.shared.Applications]
2026-04-14T09:57:13.678+01:00 DEBUG 11132 --- [User] [reshExecutor-%d] o.s.web.client.DefaultRestClient         : Reading to [com.netflix.discovery.shared.Applications]
2026-04-14T09:57:43.708+01:00 DEBUG 11132 --- [User] [reshExecutor-%d] o.s.web.client.DefaultRestClient         : Reading to [com.netflix.discovery.shared.Applications]
2026-04-14T09:58:13.734+01:00 DEBUG 11132 --- [User] [reshExecutor-%d] o.s.web.client.DefaultRestClient         : Reading to [com.netflix.discovery.shared.Applications]
2026-04-14T09:58:43.758+01:00 DEBUG 11132 --- [User] [reshExecutor-%d] o.s.web.client.DefaultRestClient         : Reading to [com.netflix.discovery.shared.Applications]
2026-04-14T09:59:13.776+01:00 DEBUG 11132 --- [User] [reshExecutor-%d] o.s.web.client.DefaultRestClient         : Reading to [com.netflix.discovery.shared.Applications]
2026-04-14T09:59:43.798+01:00 DEBUG 11132 --- [User] [reshExecutor-%d] o.s.web.client.DefaultRestClient         : Reading to [com.netflix.discovery.shared.Applications]
2026-04-14T10:00:13.818+01:00 DEBUG 11132 --- [User] [reshExecutor-%d] o.s.web.client.DefaultRestClient         : Reading to [com.netflix.discovery.shared.Applications]
2026-04-14T10:00:43.839+01:00 DEBUG 11132 --- [User] [reshExecutor-%d] o.s.web.client.DefaultRestClient         : Reading to [com.netflix.discovery.shared.Applications]
2026-04-14T10:01:02.085+01:00 DEBUG 11132 --- [User] [nio-8081-exec-3] o.s.security.web.FilterChainProxy        : Securing GET /api/users/students
2026-04-14T10:01:02.087+01:00 ERROR 11132 --- [User] [nio-8081-exec-3] o.a.c.c.C.[.[.[/].[dispatcherServlet]    : Servlet.service() for servlet [dispatcherServlet] in context with path [] threw exception

io.jsonwebtoken.ExpiredJwtException: JWT expired at 2026-04-14T08:44:14Z. Current time: 2026-04-14T09:01:02Z, a difference of 1008087 milliseconds.  Allowed clock skew: 0 milliseconds.
	at io.jsonwebtoken.impl.DefaultJwtParser.parse(DefaultJwtParser.java:427) ~[jjwt-impl-0.11.5.jar:0.11.5]
	at io.jsonwebtoken.impl.DefaultJwtParser.parse(DefaultJwtParser.java:529) ~[jjwt-impl-0.11.5.jar:0.11.5]
	at io.jsonwebtoken.impl.DefaultJwtParser.parseClaimsJws(DefaultJwtParser.java:589) ~[jjwt-impl-0.11.5.jar:0.11.5]
	at io.jsonwebtoken.impl.ImmutableJwtParser.parseClaimsJws(ImmutableJwtParser.java:173) ~[jjwt-impl-0.11.5.jar:0.11.5]
	at tn.spring.user.Services.JwtService.extractallClaims(JwtService.java:115) ~[classes/:na]
	at tn.spring.user.Services.JwtService.extractClaim(JwtService.java:119) ~[classes/:na]
	at tn.spring.user.Services.JwtService.extractUsername(JwtService.java:35) ~[classes/:na]
	at tn.spring.user.Filters.JwtAuthenticationFilter.doFilterInternal(JwtAuthenticationFilter.java:59) ~[classes/:na]
	at org.springframework.web.filter.OncePerRequestFilter.doFilter(OncePerRequestFilter.java:116) ~[spring-web-7.0.3.jar:7.0.3]
	at org.springframework.security.web.FilterChainProxy$VirtualFilterChain.doFilter(FilterChainProxy.java:380) ~[spring-security-web-7.0.2.jar:7.0.2]
	at org.springframework.security.web.authentication.logout.LogoutFilter.doFilter(LogoutFilter.java:110) ~[spring-security-web-7.0.2.jar:7.0.2]
	at org.springframework.security.web.authentication.logout.LogoutFilter.doFilter(LogoutFilter.java:96) ~[spring-security-web-7.0.2.jar:7.0.2]
	at org.springframework.security.web.FilterChainProxy$VirtualFilterChain.doFilter(FilterChainProxy.java:380) ~[spring-security-web-7.0.2.jar:7.0.2]
	at org.springframework.security.web.header.HeaderWriterFilter.doHeadersAfter(HeaderWriterFilter.java:90) ~[spring-security-web-7.0.2.jar:7.0.2]
	at org.springframework.security.web.header.HeaderWriterFilter.doFilterInternal(HeaderWriterFilter.java:75) ~[spring-security-web-7.0.2.jar:7.0.2]
	at org.springframework.web.filter.OncePerRequestFilter.doFilter(OncePerRequestFilter.java:116) ~[spring-web-7.0.3.jar:7.0.3]
	at org.springframework.security.web.FilterChainProxy$VirtualFilterChain.doFilter(FilterChainProxy.java:380) ~[spring-security-web-7.0.2.jar:7.0.2]
	at org.springframework.security.web.context.SecurityContextHolderFilter.doFilter(SecurityContextHolderFilter.java:82) ~[spring-security-web-7.0.2.jar:7.0.2]
	at org.springframework.security.web.context.SecurityContextHolderFilter.doFilter(SecurityContextHolderFilter.java:69) ~[spring-security-web-7.0.2.jar:7.0.2]
	at org.springframework.security.web.FilterChainProxy$VirtualFilterChain.doFilter(FilterChainProxy.java:380) ~[spring-security-web-7.0.2.jar:7.0.2]
	at org.springframework.security.web.context.request.async.WebAsyncManagerIntegrationFilter.doFilterInternal(WebAsyncManagerIntegrationFilter.java:62) ~[spring-security-web-7.0.2.jar:7.0.2]
	at org.springframework.web.filter.OncePerRequestFilter.doFilter(OncePerRequestFilter.java:116) ~[spring-web-7.0.3.jar:7.0.3]
	at org.springframework.security.web.FilterChainProxy$VirtualFilterChain.doFilter(FilterChainProxy.java:380) ~[spring-security-web-7.0.2.jar:7.0.2]
	at org.springframework.security.web.session.DisableEncodeUrlFilter.doFilterInternal(DisableEncodeUrlFilter.java:42) ~[spring-security-web-7.0.2.jar:7.0.2]
	at org.springframework.web.filter.OncePerRequestFilter.doFilter(OncePerRequestFilter.java:116) ~[spring-web-7.0.3.jar:7.0.3]
	at org.springframework.security.web.FilterChainProxy$VirtualFilterChain.doFilter(FilterChainProxy.java:380) ~[spring-security-web-7.0.2.jar:7.0.2]
	at org.springframework.security.web.FilterChainProxy.doFilterInternal(FilterChainProxy.java:237) ~[spring-security-web-7.0.2.jar:7.0.2]
	at org.springframework.security.web.FilterChainProxy.doFilter(FilterChainProxy.java:195) ~[spring-security-web-7.0.2.jar:7.0.2]
	at org.springframework.web.filter.CompositeFilter$VirtualFilterChain.doFilter(CompositeFilter.java:113) ~[spring-web-7.0.3.jar:7.0.3]
	at org.springframework.web.filter.ServletRequestPathFilter.doFilter(ServletRequestPathFilter.java:52) ~[spring-web-7.0.3.jar:7.0.3]
	at org.springframework.web.filter.CompositeFilter$VirtualFilterChain.doFilter(CompositeFilter.java:113) ~[spring-web-7.0.3.jar:7.0.3]
	at org.springframework.web.filter.CompositeFilter.doFilter(CompositeFilter.java:74) ~[spring-web-7.0.3.jar:7.0.3]
	at org.springframework.security.config.annotation.web.configuration.WebSecurityConfiguration$CompositeFilterChainProxy.doFilter(WebSecurityConfiguration.java:317) ~[spring-security-config-7.0.2.jar:7.0.2]
	at org.springframework.web.filter.DelegatingFilterProxy.invokeDelegate(DelegatingFilterProxy.java:355) ~[spring-web-7.0.3.jar:7.0.3]
	at org.springframework.web.filter.DelegatingFilterProxy.doFilter(DelegatingFilterProxy.java:272) ~[spring-web-7.0.3.jar:7.0.3]
	at org.apache.catalina.core.ApplicationFilterChain.doFilter(ApplicationFilterChain.java:107) ~[tomcat-embed-core-11.0.15.jar:11.0.15]
	at org.springframework.web.filter.RequestContextFilter.doFilterInternal(RequestContextFilter.java:100) ~[spring-web-7.0.3.jar:7.0.3]
	at org.springframework.web.filter.OncePerRequestFilter.doFilter(OncePerRequestFilter.java:116) ~[spring-web-7.0.3.jar:7.0.3]
	at org.apache.catalina.core.ApplicationFilterChain.doFilter(ApplicationFilterChain.java:107) ~[tomcat-embed-core-11.0.15.jar:11.0.15]
	at org.springframework.web.filter.FormContentFilter.doFilterInternal(FormContentFilter.java:93) ~[spring-web-7.0.3.jar:7.0.3]
	at org.springframework.web.filter.OncePerRequestFilter.doFilter(OncePerRequestFilter.java:116) ~[spring-web-7.0.3.jar:7.0.3]
	at org.apache.catalina.core.ApplicationFilterChain.doFilter(ApplicationFilterChain.java:107) ~[tomcat-embed-core-11.0.15.jar:11.0.15]
	at org.springframework.web.filter.CharacterEncodingFilter.doFilterInternal(CharacterEncodingFilter.java:199) ~[spring-web-7.0.3.jar:7.0.3]
	at org.springframework.web.filter.OncePerRequestFilter.doFilter(OncePerRequestFilter.java:116) ~[spring-web-7.0.3.jar:7.0.3]
	at org.apache.catalina.core.ApplicationFilterChain.doFilter(ApplicationFilterChain.java:107) ~[tomcat-embed-core-11.0.15.jar:11.0.15]
	at org.apache.catalina.core.StandardWrapperValve.invoke(StandardWrapperValve.java:165) ~[tomcat-embed-core-11.0.15.jar:11.0.15]
	at org.apache.catalina.core.StandardContextValve.invoke(StandardContextValve.java:77) ~[tomcat-embed-core-11.0.15.jar:11.0.15]
	at org.apache.catalina.authenticator.AuthenticatorBase.invoke(AuthenticatorBase.java:482) ~[tomcat-embed-core-11.0.15.jar:11.0.15]
	at org.apache.catalina.core.StandardHostValve.invoke(StandardHostValve.java:113) ~[tomcat-embed-core-11.0.15.jar:11.0.15]
	at org.apache.catalina.valves.ErrorReportValve.invoke(ErrorReportValve.java:83) ~[tomcat-embed-core-11.0.15.jar:11.0.15]
	at org.apache.catalina.core.StandardEngineValve.invoke(StandardEngineValve.java:72) ~[tomcat-embed-core-11.0.15.jar:11.0.15]
	at org.apache.catalina.connector.CoyoteAdapter.service(CoyoteAdapter.java:341) ~[tomcat-embed-core-11.0.15.jar:11.0.15]
	at org.apache.coyote.http11.Http11Processor.service(Http11Processor.java:397) ~[tomcat-embed-core-11.0.15.jar:11.0.15]
	at org.apache.coyote.AbstractProcessorLight.process(AbstractProcessorLight.java:63) ~[tomcat-embed-core-11.0.15.jar:11.0.15]
	at org.apache.coyote.AbstractProtocol$ConnectionHandler.process(AbstractProtocol.java:903) ~[tomcat-embed-core-11.0.15.jar:11.0.15]
	at org.apache.tomcat.util.net.NioEndpoint$SocketProcessor.doRun(NioEndpoint.java:1778) ~[tomcat-embed-core-11.0.15.jar:11.0.15]
	at org.apache.tomcat.util.net.SocketProcessorBase.run(SocketProcessorBase.java:52) ~[tomcat-embed-core-11.0.15.jar:11.0.15]
	at org.apache.tomcat.util.threads.ThreadPoolExecutor.runWorker(ThreadPoolExecutor.java:946) ~[tomcat-embed-core-11.0.15.jar:11.0.15]
	at org.apache.tomcat.util.threads.ThreadPoolExecutor$Worker.run(ThreadPoolExecutor.java:480) ~[tomcat-embed-core-11.0.15.jar:11.0.15]
	at org.apache.tomcat.util.threads.TaskThread$WrappingRunnable.run(TaskThread.java:57) ~[tomcat-embed-core-11.0.15.jar:11.0.15]
	at java.base/java.lang.Thread.run(Thread.java:842) ~[na:na]

2026-04-14T10:01:02.087+01:00 DEBUG 11132 --- [User] [nio-8081-exec-3] o.s.security.web.FilterChainProxy        : Securing GET /error
2026-04-14T10:01:02.087+01:00 DEBUG 11132 --- [User] [nio-8081-exec-3] o.s.s.w.a.AnonymousAuthenticationFilter  : Set SecurityContextHolder to anonymous SecurityContext
2026-04-14T10:01:02.088+01:00 DEBUG 11132 --- [User] [nio-8081-exec-3] o.s.security.web.FilterChainProxy        : Secured GET /error
2026-04-14T10:01:02.088+01:00 DEBUG 11132 --- [User] [nio-8081-exec-3] o.s.web.servlet.DispatcherServlet        : "ERROR" dispatch for GET "/error", parameters={}
2026-04-14T10:01:02.088+01:00 DEBUG 11132 --- [User] [nio-8081-exec-3] s.w.s.m.m.a.RequestMappingHandlerMapping : Mapped to org.springframework.boot.webmvc.autoconfigure.error.BasicErrorController#error(HttpServletRequest)
2026-04-14T10:01:02.088+01:00 DEBUG 11132 --- [User] [nio-8081-exec-3] o.s.w.s.m.m.a.HttpEntityMethodProcessor  : Using 'application/json', given [application/json, text/plain, */*] and supported [application/json, application/*+json]
2026-04-14T10:01:02.089+01:00 DEBUG 11132 --- [User] [nio-8081-exec-3] o.s.w.s.m.m.a.HttpEntityMethodProcessor  : Writing [{timestamp=Tue Apr 14 10:01:02 CET 2026, status=500, error=Internal Server Error, trace=io.jsonwebto (truncated)...]
2026-04-14T10:01:02.089+01:00 DEBUG 11132 --- [User] [nio-8081-exec-3] o.s.web.servlet.DispatcherServlet        : Exiting from "ERROR" dispatch, status 500
2026-04-14T10:01:04.131+01:00 DEBUG 11132 --- [User] [nio-8081-exec-4] o.s.security.web.FilterChainProxy        : Securing GET /api/users/students
2026-04-14T10:01:04.133+01:00 ERROR 11132 --- [User] [nio-8081-exec-4] o.a.c.c.C.[.[.[/].[dispatcherServlet]    : Servlet.service() for servlet [dispatcherServlet] in context with path [] threw exception

io.jsonwebtoken.ExpiredJwtException: JWT expired at 2026-04-14T08:44:14Z. Current time: 2026-04-14T09:01:04Z, a difference of 1010133 milliseconds.  Allowed clock skew: 0 milliseconds.
	at io.jsonwebtoken.impl.DefaultJwtParser.parse(DefaultJwtParser.java:427) ~[jjwt-impl-0.11.5.jar:0.11.5]
	at io.jsonwebtoken.impl.DefaultJwtParser.parse(DefaultJwtParser.java:529) ~[jjwt-impl-0.11.5.jar:0.11.5]
	at io.jsonwebtoken.impl.DefaultJwtParser.parseClaimsJws(DefaultJwtParser.java:589) ~[jjwt-impl-0.11.5.jar:0.11.5]
	at io.jsonwebtoken.impl.ImmutableJwtParser.parseClaimsJws(ImmutableJwtParser.java:173) ~[jjwt-impl-0.11.5.jar:0.11.5]
	at tn.spring.user.Services.JwtService.extractallClaims(JwtService.java:115) ~[classes/:na]
	at tn.spring.user.Services.JwtService.extractClaim(JwtService.java:119) ~[classes/:na]
	at tn.spring.user.Services.JwtService.extractUsername(JwtService.java:35) ~[classes/:na]
	at tn.spring.user.Filters.JwtAuthenticationFilter.doFilterInternal(JwtAuthenticationFilter.java:59) ~[classes/:na]
	at org.springframework.web.filter.OncePerRequestFilter.doFilter(OncePerRequestFilter.java:116) ~[spring-web-7.0.3.jar:7.0.3]
	at org.springframework.security.web.FilterChainProxy$VirtualFilterChain.doFilter(FilterChainProxy.java:380) ~[spring-security-web-7.0.2.jar:7.0.2]
	at org.springframework.security.web.authentication.logout.LogoutFilter.doFilter(LogoutFilter.java:110) ~[spring-security-web-7.0.2.jar:7.0.2]
	at org.springframework.security.web.authentication.logout.LogoutFilter.doFilter(LogoutFilter.java:96) ~[spring-security-web-7.0.2.jar:7.0.2]
	at org.springframework.security.web.FilterChainProxy$VirtualFilterChain.doFilter(FilterChainProxy.java:380) ~[spring-security-web-7.0.2.jar:7.0.2]
	at org.springframework.security.web.header.HeaderWriterFilter.doHeadersAfter(HeaderWriterFilter.java:90) ~[spring-security-web-7.0.2.jar:7.0.2]
	at org.springframework.security.web.header.HeaderWriterFilter.doFilterInternal(HeaderWriterFilter.java:75) ~[spring-security-web-7.0.2.jar:7.0.2]
	at org.springframework.web.filter.OncePerRequestFilter.doFilter(OncePerRequestFilter.java:116) ~[spring-web-7.0.3.jar:7.0.3]
	at org.springframework.security.web.FilterChainProxy$VirtualFilterChain.doFilter(FilterChainProxy.java:380) ~[spring-security-web-7.0.2.jar:7.0.2]
	at org.springframework.security.web.context.SecurityContextHolderFilter.doFilter(SecurityContextHolderFilter.java:82) ~[spring-security-web-7.0.2.jar:7.0.2]
	at org.springframework.security.web.context.SecurityContextHolderFilter.doFilter(SecurityContextHolderFilter.java:69) ~[spring-security-web-7.0.2.jar:7.0.2]
	at org.springframework.security.web.FilterChainProxy$VirtualFilterChain.doFilter(FilterChainProxy.java:380) ~[spring-security-web-7.0.2.jar:7.0.2]
	at org.springframework.security.web.context.request.async.WebAsyncManagerIntegrationFilter.doFilterInternal(WebAsyncManagerIntegrationFilter.java:62) ~[spring-security-web-7.0.2.jar:7.0.2]
	at org.springframework.web.filter.OncePerRequestFilter.doFilter(OncePerRequestFilter.java:116) ~[spring-web-7.0.3.jar:7.0.3]
	at org.springframework.security.web.FilterChainProxy$VirtualFilterChain.doFilter(FilterChainProxy.java:380) ~[spring-security-web-7.0.2.jar:7.0.2]
	at org.springframework.security.web.session.DisableEncodeUrlFilter.doFilterInternal(DisableEncodeUrlFilter.java:42) ~[spring-security-web-7.0.2.jar:7.0.2]
	at org.springframework.web.filter.OncePerRequestFilter.doFilter(OncePerRequestFilter.java:116) ~[spring-web-7.0.3.jar:7.0.3]
	at org.springframework.security.web.FilterChainProxy$VirtualFilterChain.doFilter(FilterChainProxy.java:380) ~[spring-security-web-7.0.2.jar:7.0.2]
	at org.springframework.security.web.FilterChainProxy.doFilterInternal(FilterChainProxy.java:237) ~[spring-security-web-7.0.2.jar:7.0.2]
	at org.springframework.security.web.FilterChainProxy.doFilter(FilterChainProxy.java:195) ~[spring-security-web-7.0.2.jar:7.0.2]
	at org.springframework.web.filter.CompositeFilter$VirtualFilterChain.doFilter(CompositeFilter.java:113) ~[spring-web-7.0.3.jar:7.0.3]
	at org.springframework.web.filter.ServletRequestPathFilter.doFilter(ServletRequestPathFilter.java:52) ~[spring-web-7.0.3.jar:7.0.3]
	at org.springframework.web.filter.CompositeFilter$VirtualFilterChain.doFilter(CompositeFilter.java:113) ~[spring-web-7.0.3.jar:7.0.3]
	at org.springframework.web.filter.CompositeFilter.doFilter(CompositeFilter.java:74) ~[spring-web-7.0.3.jar:7.0.3]
	at org.springframework.security.config.annotation.web.configuration.WebSecurityConfiguration$CompositeFilterChainProxy.doFilter(WebSecurityConfiguration.java:317) ~[spring-security-config-7.0.2.jar:7.0.2]
	at org.springframework.web.filter.DelegatingFilterProxy.invokeDelegate(DelegatingFilterProxy.java:355) ~[spring-web-7.0.3.jar:7.0.3]
	at org.springframework.web.filter.DelegatingFilterProxy.doFilter(DelegatingFilterProxy.java:272) ~[spring-web-7.0.3.jar:7.0.3]
	at org.apache.catalina.core.ApplicationFilterChain.doFilter(ApplicationFilterChain.java:107) ~[tomcat-embed-core-11.0.15.jar:11.0.15]
	at org.springframework.web.filter.RequestContextFilter.doFilterInternal(RequestContextFilter.java:100) ~[spring-web-7.0.3.jar:7.0.3]
	at org.springframework.web.filter.OncePerRequestFilter.doFilter(OncePerRequestFilter.java:116) ~[spring-web-7.0.3.jar:7.0.3]
	at org.apache.catalina.core.ApplicationFilterChain.doFilter(ApplicationFilterChain.java:107) ~[tomcat-embed-core-11.0.15.jar:11.0.15]
	at org.springframework.web.filter.FormContentFilter.doFilterInternal(FormContentFilter.java:93) ~[spring-web-7.0.3.jar:7.0.3]
	at org.springframework.web.filter.OncePerRequestFilter.doFilter(OncePerRequestFilter.java:116) ~[spring-web-7.0.3.jar:7.0.3]
	at org.apache.catalina.core.ApplicationFilterChain.doFilter(ApplicationFilterChain.java:107) ~[tomcat-embed-core-11.0.15.jar:11.0.15]
	at org.springframework.web.filter.CharacterEncodingFilter.doFilterInternal(CharacterEncodingFilter.java:199) ~[spring-web-7.0.3.jar:7.0.3]
	at org.springframework.web.filter.OncePerRequestFilter.doFilter(OncePerRequestFilter.java:116) ~[spring-web-7.0.3.jar:7.0.3]
	at org.apache.catalina.core.ApplicationFilterChain.doFilter(ApplicationFilterChain.java:107) ~[tomcat-embed-core-11.0.15.jar:11.0.15]
	at org.apache.catalina.core.StandardWrapperValve.invoke(StandardWrapperValve.java:165) ~[tomcat-embed-core-11.0.15.jar:11.0.15]
	at org.apache.catalina.core.StandardContextValve.invoke(StandardContextValve.java:77) ~[tomcat-embed-core-11.0.15.jar:11.0.15]
	at org.apache.catalina.authenticator.AuthenticatorBase.invoke(AuthenticatorBase.java:482) ~[tomcat-embed-core-11.0.15.jar:11.0.15]
	at org.apache.catalina.core.StandardHostValve.invoke(StandardHostValve.java:113) ~[tomcat-embed-core-11.0.15.jar:11.0.15]
	at org.apache.catalina.valves.ErrorReportValve.invoke(ErrorReportValve.java:83) ~[tomcat-embed-core-11.0.15.jar:11.0.15]
	at org.apache.catalina.core.StandardEngineValve.invoke(StandardEngineValve.java:72) ~[tomcat-embed-core-11.0.15.jar:11.0.15]
	at org.apache.catalina.connector.CoyoteAdapter.service(CoyoteAdapter.java:341) ~[tomcat-embed-core-11.0.15.jar:11.0.15]
	at org.apache.coyote.http11.Http11Processor.service(Http11Processor.java:397) ~[tomcat-embed-core-11.0.15.jar:11.0.15]
	at org.apache.coyote.AbstractProcessorLight.process(AbstractProcessorLight.java:63) ~[tomcat-embed-core-11.0.15.jar:11.0.15]
	at org.apache.coyote.AbstractProtocol$ConnectionHandler.process(AbstractProtocol.java:903) ~[tomcat-embed-core-11.0.15.jar:11.0.15]
	at org.apache.tomcat.util.net.NioEndpoint$SocketProcessor.doRun(NioEndpoint.java:1778) ~[tomcat-embed-core-11.0.15.jar:11.0.15]
	at org.apache.tomcat.util.net.SocketProcessorBase.run(SocketProcessorBase.java:52) ~[tomcat-embed-core-11.0.15.jar:11.0.15]
	at org.apache.tomcat.util.threads.ThreadPoolExecutor.runWorker(ThreadPoolExecutor.java:946) ~[tomcat-embed-core-11.0.15.jar:11.0.15]
	at org.apache.tomcat.util.threads.ThreadPoolExecutor$Worker.run(ThreadPoolExecutor.java:480) ~[tomcat-embed-core-11.0.15.jar:11.0.15]
	at org.apache.tomcat.util.threads.TaskThread$WrappingRunnable.run(TaskThread.java:57) ~[tomcat-embed-core-11.0.15.jar:11.0.15]
	at java.base/java.lang.Thread.run(Thread.java:842) ~[na:na]

2026-04-14T10:01:04.134+01:00 DEBUG 11132 --- [User] [nio-8081-exec-4] o.s.security.web.FilterChainProxy        : Securing GET /error
2026-04-14T10:01:04.134+01:00 DEBUG 11132 --- [User] [nio-8081-exec-4] o.s.s.w.a.AnonymousAuthenticationFilter  : Set SecurityContextHolder to anonymous SecurityContext
2026-04-14T10:01:04.134+01:00 DEBUG 11132 --- [User] [nio-8081-exec-4] o.s.security.web.FilterChainProxy        : Secured GET /error
2026-04-14T10:01:04.134+01:00 DEBUG 11132 --- [User] [nio-8081-exec-4] o.s.web.servlet.DispatcherServlet        : "ERROR" dispatch for GET "/error", parameters={}
2026-04-14T10:01:04.134+01:00 DEBUG 11132 --- [User] [nio-8081-exec-4] s.w.s.m.m.a.RequestMappingHandlerMapping : Mapped to org.springframework.boot.webmvc.autoconfigure.error.BasicErrorController#error(HttpServletRequest)
2026-04-14T10:01:04.136+01:00 DEBUG 11132 --- [User] [nio-8081-exec-4] o.s.w.s.m.m.a.HttpEntityMethodProcessor  : Using 'application/json', given [application/json, text/plain, */*] and supported [application/json, application/*+json]
2026-04-14T10:01:04.136+01:00 DEBUG 11132 --- [User] [nio-8081-exec-4] o.s.w.s.m.m.a.HttpEntityMethodProcessor  : Writing [{timestamp=Tue Apr 14 10:01:04 CET 2026, status=500, error=Internal Server Error, trace=io.jsonwebto (truncated)...]
2026-04-14T10:01:04.138+01:00 DEBUG 11132 --- [User] [nio-8081-exec-4] o.s.web.servlet.DispatcherServlet        : Exiting from "ERROR" dispatch, status 500
2026-04-14T10:01:13.863+01:00 DEBUG 11132 --- [User] [reshExecutor-%d] o.s.web.client.DefaultRestClient         : Reading to [com.netflix.discovery.shared.Applications]
2026-04-14T10:01:18.034+01:00  INFO 11132 --- [User] [rap-executor-%d] c.n.d.s.r.aws.ConfigClusterResolver      : Resolving eureka endpoints via configuration
2026-04-14T10:01:43.895+01:00 DEBUG 11132 --- [User] [reshExecutor-%d] o.s.web.client.DefaultRestClient         : Reading to [com.netflix.discovery.shared.Applications]
2026-04-14T10:02:13.921+01:00 DEBUG 11132 --- [User] [reshExecutor-%d] o.s.web.client.DefaultRestClient         : Reading to [com.netflix.discovery.shared.Applications]
2026-04-14T10:02:43.946+01:00 DEBUG 11132 --- [User] [reshExecutor-%d] o.s.web.client.DefaultRestClient         : Reading to [com.netflix.discovery.shared.Applications]
2026-04-14T10:03:13.965+01:00 DEBUG 11132 --- [User] [reshExecutor-%d] o.s.web.client.DefaultRestClient         : Reading to [com.netflix.discovery.shared.Applications]
2026-04-14T10:03:43.996+01:00 DEBUG 11132 --- [User] [reshExecutor-%d] o.s.web.client.DefaultRestClient         : Reading to [com.netflix.discovery.shared.Applications]
2026-04-14T10:04:14.021+01:00 DEBUG 11132 --- [User] [reshExecutor-%d] o.s.web.client.DefaultRestClient         : Reading to [com.netflix.discovery.shared.Applications]
2026-04-14T10:04:44.044+01:00 DEBUG 11132 --- [User] [reshExecutor-%d] o.s.web.client.DefaultRestClient         : Reading to [com.netflix.discovery.shared.Applications]
2026-04-14T10:05:14.071+01:00 DEBUG 11132 --- [User] [reshExecutor-%d] o.s.web.client.DefaultRestClient         : Reading to [com.netflix.discovery.shared.Applications]
2026-04-14T10:05:44.104+01:00 DEBUG 11132 --- [User] [reshExecutor-%d] o.s.web.client.DefaultRestClient         : Reading to [com.netflix.discovery.shared.Applications]
2026-04-14T10:05:54.142+01:00 DEBUG 11132 --- [User] [nio-8081-exec-5] o.s.security.web.FilterChainProxy        : Securing GET /api/users/students
2026-04-14T10:05:54.144+01:00 ERROR 11132 --- [User] [nio-8081-exec-5] o.a.c.c.C.[.[.[/].[dispatcherServlet]    : Servlet.service() for servlet [dispatcherServlet] in context with path [] threw exception

io.jsonwebtoken.ExpiredJwtException: JWT expired at 2026-04-14T08:44:14Z. Current time: 2026-04-14T09:05:54Z, a difference of 1300144 milliseconds.  Allowed clock skew: 0 milliseconds.
	at io.jsonwebtoken.impl.DefaultJwtParser.parse(DefaultJwtParser.java:427) ~[jjwt-impl-0.11.5.jar:0.11.5]
	at io.jsonwebtoken.impl.DefaultJwtParser.parse(DefaultJwtParser.java:529) ~[jjwt-impl-0.11.5.jar:0.11.5]
	at io.jsonwebtoken.impl.DefaultJwtParser.parseClaimsJws(DefaultJwtParser.java:589) ~[jjwt-impl-0.11.5.jar:0.11.5]
	at io.jsonwebtoken.impl.ImmutableJwtParser.parseClaimsJws(ImmutableJwtParser.java:173) ~[jjwt-impl-0.11.5.jar:0.11.5]
	at tn.spring.user.Services.JwtService.extractallClaims(JwtService.java:115) ~[classes/:na]
	at tn.spring.user.Services.JwtService.extractClaim(JwtService.java:119) ~[classes/:na]
	at tn.spring.user.Services.JwtService.extractUsername(JwtService.java:35) ~[classes/:na]
	at tn.spring.user.Filters.JwtAuthenticationFilter.doFilterInternal(JwtAuthenticationFilter.java:59) ~[classes/:na]
	at org.springframework.web.filter.OncePerRequestFilter.doFilter(OncePerRequestFilter.java:116) ~[spring-web-7.0.3.jar:7.0.3]
	at org.springframework.security.web.FilterChainProxy$VirtualFilterChain.doFilter(FilterChainProxy.java:380) ~[spring-security-web-7.0.2.jar:7.0.2]
	at org.springframework.security.web.authentication.logout.LogoutFilter.doFilter(LogoutFilter.java:110) ~[spring-security-web-7.0.2.jar:7.0.2]
	at org.springframework.security.web.authentication.logout.LogoutFilter.doFilter(LogoutFilter.java:96) ~[spring-security-web-7.0.2.jar:7.0.2]
	at org.springframework.security.web.FilterChainProxy$VirtualFilterChain.doFilter(FilterChainProxy.java:380) ~[spring-security-web-7.0.2.jar:7.0.2]
	at org.springframework.security.web.header.HeaderWriterFilter.doHeadersAfter(HeaderWriterFilter.java:90) ~[spring-security-web-7.0.2.jar:7.0.2]
	at org.springframework.security.web.header.HeaderWriterFilter.doFilterInternal(HeaderWriterFilter.java:75) ~[spring-security-web-7.0.2.jar:7.0.2]
	at org.springframework.web.filter.OncePerRequestFilter.doFilter(OncePerRequestFilter.java:116) ~[spring-web-7.0.3.jar:7.0.3]
	at org.springframework.security.web.FilterChainProxy$VirtualFilterChain.doFilter(FilterChainProxy.java:380) ~[spring-security-web-7.0.2.jar:7.0.2]
	at org.springframework.security.web.context.SecurityContextHolderFilter.doFilter(SecurityContextHolderFilter.java:82) ~[spring-security-web-7.0.2.jar:7.0.2]
	at org.springframework.security.web.context.SecurityContextHolderFilter.doFilter(SecurityContextHolderFilter.java:69) ~[spring-security-web-7.0.2.jar:7.0.2]
	at org.springframework.security.web.FilterChainProxy$VirtualFilterChain.doFilter(FilterChainProxy.java:380) ~[spring-security-web-7.0.2.jar:7.0.2]
	at org.springframework.security.web.context.request.async.WebAsyncManagerIntegrationFilter.doFilterInternal(WebAsyncManagerIntegrationFilter.java:62) ~[spring-security-web-7.0.2.jar:7.0.2]
	at org.springframework.web.filter.OncePerRequestFilter.doFilter(OncePerRequestFilter.java:116) ~[spring-web-7.0.3.jar:7.0.3]
	at org.springframework.security.web.FilterChainProxy$VirtualFilterChain.doFilter(FilterChainProxy.java:380) ~[spring-security-web-7.0.2.jar:7.0.2]
	at org.springframework.security.web.session.DisableEncodeUrlFilter.doFilterInternal(DisableEncodeUrlFilter.java:42) ~[spring-security-web-7.0.2.jar:7.0.2]
	at org.springframework.web.filter.OncePerRequestFilter.doFilter(OncePerRequestFilter.java:116) ~[spring-web-7.0.3.jar:7.0.3]
	at org.springframework.security.web.FilterChainProxy$VirtualFilterChain.doFilter(FilterChainProxy.java:380) ~[spring-security-web-7.0.2.jar:7.0.2]
	at org.springframework.security.web.FilterChainProxy.doFilterInternal(FilterChainProxy.java:237) ~[spring-security-web-7.0.2.jar:7.0.2]
	at org.springframework.security.web.FilterChainProxy.doFilter(FilterChainProxy.java:195) ~[spring-security-web-7.0.2.jar:7.0.2]
	at org.springframework.web.filter.CompositeFilter$VirtualFilterChain.doFilter(CompositeFilter.java:113) ~[spring-web-7.0.3.jar:7.0.3]
	at org.springframework.web.filter.ServletRequestPathFilter.doFilter(ServletRequestPathFilter.java:52) ~[spring-web-7.0.3.jar:7.0.3]
	at org.springframework.web.filter.CompositeFilter$VirtualFilterChain.doFilter(CompositeFilter.java:113) ~[spring-web-7.0.3.jar:7.0.3]
	at org.springframework.web.filter.CompositeFilter.doFilter(CompositeFilter.java:74) ~[spring-web-7.0.3.jar:7.0.3]
	at org.springframework.security.config.annotation.web.configuration.WebSecurityConfiguration$CompositeFilterChainProxy.doFilter(WebSecurityConfiguration.java:317) ~[spring-security-config-7.0.2.jar:7.0.2]
	at org.springframework.web.filter.DelegatingFilterProxy.invokeDelegate(DelegatingFilterProxy.java:355) ~[spring-web-7.0.3.jar:7.0.3]
	at org.springframework.web.filter.DelegatingFilterProxy.doFilter(DelegatingFilterProxy.java:272) ~[spring-web-7.0.3.jar:7.0.3]
	at org.apache.catalina.core.ApplicationFilterChain.doFilter(ApplicationFilterChain.java:107) ~[tomcat-embed-core-11.0.15.jar:11.0.15]
	at org.springframework.web.filter.RequestContextFilter.doFilterInternal(RequestContextFilter.java:100) ~[spring-web-7.0.3.jar:7.0.3]
	at org.springframework.web.filter.OncePerRequestFilter.doFilter(OncePerRequestFilter.java:116) ~[spring-web-7.0.3.jar:7.0.3]
	at org.apache.catalina.core.ApplicationFilterChain.doFilter(ApplicationFilterChain.java:107) ~[tomcat-embed-core-11.0.15.jar:11.0.15]
	at org.springframework.web.filter.FormContentFilter.doFilterInternal(FormContentFilter.java:93) ~[spring-web-7.0.3.jar:7.0.3]
	at org.springframework.web.filter.OncePerRequestFilter.doFilter(OncePerRequestFilter.java:116) ~[spring-web-7.0.3.jar:7.0.3]
	at org.apache.catalina.core.ApplicationFilterChain.doFilter(ApplicationFilterChain.java:107) ~[tomcat-embed-core-11.0.15.jar:11.0.15]
	at org.springframework.web.filter.CharacterEncodingFilter.doFilterInternal(CharacterEncodingFilter.java:199) ~[spring-web-7.0.3.jar:7.0.3]
	at org.springframework.web.filter.OncePerRequestFilter.doFilter(OncePerRequestFilter.java:116) ~[spring-web-7.0.3.jar:7.0.3]
	at org.apache.catalina.core.ApplicationFilterChain.doFilter(ApplicationFilterChain.java:107) ~[tomcat-embed-core-11.0.15.jar:11.0.15]
	at org.apache.catalina.core.StandardWrapperValve.invoke(StandardWrapperValve.java:165) ~[tomcat-embed-core-11.0.15.jar:11.0.15]
	at org.apache.catalina.core.StandardContextValve.invoke(StandardContextValve.java:77) ~[tomcat-embed-core-11.0.15.jar:11.0.15]
	at org.apache.catalina.authenticator.AuthenticatorBase.invoke(AuthenticatorBase.java:482) ~[tomcat-embed-core-11.0.15.jar:11.0.15]
	at org.apache.catalina.core.StandardHostValve.invoke(StandardHostValve.java:113) ~[tomcat-embed-core-11.0.15.jar:11.0.15]
	at org.apache.catalina.valves.ErrorReportValve.invoke(ErrorReportValve.java:83) ~[tomcat-embed-core-11.0.15.jar:11.0.15]
	at org.apache.catalina.core.StandardEngineValve.invoke(StandardEngineValve.java:72) ~[tomcat-embed-core-11.0.15.jar:11.0.15]
	at org.apache.catalina.connector.CoyoteAdapter.service(CoyoteAdapter.java:341) ~[tomcat-embed-core-11.0.15.jar:11.0.15]
	at org.apache.coyote.http11.Http11Processor.service(Http11Processor.java:397) ~[tomcat-embed-core-11.0.15.jar:11.0.15]
	at org.apache.coyote.AbstractProcessorLight.process(AbstractProcessorLight.java:63) ~[tomcat-embed-core-11.0.15.jar:11.0.15]
	at org.apache.coyote.AbstractProtocol$ConnectionHandler.process(AbstractProtocol.java:903) ~[tomcat-embed-core-11.0.15.jar:11.0.15]
	at org.apache.tomcat.util.net.NioEndpoint$SocketProcessor.doRun(NioEndpoint.java:1778) ~[tomcat-embed-core-11.0.15.jar:11.0.15]
	at org.apache.tomcat.util.net.SocketProcessorBase.run(SocketProcessorBase.java:52) ~[tomcat-embed-core-11.0.15.jar:11.0.15]
	at org.apache.tomcat.util.threads.ThreadPoolExecutor.runWorker(ThreadPoolExecutor.java:946) ~[tomcat-embed-core-11.0.15.jar:11.0.15]
	at org.apache.tomcat.util.threads.ThreadPoolExecutor$Worker.run(ThreadPoolExecutor.java:480) ~[tomcat-embed-core-11.0.15.jar:11.0.15]
	at org.apache.tomcat.util.threads.TaskThread$WrappingRunnable.run(TaskThread.java:57) ~[tomcat-embed-core-11.0.15.jar:11.0.15]
	at java.base/java.lang.Thread.run(Thread.java:842) ~[na:na]

2026-04-14T10:05:54.145+01:00 DEBUG 11132 --- [User] [nio-8081-exec-5] o.s.security.web.FilterChainProxy        : Securing GET /error
2026-04-14T10:05:54.145+01:00 DEBUG 11132 --- [User] [nio-8081-exec-5] o.s.s.w.a.AnonymousAuthenticationFilter  : Set SecurityContextHolder to anonymous SecurityContext
2026-04-14T10:05:54.145+01:00 DEBUG 11132 --- [User] [nio-8081-exec-5] o.s.security.web.FilterChainProxy        : Secured GET /error
2026-04-14T10:05:54.145+01:00 DEBUG 11132 --- [User] [nio-8081-exec-5] o.s.web.servlet.DispatcherServlet        : "ERROR" dispatch for GET "/error", parameters={}
2026-04-14T10:05:54.145+01:00 DEBUG 11132 --- [User] [nio-8081-exec-5] s.w.s.m.m.a.RequestMappingHandlerMapping : Mapped to org.springframework.boot.webmvc.autoconfigure.error.BasicErrorController#error(HttpServletRequest)
2026-04-14T10:05:54.147+01:00 DEBUG 11132 --- [User] [nio-8081-exec-5] o.s.w.s.m.m.a.HttpEntityMethodProcessor  : Using 'application/json', given [application/json, text/plain, */*] and supported [application/json, application/*+json]
2026-04-14T10:05:54.147+01:00 DEBUG 11132 --- [User] [nio-8081-exec-5] o.s.w.s.m.m.a.HttpEntityMethodProcessor  : Writing [{timestamp=Tue Apr 14 10:05:54 CET 2026, status=500, error=Internal Server Error, trace=io.jsonwebto (truncated)...]
2026-04-14T10:05:54.148+01:00 DEBUG 11132 --- [User] [nio-8081-exec-5] o.s.web.servlet.DispatcherServlet        : Exiting from "ERROR" dispatch, status 500
2026-04-14T10:05:56.115+01:00 DEBUG 11132 --- [User] [nio-8081-exec-6] o.s.security.web.FilterChainProxy        : Securing GET /api/users/students
2026-04-14T10:05:56.116+01:00 ERROR 11132 --- [User] [nio-8081-exec-6] o.a.c.c.C.[.[.[/].[dispatcherServlet]    : Servlet.service() for servlet [dispatcherServlet] in context with path [] threw exception

io.jsonwebtoken.ExpiredJwtException: JWT expired at 2026-04-14T08:44:14Z. Current time: 2026-04-14T09:05:56Z, a difference of 1302116 milliseconds.  Allowed clock skew: 0 milliseconds.
	at io.jsonwebtoken.impl.DefaultJwtParser.parse(DefaultJwtParser.java:427) ~[jjwt-impl-0.11.5.jar:0.11.5]
	at io.jsonwebtoken.impl.DefaultJwtParser.parse(DefaultJwtParser.java:529) ~[jjwt-impl-0.11.5.jar:0.11.5]
	at io.jsonwebtoken.impl.DefaultJwtParser.parseClaimsJws(DefaultJwtParser.java:589) ~[jjwt-impl-0.11.5.jar:0.11.5]
	at io.jsonwebtoken.impl.ImmutableJwtParser.parseClaimsJws(ImmutableJwtParser.java:173) ~[jjwt-impl-0.11.5.jar:0.11.5]
	at tn.spring.user.Services.JwtService.extractallClaims(JwtService.java:115) ~[classes/:na]
	at tn.spring.user.Services.JwtService.extractClaim(JwtService.java:119) ~[classes/:na]
	at tn.spring.user.Services.JwtService.extractUsername(JwtService.java:35) ~[classes/:na]
	at tn.spring.user.Filters.JwtAuthenticationFilter.doFilterInternal(JwtAuthenticationFilter.java:59) ~[classes/:na]
	at org.springframework.web.filter.OncePerRequestFilter.doFilter(OncePerRequestFilter.java:116) ~[spring-web-7.0.3.jar:7.0.3]
	at org.springframework.security.web.FilterChainProxy$VirtualFilterChain.doFilter(FilterChainProxy.java:380) ~[spring-security-web-7.0.2.jar:7.0.2]
	at org.springframework.security.web.authentication.logout.LogoutFilter.doFilter(LogoutFilter.java:110) ~[spring-security-web-7.0.2.jar:7.0.2]
	at org.springframework.security.web.authentication.logout.LogoutFilter.doFilter(LogoutFilter.java:96) ~[spring-security-web-7.0.2.jar:7.0.2]
	at org.springframework.security.web.FilterChainProxy$VirtualFilterChain.doFilter(FilterChainProxy.java:380) ~[spring-security-web-7.0.2.jar:7.0.2]
	at org.springframework.security.web.header.HeaderWriterFilter.doHeadersAfter(HeaderWriterFilter.java:90) ~[spring-security-web-7.0.2.jar:7.0.2]
	at org.springframework.security.web.header.HeaderWriterFilter.doFilterInternal(HeaderWriterFilter.java:75) ~[spring-security-web-7.0.2.jar:7.0.2]
	at org.springframework.web.filter.OncePerRequestFilter.doFilter(OncePerRequestFilter.java:116) ~[spring-web-7.0.3.jar:7.0.3]
	at org.springframework.security.web.FilterChainProxy$VirtualFilterChain.doFilter(FilterChainProxy.java:380) ~[spring-security-web-7.0.2.jar:7.0.2]
	at org.springframework.security.web.context.SecurityContextHolderFilter.doFilter(SecurityContextHolderFilter.java:82) ~[spring-security-web-7.0.2.jar:7.0.2]
	at org.springframework.security.web.context.SecurityContextHolderFilter.doFilter(SecurityContextHolderFilter.java:69) ~[spring-security-web-7.0.2.jar:7.0.2]
	at org.springframework.security.web.FilterChainProxy$VirtualFilterChain.doFilter(FilterChainProxy.java:380) ~[spring-security-web-7.0.2.jar:7.0.2]
	at org.springframework.security.web.context.request.async.WebAsyncManagerIntegrationFilter.doFilterInternal(WebAsyncManagerIntegrationFilter.java:62) ~[spring-security-web-7.0.2.jar:7.0.2]
	at org.springframework.web.filter.OncePerRequestFilter.doFilter(OncePerRequestFilter.java:116) ~[spring-web-7.0.3.jar:7.0.3]
	at org.springframework.security.web.FilterChainProxy$VirtualFilterChain.doFilter(FilterChainProxy.java:380) ~[spring-security-web-7.0.2.jar:7.0.2]
	at org.springframework.security.web.session.DisableEncodeUrlFilter.doFilterInternal(DisableEncodeUrlFilter.java:42) ~[spring-security-web-7.0.2.jar:7.0.2]
	at org.springframework.web.filter.OncePerRequestFilter.doFilter(OncePerRequestFilter.java:116) ~[spring-web-7.0.3.jar:7.0.3]
	at org.springframework.security.web.FilterChainProxy$VirtualFilterChain.doFilter(FilterChainProxy.java:380) ~[spring-security-web-7.0.2.jar:7.0.2]
	at org.springframework.security.web.FilterChainProxy.doFilterInternal(FilterChainProxy.java:237) ~[spring-security-web-7.0.2.jar:7.0.2]
	at org.springframework.security.web.FilterChainProxy.doFilter(FilterChainProxy.java:195) ~[spring-security-web-7.0.2.jar:7.0.2]
	at org.springframework.web.filter.CompositeFilter$VirtualFilterChain.doFilter(CompositeFilter.java:113) ~[spring-web-7.0.3.jar:7.0.3]
	at org.springframework.web.filter.ServletRequestPathFilter.doFilter(ServletRequestPathFilter.java:52) ~[spring-web-7.0.3.jar:7.0.3]
	at org.springframework.web.filter.CompositeFilter$VirtualFilterChain.doFilter(CompositeFilter.java:113) ~[spring-web-7.0.3.jar:7.0.3]
	at org.springframework.web.filter.CompositeFilter.doFilter(CompositeFilter.java:74) ~[spring-web-7.0.3.jar:7.0.3]
	at org.springframework.security.config.annotation.web.configuration.WebSecurityConfiguration$CompositeFilterChainProxy.doFilter(WebSecurityConfiguration.java:317) ~[spring-security-config-7.0.2.jar:7.0.2]
	at org.springframework.web.filter.DelegatingFilterProxy.invokeDelegate(DelegatingFilterProxy.java:355) ~[spring-web-7.0.3.jar:7.0.3]
	at org.springframework.web.filter.DelegatingFilterProxy.doFilter(DelegatingFilterProxy.java:272) ~[spring-web-7.0.3.jar:7.0.3]
	at org.apache.catalina.core.ApplicationFilterChain.doFilter(ApplicationFilterChain.java:107) ~[tomcat-embed-core-11.0.15.jar:11.0.15]
	at org.springframework.web.filter.RequestContextFilter.doFilterInternal(RequestContextFilter.java:100) ~[spring-web-7.0.3.jar:7.0.3]
	at org.springframework.web.filter.OncePerRequestFilter.doFilter(OncePerRequestFilter.java:116) ~[spring-web-7.0.3.jar:7.0.3]
	at org.apache.catalina.core.ApplicationFilterChain.doFilter(ApplicationFilterChain.java:107) ~[tomcat-embed-core-11.0.15.jar:11.0.15]
	at org.springframework.web.filter.FormContentFilter.doFilterInternal(FormContentFilter.java:93) ~[spring-web-7.0.3.jar:7.0.3]
	at org.springframework.web.filter.OncePerRequestFilter.doFilter(OncePerRequestFilter.java:116) ~[spring-web-7.0.3.jar:7.0.3]
	at org.apache.catalina.core.ApplicationFilterChain.doFilter(ApplicationFilterChain.java:107) ~[tomcat-embed-core-11.0.15.jar:11.0.15]
	at org.springframework.web.filter.CharacterEncodingFilter.doFilterInternal(CharacterEncodingFilter.java:199) ~[spring-web-7.0.3.jar:7.0.3]
	at org.springframework.web.filter.OncePerRequestFilter.doFilter(OncePerRequestFilter.java:116) ~[spring-web-7.0.3.jar:7.0.3]
	at org.apache.catalina.core.ApplicationFilterChain.doFilter(ApplicationFilterChain.java:107) ~[tomcat-embed-core-11.0.15.jar:11.0.15]
	at org.apache.catalina.core.StandardWrapperValve.invoke(StandardWrapperValve.java:165) ~[tomcat-embed-core-11.0.15.jar:11.0.15]
	at org.apache.catalina.core.StandardContextValve.invoke(StandardContextValve.java:77) ~[tomcat-embed-core-11.0.15.jar:11.0.15]
	at org.apache.catalina.authenticator.AuthenticatorBase.invoke(AuthenticatorBase.java:482) ~[tomcat-embed-core-11.0.15.jar:11.0.15]
	at org.apache.catalina.core.StandardHostValve.invoke(StandardHostValve.java:113) ~[tomcat-embed-core-11.0.15.jar:11.0.15]
	at org.apache.catalina.valves.ErrorReportValve.invoke(ErrorReportValve.java:83) ~[tomcat-embed-core-11.0.15.jar:11.0.15]
	at org.apache.catalina.core.StandardEngineValve.invoke(StandardEngineValve.java:72) ~[tomcat-embed-core-11.0.15.jar:11.0.15]
	at org.apache.catalina.connector.CoyoteAdapter.service(CoyoteAdapter.java:341) ~[tomcat-embed-core-11.0.15.jar:11.0.15]
	at org.apache.coyote.http11.Http11Processor.service(Http11Processor.java:397) ~[tomcat-embed-core-11.0.15.jar:11.0.15]
	at org.apache.coyote.AbstractProcessorLight.process(AbstractProcessorLight.java:63) ~[tomcat-embed-core-11.0.15.jar:11.0.15]
	at org.apache.coyote.AbstractProtocol$ConnectionHandler.process(AbstractProtocol.java:903) ~[tomcat-embed-core-11.0.15.jar:11.0.15]
	at org.apache.tomcat.util.net.NioEndpoint$SocketProcessor.doRun(NioEndpoint.java:1778) ~[tomcat-embed-core-11.0.15.jar:11.0.15]
	at org.apache.tomcat.util.net.SocketProcessorBase.run(SocketProcessorBase.java:52) ~[tomcat-embed-core-11.0.15.jar:11.0.15]
	at org.apache.tomcat.util.threads.ThreadPoolExecutor.runWorker(ThreadPoolExecutor.java:946) ~[tomcat-embed-core-11.0.15.jar:11.0.15]
	at org.apache.tomcat.util.threads.ThreadPoolExecutor$Worker.run(ThreadPoolExecutor.java:480) ~[tomcat-embed-core-11.0.15.jar:11.0.15]
	at org.apache.tomcat.util.threads.TaskThread$WrappingRunnable.run(TaskThread.java:57) ~[tomcat-embed-core-11.0.15.jar:11.0.15]
	at java.base/java.lang.Thread.run(Thread.java:842) ~[na:na]

2026-04-14T10:05:56.117+01:00 DEBUG 11132 --- [User] [nio-8081-exec-6] o.s.security.web.FilterChainProxy        : Securing GET /error
2026-04-14T10:05:56.117+01:00 DEBUG 11132 --- [User] [nio-8081-exec-6] o.s.s.w.a.AnonymousAuthenticationFilter  : Set SecurityContextHolder to anonymous SecurityContext
2026-04-14T10:05:56.117+01:00 DEBUG 11132 --- [User] [nio-8081-exec-6] o.s.security.web.FilterChainProxy        : Secured GET /error
2026-04-14T10:05:56.117+01:00 DEBUG 11132 --- [User] [nio-8081-exec-6] o.s.web.servlet.DispatcherServlet        : "ERROR" dispatch for GET "/error", parameters={}
2026-04-14T10:05:56.117+01:00 DEBUG 11132 --- [User] [nio-8081-exec-6] s.w.s.m.m.a.RequestMappingHandlerMapping : Mapped to org.springframework.boot.webmvc.autoconfigure.error.BasicErrorController#error(HttpServletRequest)
2026-04-14T10:05:56.118+01:00 DEBUG 11132 --- [User] [nio-8081-exec-6] o.s.w.s.m.m.a.HttpEntityMethodProcessor  : Using 'application/json', given [application/json, text/plain, */*] and supported [application/json, application/*+json]
2026-04-14T10:05:56.118+01:00 DEBUG 11132 --- [User] [nio-8081-exec-6] o.s.w.s.m.m.a.HttpEntityMethodProcessor  : Writing [{timestamp=Tue Apr 14 10:05:56 CET 2026, status=500, error=Internal Server Error, trace=io.jsonwebto (truncated)...]
2026-04-14T10:05:56.118+01:00 DEBUG 11132 --- [User] [nio-8081-exec-6] o.s.web.servlet.DispatcherServlet        : Exiting from "ERROR" dispatch, status 500
2026-04-14T10:06:14.135+01:00 DEBUG 11132 --- [User] [reshExecutor-%d] o.s.web.client.DefaultRestClient         : Reading to [com.netflix.discovery.shared.Applications]
2026-04-14T10:06:18.047+01:00  INFO 11132 --- [User] [rap-executor-%d] c.n.d.s.r.aws.ConfigClusterResolver      : Resolving eureka endpoints via configuration
2026-04-14T10:06:44.155+01:00 DEBUG 11132 --- [User] [reshExecutor-%d] o.s.web.client.DefaultRestClient         : Reading to [com.netflix.discovery.shared.Applications]
2026-04-14T10:07:14.178+01:00 DEBUG 11132 --- [User] [reshExecutor-%d] o.s.web.client.DefaultRestClient         : Reading to [com.netflix.discovery.shared.Applications]
2026-04-14T10:07:44.201+01:00 DEBUG 11132 --- [User] [reshExecutor-%d] o.s.web.client.DefaultRestClient         : Reading to [com.netflix.discovery.shared.Applications]
2026-04-14T10:08:14.224+01:00 DEBUG 11132 --- [User] [reshExecutor-%d] o.s.web.client.DefaultRestClient         : Reading to [com.netflix.discovery.shared.Applications]
2026-04-14T10:08:44.242+01:00 DEBUG 11132 --- [User] [reshExecutor-%d] o.s.web.client.DefaultRestClient         : Reading to [com.netflix.discovery.shared.Applications]
2026-04-14T10:09:14.267+01:00 DEBUG 11132 --- [User] [reshExecutor-%d] o.s.web.client.DefaultRestClient         : Reading to [com.netflix.discovery.shared.Applications]
2026-04-14T10:09:44.291+01:00 DEBUG 11132 --- [User] [reshExecutor-%d] o.s.web.client.DefaultRestClient         : Reading to [com.netflix.discovery.shared.Applications]
2026-04-14T10:09:54.290+01:00 DEBUG 11132 --- [User] [nio-8081-exec-7] o.s.security.web.FilterChainProxy        : Securing POST /api/auth/login
2026-04-14T10:09:54.290+01:00 DEBUG 11132 --- [User] [nio-8081-exec-7] o.s.s.w.a.AnonymousAuthenticationFilter  : Set SecurityContextHolder to anonymous SecurityContext
2026-04-14T10:09:54.290+01:00 DEBUG 11132 --- [User] [nio-8081-exec-7] o.s.security.web.FilterChainProxy        : Secured POST /api/auth/login
2026-04-14T10:09:54.290+01:00 DEBUG 11132 --- [User] [nio-8081-exec-7] o.s.web.servlet.DispatcherServlet        : POST "/api/auth/login", parameters={}
2026-04-14T10:09:54.290+01:00 DEBUG 11132 --- [User] [nio-8081-exec-7] s.w.s.m.m.a.RequestMappingHandlerMapping : Mapped to tn.spring.user.Controllers.AuthController#login(AuthenticationRequest, HttpServletResponse, HttpServletRequest)
2026-04-14T10:09:54.291+01:00 DEBUG 11132 --- [User] [nio-8081-exec-7] m.m.a.RequestResponseBodyMethodProcessor : Read "application/json;charset=UTF-8" to [AuthenticationRequest(rememberMe=false, login=TU1@gmail.com, password=NOUR0000)]
2026-04-14T10:09:54.370+01:00 DEBUG 11132 --- [User] [nio-8081-exec-7] o.s.s.a.dao.DaoAuthenticationProvider    : Authenticated user
2026-04-14T10:09:54.372+01:00 DEBUG 11132 --- [User] [nio-8081-exec-7] o.s.w.s.m.m.a.HttpEntityMethodProcessor  : Using 'application/json', given [application/json, text/plain, */*] and supported [application/json, application/*+json]
2026-04-14T10:09:54.372+01:00 DEBUG 11132 --- [User] [nio-8081-exec-7] o.s.w.s.m.m.a.HttpEntityMethodProcessor  : Writing [AuthenticationResponse(token=eyJhbGciOiJIUzI1NiJ9.eyJyb2xlIjoiVFVUT1IiLCJzdWIiOiJUVTFAZ21haWwuY29tIi (truncated)...]
2026-04-14T10:09:54.373+01:00 DEBUG 11132 --- [User] [nio-8081-exec-7] o.s.web.servlet.DispatcherServlet        : Completed 200 OK
2026-04-14T10:09:54.390+01:00 DEBUG 11132 --- [User] [nio-8081-exec-8] o.s.security.web.FilterChainProxy        : Securing GET /api/users/students
2026-04-14T10:09:54.398+01:00 DEBUG 11132 --- [User] [nio-8081-exec-8] o.s.security.web.FilterChainProxy        : Secured GET /api/users/students
2026-04-14T10:09:54.398+01:00 DEBUG 11132 --- [User] [nio-8081-exec-8] o.s.web.servlet.DispatcherServlet        : GET "/api/users/students", parameters={}
2026-04-14T10:09:54.398+01:00 DEBUG 11132 --- [User] [nio-8081-exec-8] s.w.s.m.m.a.RequestMappingHandlerMapping : Mapped to tn.spring.user.Controllers.UserController#getAllstudents()
2026-04-14T10:09:54.399+01:00 DEBUG 11132 --- [User] [nio-8081-exec-8] horizationManagerBeforeMethodInterceptor : Authorizing method invocation ReflectiveMethodInvocation: public org.springframework.http.ResponseEntity tn.spring.user.Controllers.UserController.getAllstudents(); target is of class [tn.spring.user.Controllers.UserController]
2026-04-14T10:09:54.399+01:00 DEBUG 11132 --- [User] [nio-8081-exec-8] horizationManagerBeforeMethodInterceptor : Authorized method invocation ReflectiveMethodInvocation: public org.springframework.http.ResponseEntity tn.spring.user.Controllers.UserController.getAllstudents(); target is of class [tn.spring.user.Controllers.UserController]
2026-04-14T10:09:54.404+01:00 DEBUG 11132 --- [User] [nio-8081-exec-8] o.s.w.s.m.m.a.HttpEntityMethodProcessor  : Using 'application/json', given [application/json, text/plain, */*] and supported [application/json, application/*+json]
2026-04-14T10:09:54.404+01:00 DEBUG 11132 --- [User] [nio-8081-exec-8] o.s.w.s.m.m.a.HttpEntityMethodProcessor  : Writing [[Student(englishLevel=A1, learningGoal=General, dailyGoalMinutes=0), Student(englishLevel=A1, learni (truncated)...]
2026-04-14T10:09:54.405+01:00 DEBUG 11132 --- [User] [nio-8081-exec-8] o.s.web.servlet.DispatcherServlet        : Completed 200 OK
2026-04-14T10:09:58.515+01:00 DEBUG 11132 --- [User] [nio-8081-exec-9] o.s.security.web.FilterChainProxy        : Securing POST /api/auth/login
2026-04-14T10:09:58.516+01:00 DEBUG 11132 --- [User] [nio-8081-exec-9] o.s.s.w.a.AnonymousAuthenticationFilter  : Set SecurityContextHolder to anonymous SecurityContext
2026-04-14T10:09:58.516+01:00 DEBUG 11132 --- [User] [nio-8081-exec-9] o.s.security.web.FilterChainProxy        : Secured POST /api/auth/login
2026-04-14T10:09:58.516+01:00 DEBUG 11132 --- [User] [nio-8081-exec-9] o.s.web.servlet.DispatcherServlet        : POST "/api/auth/login", parameters={}
2026-04-14T10:09:58.516+01:00 DEBUG 11132 --- [User] [nio-8081-exec-9] s.w.s.m.m.a.RequestMappingHandlerMapping : Mapped to tn.spring.user.Controllers.AuthController#login(AuthenticationRequest, HttpServletResponse, HttpServletRequest)
2026-04-14T10:09:58.517+01:00 DEBUG 11132 --- [User] [nio-8081-exec-9] m.m.a.RequestResponseBodyMethodProcessor : Read "application/json;charset=UTF-8" to [AuthenticationRequest(rememberMe=false, login=TU1@gmail.com, password=NOUR0000)]
2026-04-14T10:09:58.595+01:00 DEBUG 11132 --- [User] [nio-8081-exec-9] o.s.s.a.dao.DaoAuthenticationProvider    : Authenticated user
2026-04-14T10:09:58.597+01:00 DEBUG 11132 --- [User] [nio-8081-exec-9] o.s.w.s.m.m.a.HttpEntityMethodProcessor  : Using 'application/json', given [application/json, text/plain, */*] and supported [application/json, application/*+json]
2026-04-14T10:09:58.597+01:00 DEBUG 11132 --- [User] [nio-8081-exec-9] o.s.w.s.m.m.a.HttpEntityMethodProcessor  : Writing [AuthenticationResponse(token=eyJhbGciOiJIUzI1NiJ9.eyJyb2xlIjoiVFVUT1IiLCJzdWIiOiJUVTFAZ21haWwuY29tIi (truncated)...]
2026-04-14T10:09:58.597+01:00 DEBUG 11132 --- [User] [nio-8081-exec-9] o.s.web.servlet.DispatcherServlet        : Completed 200 OK
2026-04-14T10:09:58.613+01:00 DEBUG 11132 --- [User] [io-8081-exec-10] o.s.security.web.FilterChainProxy        : Securing GET /api/users/students
2026-04-14T10:09:58.620+01:00 DEBUG 11132 --- [User] [io-8081-exec-10] o.s.security.web.FilterChainProxy        : Secured GET /api/users/students
2026-04-14T10:09:58.621+01:00 DEBUG 11132 --- [User] [io-8081-exec-10] o.s.web.servlet.DispatcherServlet        : GET "/api/users/students", parameters={}
2026-04-14T10:09:58.621+01:00 DEBUG 11132 --- [User] [io-8081-exec-10] s.w.s.m.m.a.RequestMappingHandlerMapping : Mapped to tn.spring.user.Controllers.UserController#getAllstudents()
2026-04-14T10:09:58.621+01:00 DEBUG 11132 --- [User] [io-8081-exec-10] horizationManagerBeforeMethodInterceptor : Authorizing method invocation ReflectiveMethodInvocation: public org.springframework.http.ResponseEntity tn.spring.user.Controllers.UserController.getAllstudents(); target is of class [tn.spring.user.Controllers.UserController]
2026-04-14T10:09:58.621+01:00 DEBUG 11132 --- [User] [io-8081-exec-10] horizationManagerBeforeMethodInterceptor : Authorized method invocation ReflectiveMethodInvocation: public org.springframework.http.ResponseEntity tn.spring.user.Controllers.UserController.getAllstudents(); target is of class [tn.spring.user.Controllers.UserController]
2026-04-14T10:09:58.623+01:00 DEBUG 11132 --- [User] [io-8081-exec-10] o.s.w.s.m.m.a.HttpEntityMethodProcessor  : Using 'application/json', given [application/json, text/plain, */*] and supported [application/json, application/*+json]
2026-04-14T10:09:58.623+01:00 DEBUG 11132 --- [User] [io-8081-exec-10] o.s.w.s.m.m.a.HttpEntityMethodProcessor  : Writing [[Student(englishLevel=A1, learningGoal=General, dailyGoalMinutes=0), Student(englishLevel=A1, learni (truncated)...]
2026-04-14T10:09:58.625+01:00 DEBUG 11132 --- [User] [io-8081-exec-10] o.s.web.servlet.DispatcherServlet        : Completed 200 OK
2026-04-14T10:10:14.321+01:00 DEBUG 11132 --- [User] [reshExecutor-%d] o.s.web.client.DefaultRestClient         : Reading to [com.netflix.discovery.shared.Applications]
2026-04-14T10:10:44.343+01:00 DEBUG 11132 --- [User] [reshExecutor-%d] o.s.web.client.DefaultRestClient         : Reading to [com.netflix.discovery.shared.Applications]
2026-04-14T10:11:14.375+01:00 DEBUG 11132 --- [User] [reshExecutor-%d] o.s.web.client.DefaultRestClient         : Reading to [com.netflix.discovery.shared.Applications]
2026-04-14T10:11:18.059+01:00  INFO 11132 --- [User] [rap-executor-%d] c.n.d.s.r.aws.ConfigClusterResolver      : Resolving eureka endpoints via configuration
2026-04-14T10:11:44.400+01:00 DEBUG 11132 --- [User] [reshExecutor-%d] o.s.web.client.DefaultRestClient         : Reading to [com.netflix.discovery.shared.Applications]
2026-04-14T10:12:12.744+01:00 DEBUG 11132 --- [User] [nio-8081-exec-2] o.s.security.web.FilterChainProxy        : Securing POST /api/auth/login
2026-04-14T10:12:12.744+01:00 DEBUG 11132 --- [User] [nio-8081-exec-2] o.s.s.w.a.AnonymousAuthenticationFilter  : Set SecurityContextHolder to anonymous SecurityContext
2026-04-14T10:12:12.744+01:00 DEBUG 11132 --- [User] [nio-8081-exec-2] o.s.security.web.FilterChainProxy        : Secured POST /api/auth/login
2026-04-14T10:12:12.744+01:00 DEBUG 11132 --- [User] [nio-8081-exec-2] o.s.web.servlet.DispatcherServlet        : POST "/api/auth/login", parameters={}
2026-04-14T10:12:12.744+01:00 DEBUG 11132 --- [User] [nio-8081-exec-2] s.w.s.m.m.a.RequestMappingHandlerMapping : Mapped to tn.spring.user.Controllers.AuthController#login(AuthenticationRequest, HttpServletResponse, HttpServletRequest)
2026-04-14T10:12:12.745+01:00 DEBUG 11132 --- [User] [nio-8081-exec-2] m.m.a.RequestResponseBodyMethodProcessor : Read "application/json;charset=UTF-8" to [AuthenticationRequest(rememberMe=false, login=stud@gmail.com, password=NOUR0000)]
2026-04-14T10:12:12.817+01:00 DEBUG 11132 --- [User] [nio-8081-exec-2] o.s.s.a.dao.DaoAuthenticationProvider    : Authenticated user
2026-04-14T10:12:12.819+01:00 DEBUG 11132 --- [User] [nio-8081-exec-2] o.s.w.s.m.m.a.HttpEntityMethodProcessor  : Using 'application/json', given [application/json, text/plain, */*] and supported [application/json, application/*+json]
2026-04-14T10:12:12.819+01:00 DEBUG 11132 --- [User] [nio-8081-exec-2] o.s.w.s.m.m.a.HttpEntityMethodProcessor  : Writing [AuthenticationResponse(token=eyJhbGciOiJIUzI1NiJ9.eyJyb2xlIjoiU1RVREVOVCIsInN1YiI6InN0dWRAZ21haWwuY2 (truncated)...]
2026-04-14T10:12:12.819+01:00 DEBUG 11132 --- [User] [nio-8081-exec-2] o.s.web.servlet.DispatcherServlet        : Completed 200 OK
2026-04-14T10:12:14.430+01:00 DEBUG 11132 --- [User] [reshExecutor-%d] o.s.web.client.DefaultRestClient         : Reading to [com.netflix.discovery.shared.Applications]
2026-04-14T10:12:44.449+01:00 DEBUG 11132 --- [User] [reshExecutor-%d] o.s.web.client.DefaultRestClient         : Reading to [com.netflix.discovery.shared.Applications]
2026-04-14T10:13:14.469+01:00 DEBUG 11132 --- [User] [reshExecutor-%d] o.s.web.client.DefaultRestClient         : Reading to [com.netflix.discovery.shared.Applications]
2026-04-14T10:13:44.498+01:00 DEBUG 11132 --- [User] [reshExecutor-%d] o.s.web.client.DefaultRestClient         : Reading to [com.netflix.discovery.shared.Applications]
2026-04-14T10:14:14.519+01:00 DEBUG 11132 --- [User] [reshExecutor-%d] o.s.web.client.DefaultRestClient         : Reading to [com.netflix.discovery.shared.Applications]
2026-04-14T10:14:44.538+01:00 DEBUG 11132 --- [User] [reshExecutor-%d] o.s.web.client.DefaultRestClient         : Reading to [com.netflix.discovery.shared.Applications]
2026-04-14T10:15:14.562+01:00 DEBUG 11132 --- [User] [reshExecutor-%d] o.s.web.client.DefaultRestClient         : Reading to [com.netflix.discovery.shared.Applications]
2026-04-14T10:15:44.594+01:00 DEBUG 11132 --- [User] [reshExecutor-%d] o.s.web.client.DefaultRestClient         : Reading to [com.netflix.discovery.shared.Applications]
2026-04-14T10:16:14.622+01:00 DEBUG 11132 --- [User] [reshExecutor-%d] o.s.web.client.DefaultRestClient         : Reading to [com.netflix.discovery.shared.Applications]
2026-04-14T10:16:18.071+01:00  INFO 11132 --- [User] [rap-executor-%d] c.n.d.s.r.aws.ConfigClusterResolver      : Resolving eureka endpoints via configuration
2026-04-14T10:16:44.646+01:00 DEBUG 11132 --- [User] [reshExecutor-%d] o.s.web.client.DefaultRestClient         : Reading to [com.netflix.discovery.shared.Applications]
2026-04-14T10:17:14.674+01:00 DEBUG 11132 --- [User] [reshExecutor-%d] o.s.web.client.DefaultRestClient         : Reading to [com.netflix.discovery.shared.Applications]
2026-04-14T10:17:44.701+01:00 DEBUG 11132 --- [User] [reshExecutor-%d] o.s.web.client.DefaultRestClient         : Reading to [com.netflix.discovery.shared.Applications]
2026-04-14T10:18:14.728+01:00 DEBUG 11132 --- [User] [reshExecutor-%d] o.s.web.client.DefaultRestClient         : Reading to [com.netflix.discovery.shared.Applications]
2026-04-14T10:18:44.752+01:00 DEBUG 11132 --- [User] [reshExecutor-%d] o.s.web.client.DefaultRestClient         : Reading to [com.netflix.discovery.shared.Applications]
2026-04-14T10:19:14.776+01:00 DEBUG 11132 --- [User] [reshExecutor-%d] o.s.web.client.DefaultRestClient         : Reading to [com.netflix.discovery.shared.Applications]
2026-04-14T10:19:44.803+01:00 DEBUG 11132 --- [User] [reshExecutor-%d] o.s.web.client.DefaultRestClient         : Reading to [com.netflix.discovery.shared.Applications]
2026-04-14T10:20:14.828+01:00 DEBUG 11132 --- [User] [reshExecutor-%d] o.s.web.client.DefaultRestClient         : Reading to [com.netflix.discovery.shared.Applications]
2026-04-14T10:20:44.854+01:00 DEBUG 11132 --- [User] [reshExecutor-%d] o.s.web.client.DefaultRestClient         : Reading to [com.netflix.discovery.shared.Applications]
2026-04-14T10:21:14.885+01:00 DEBUG 11132 --- [User] [reshExecutor-%d] o.s.web.client.DefaultRestClient         : Reading to [com.netflix.discovery.shared.Applications]
2026-04-14T10:21:18.082+01:00  INFO 11132 --- [User] [rap-executor-%d] c.n.d.s.r.aws.ConfigClusterResolver      : Resolving eureka endpoints via configuration
2026-04-14T10:21:44.912+01:00 DEBUG 11132 --- [User] [reshExecutor-%d] o.s.web.client.DefaultRestClient         : Reading to [com.netflix.discovery.shared.Applications]
2026-04-14T10:22:14.931+01:00 DEBUG 11132 --- [User] [reshExecutor-%d] o.s.web.client.DefaultRestClient         : Reading to [com.netflix.discovery.shared.Applications]
2026-04-14T10:22:44.950+01:00 DEBUG 11132 --- [User] [reshExecutor-%d] o.s.web.client.DefaultRestClient         : Reading to [com.netflix.discovery.shared.Applications]
2026-04-14T10:23:14.976+01:00 DEBUG 11132 --- [User] [reshExecutor-%d] o.s.web.client.DefaultRestClient         : Reading to [com.netflix.discovery.shared.Applications]
2026-04-14T10:23:44.993+01:00 DEBUG 11132 --- [User] [reshExecutor-%d] o.s.web.client.DefaultRestClient         : Reading to [com.netflix.discovery.shared.Applications]
2026-04-14T10:24:15.016+01:00 DEBUG 11132 --- [User] [reshExecutor-%d] o.s.web.client.DefaultRestClient         : Reading to [com.netflix.discovery.shared.Applications]
2026-04-14T10:24:45.038+01:00 DEBUG 11132 --- [User] [reshExecutor-%d] o.s.web.client.DefaultRestClient         : Reading to [com.netflix.discovery.shared.Applications]
2026-04-14T10:25:15.067+01:00 DEBUG 11132 --- [User] [reshExecutor-%d] o.s.web.client.DefaultRestClient         : Reading to [com.netflix.discovery.shared.Applications]
2026-04-14T10:25:45.097+01:00 DEBUG 11132 --- [User] [reshExecutor-%d] o.s.web.client.DefaultRestClient         : Reading to [com.netflix.discovery.shared.Applications]
2026-04-14T10:26:15.119+01:00 DEBUG 11132 --- [User] [reshExecutor-%d] o.s.web.client.DefaultRestClient         : Reading to [com.netflix.discovery.shared.Applications]
2026-04-14T10:26:18.088+01:00  INFO 11132 --- [User] [rap-executor-%d] c.n.d.s.r.aws.ConfigClusterResolver      : Resolving eureka endpoints via configuration
2026-04-14T10:26:45.138+01:00 DEBUG 11132 --- [User] [reshExecutor-%d] o.s.web.client.DefaultRestClient         : Reading to [com.netflix.discovery.shared.Applications]
2026-04-14T10:27:15.164+01:00 DEBUG 11132 --- [User] [reshExecutor-%d] o.s.web.client.DefaultRestClient         : Reading to [com.netflix.discovery.shared.Applications]
2026-04-14T10:27:45.190+01:00 DEBUG 11132 --- [User] [reshExecutor-%d] o.s.web.client.DefaultRestClient         : Reading to [com.netflix.discovery.shared.Applications]
2026-04-14T10:28:15.207+01:00 DEBUG 11132 --- [User] [reshExecutor-%d] o.s.web.client.DefaultRestClient         : Reading to [com.netflix.discovery.shared.Applications]
2026-04-14T10:28:45.238+01:00 DEBUG 11132 --- [User] [reshExecutor-%d] o.s.web.client.DefaultRestClient         : Reading to [com.netflix.discovery.shared.Applications]
2026-04-14T10:29:15.255+01:00 DEBUG 11132 --- [User] [reshExecutor-%d] o.s.web.client.DefaultRestClient         : Reading to [com.netflix.discovery.shared.Applications]
2026-04-14T10:29:45.286+01:00 DEBUG 11132 --- [User] [reshExecutor-%d] o.s.web.client.DefaultRestClient         : Reading to [com.netflix.discovery.shared.Applications]
2026-04-14T10:30:15.317+01:00 DEBUG 11132 --- [User] [reshExecutor-%d] o.s.web.client.DefaultRestClient         : Reading to [com.netflix.discovery.shared.Applications]
2026-04-14T10:30:45.343+01:00 DEBUG 11132 --- [User] [reshExecutor-%d] o.s.web.client.DefaultRestClient         : Reading to [com.netflix.discovery.shared.Applications]
2026-04-14T10:31:15.369+01:00 DEBUG 11132 --- [User] [reshExecutor-%d] o.s.web.client.DefaultRestClient         : Reading to [com.netflix.discovery.shared.Applications]
2026-04-14T10:31:18.095+01:00  INFO 11132 --- [User] [rap-executor-%d] c.n.d.s.r.aws.ConfigClusterResolver      : Resolving eureka endpoints via configuration
2026-04-14T10:31:45.396+01:00 DEBUG 11132 --- [User] [reshExecutor-%d] o.s.web.client.DefaultRestClient         : Reading to [com.netflix.discovery.shared.Applications]
2026-04-14T10:32:15.424+01:00 DEBUG 11132 --- [User] [reshExecutor-%d] o.s.web.client.DefaultRestClient         : Reading to [com.netflix.discovery.shared.Applications]
2026-04-14T10:32:45.445+01:00 DEBUG 11132 --- [User] [reshExecutor-%d] o.s.web.client.DefaultRestClient         : Reading to [com.netflix.discovery.shared.Applications]
2026-04-14T10:33:15.474+01:00 DEBUG 11132 --- [User] [reshExecutor-%d] o.s.web.client.DefaultRestClient         : Reading to [com.netflix.discovery.shared.Applications]
2026-04-14T10:33:45.495+01:00 DEBUG 11132 --- [User] [reshExecutor-%d] o.s.web.client.DefaultRestClient         : Reading to [com.netflix.discovery.shared.Applications]
2026-04-14T10:34:15.524+01:00 DEBUG 11132 --- [User] [reshExecutor-%d] o.s.web.client.DefaultRestClient         : Reading to [com.netflix.discovery.shared.Applications]
2026-04-14T10:34:45.555+01:00 DEBUG 11132 --- [User] [reshExecutor-%d] o.s.web.client.DefaultRestClient         : Reading to [com.netflix.discovery.shared.Applications]
2026-04-14T10:35:15.584+01:00 DEBUG 11132 --- [User] [reshExecutor-%d] o.s.web.client.DefaultRestClient         : Reading to [com.netflix.discovery.shared.Applications]
2026-04-14T10:35:45.616+01:00 DEBUG 11132 --- [User] [reshExecutor-%d] o.s.web.client.DefaultRestClient         : Reading to [com.netflix.discovery.shared.Applications]
2026-04-14T10:36:15.643+01:00 DEBUG 11132 --- [User] [reshExecutor-%d] o.s.web.client.DefaultRestClient         : Reading to [com.netflix.discovery.shared.Applications]
2026-04-14T10:36:18.110+01:00  INFO 11132 --- [User] [rap-executor-%d] c.n.d.s.r.aws.ConfigClusterResolver      : Resolving eureka endpoints via configuration
2026-04-14T10:36:45.672+01:00 DEBUG 11132 --- [User] [reshExecutor-%d] o.s.web.client.DefaultRestClient         : Reading to [com.netflix.discovery.shared.Applications]
2026-04-14T10:37:15.693+01:00 DEBUG 11132 --- [User] [reshExecutor-%d] o.s.web.client.DefaultRestClient         : Reading to [com.netflix.discovery.shared.Applications]
2026-04-14T10:37:45.712+01:00 DEBUG 11132 --- [User] [reshExecutor-%d] o.s.web.client.DefaultRestClient         : Reading to [com.netflix.discovery.shared.Applications]
2026-04-14T10:38:03.320+01:00 DEBUG 11132 --- [User] [nio-8081-exec-4] o.s.security.web.FilterChainProxy        : Securing POST /api/auth/login
2026-04-14T10:38:03.320+01:00 DEBUG 11132 --- [User] [nio-8081-exec-4] o.s.s.w.a.AnonymousAuthenticationFilter  : Set SecurityContextHolder to anonymous SecurityContext
2026-04-14T10:38:03.320+01:00 DEBUG 11132 --- [User] [nio-8081-exec-4] o.s.security.web.FilterChainProxy        : Secured POST /api/auth/login
2026-04-14T10:38:03.321+01:00 DEBUG 11132 --- [User] [nio-8081-exec-4] o.s.web.servlet.DispatcherServlet        : POST "/api/auth/login", parameters={}
2026-04-14T10:38:03.321+01:00 DEBUG 11132 --- [User] [nio-8081-exec-4] s.w.s.m.m.a.RequestMappingHandlerMapping : Mapped to tn.spring.user.Controllers.AuthController#login(AuthenticationRequest, HttpServletResponse, HttpServletRequest)
2026-04-14T10:38:03.322+01:00 DEBUG 11132 --- [User] [nio-8081-exec-4] m.m.a.RequestResponseBodyMethodProcessor : Read "application/json;charset=UTF-8" to [AuthenticationRequest(rememberMe=false, login=AD1i@gmail.com, password=NOUR0000)]
2026-04-14T10:38:03.402+01:00 DEBUG 11132 --- [User] [nio-8081-exec-4] o.s.s.a.dao.DaoAuthenticationProvider    : Authenticated user
2026-04-14T10:38:03.405+01:00 DEBUG 11132 --- [User] [nio-8081-exec-4] o.s.w.s.m.m.a.HttpEntityMethodProcessor  : Using 'application/json', given [application/json, text/plain, */*] and supported [application/json, application/*+json]
2026-04-14T10:38:03.405+01:00 DEBUG 11132 --- [User] [nio-8081-exec-4] o.s.w.s.m.m.a.HttpEntityMethodProcessor  : Writing [AuthenticationResponse(token=eyJhbGciOiJIUzI1NiJ9.eyJyb2xlIjoiQURNSU4iLCJzdWIiOiJBRDFpQGdtYWlsLmNvbS (truncated)...]
2026-04-14T10:38:03.406+01:00 DEBUG 11132 --- [User] [nio-8081-exec-4] o.s.web.servlet.DispatcherServlet        : Completed 200 OK
2026-04-14T10:38:15.735+01:00 DEBUG 11132 --- [User] [reshExecutor-%d] o.s.web.client.DefaultRestClient         : Reading to [com.netflix.discovery.shared.Applications]
2026-04-14T10:38:45.757+01:00 DEBUG 11132 --- [User] [reshExecutor-%d] o.s.web.client.DefaultRestClient         : Reading to [com.netflix.discovery.shared.Applications]
2026-04-14T10:38:47.367+01:00 DEBUG 11132 --- [User] [nio-8081-exec-5] o.s.security.web.FilterChainProxy        : Securing POST /api/auth/login
2026-04-14T10:38:47.367+01:00 DEBUG 11132 --- [User] [nio-8081-exec-5] o.s.s.w.a.AnonymousAuthenticationFilter  : Set SecurityContextHolder to anonymous SecurityContext
2026-04-14T10:38:47.367+01:00 DEBUG 11132 --- [User] [nio-8081-exec-5] o.s.security.web.FilterChainProxy        : Secured POST /api/auth/login
2026-04-14T10:38:47.367+01:00 DEBUG 11132 --- [User] [nio-8081-exec-5] o.s.web.servlet.DispatcherServlet        : POST "/api/auth/login", parameters={}
2026-04-14T10:38:47.367+01:00 DEBUG 11132 --- [User] [nio-8081-exec-5] s.w.s.m.m.a.RequestMappingHandlerMapping : Mapped to tn.spring.user.Controllers.AuthController#login(AuthenticationRequest, HttpServletResponse, HttpServletRequest)
2026-04-14T10:38:47.368+01:00 DEBUG 11132 --- [User] [nio-8081-exec-5] m.m.a.RequestResponseBodyMethodProcessor : Read "application/json;charset=UTF-8" to [AuthenticationRequest(rememberMe=false, login=stud@gmail.com, password=NOUR0000)]
2026-04-14T10:38:47.439+01:00 DEBUG 11132 --- [User] [nio-8081-exec-5] o.s.s.a.dao.DaoAuthenticationProvider    : Authenticated user
2026-04-14T10:38:47.441+01:00 DEBUG 11132 --- [User] [nio-8081-exec-5] o.s.w.s.m.m.a.HttpEntityMethodProcessor  : Using 'application/json', given [application/json, text/plain, */*] and supported [application/json, application/*+json]
2026-04-14T10:38:47.441+01:00 DEBUG 11132 --- [User] [nio-8081-exec-5] o.s.w.s.m.m.a.HttpEntityMethodProcessor  : Writing [AuthenticationResponse(token=eyJhbGciOiJIUzI1NiJ9.eyJyb2xlIjoiU1RVREVOVCIsInN1YiI6InN0dWRAZ21haWwuY2 (truncated)...]
2026-04-14T10:38:47.441+01:00 DEBUG 11132 --- [User] [nio-8081-exec-5] o.s.web.servlet.DispatcherServlet        : Completed 200 OK
2026-04-14T10:39:15.789+01:00 DEBUG 11132 --- [User] [reshExecutor-%d] o.s.web.client.DefaultRestClient         : Reading to [com.netflix.discovery.shared.Applications]
2026-04-14T10:39:45.810+01:00 DEBUG 11132 --- [User] [reshExecutor-%d] o.s.web.client.DefaultRestClient         : Reading to [com.netflix.discovery.shared.Applications]
2026-04-14T10:40:15.829+01:00 DEBUG 11132 --- [User] [reshExecutor-%d] o.s.web.client.DefaultRestClient         : Reading to [com.netflix.discovery.shared.Applications]
2026-04-14T10:40:45.855+01:00 DEBUG 11132 --- [User] [reshExecutor-%d] o.s.web.client.DefaultRestClient         : Reading to [com.netflix.discovery.shared.Applications]
2026-04-14T10:41:15.874+01:00 DEBUG 11132 --- [User] [reshExecutor-%d] o.s.web.client.DefaultRestClient         : Reading to [com.netflix.discovery.shared.Applications]
2026-04-14T10:41:18.123+01:00  INFO 11132 --- [User] [rap-executor-%d] c.n.d.s.r.aws.ConfigClusterResolver      : Resolving eureka endpoints via configuration
2026-04-14T10:41:44.991+01:00 DEBUG 11132 --- [User] [nio-8081-exec-7] o.s.security.web.FilterChainProxy        : Securing POST /api/auth/login
2026-04-14T10:41:44.993+01:00 DEBUG 11132 --- [User] [nio-8081-exec-7] o.s.s.w.a.AnonymousAuthenticationFilter  : Set SecurityContextHolder to anonymous SecurityContext
2026-04-14T10:41:44.993+01:00 DEBUG 11132 --- [User] [nio-8081-exec-7] o.s.security.web.FilterChainProxy        : Secured POST /api/auth/login
2026-04-14T10:41:44.993+01:00 DEBUG 11132 --- [User] [nio-8081-exec-7] o.s.web.servlet.DispatcherServlet        : POST "/api/auth/login", parameters={}
2026-04-14T10:41:44.993+01:00 DEBUG 11132 --- [User] [nio-8081-exec-7] s.w.s.m.m.a.RequestMappingHandlerMapping : Mapped to tn.spring.user.Controllers.AuthController#login(AuthenticationRequest, HttpServletResponse, HttpServletRequest)
2026-04-14T10:41:44.993+01:00 DEBUG 11132 --- [User] [nio-8081-exec-7] m.m.a.RequestResponseBodyMethodProcessor : Read "application/json;charset=UTF-8" to [AuthenticationRequest(rememberMe=false, login=TU1@gmail.com, password=NOUR0000)]
2026-04-14T10:41:45.066+01:00 DEBUG 11132 --- [User] [nio-8081-exec-7] o.s.s.a.dao.DaoAuthenticationProvider    : Authenticated user
2026-04-14T10:41:45.068+01:00 DEBUG 11132 --- [User] [nio-8081-exec-7] o.s.w.s.m.m.a.HttpEntityMethodProcessor  : Using 'application/json', given [application/json, text/plain, */*] and supported [application/json, application/*+json]
2026-04-14T10:41:45.068+01:00 DEBUG 11132 --- [User] [nio-8081-exec-7] o.s.w.s.m.m.a.HttpEntityMethodProcessor  : Writing [AuthenticationResponse(token=eyJhbGciOiJIUzI1NiJ9.eyJyb2xlIjoiVFVUT1IiLCJzdWIiOiJUVTFAZ21haWwuY29tIi (truncated)...]
2026-04-14T10:41:45.069+01:00 DEBUG 11132 --- [User] [nio-8081-exec-7] o.s.web.servlet.DispatcherServlet        : Completed 200 OK
2026-04-14T10:41:45.089+01:00 DEBUG 11132 --- [User] [nio-8081-exec-8] o.s.security.web.FilterChainProxy        : Securing GET /api/users/students
2026-04-14T10:41:45.096+01:00 DEBUG 11132 --- [User] [nio-8081-exec-8] o.s.security.web.FilterChainProxy        : Secured GET /api/users/students
2026-04-14T10:41:45.096+01:00 DEBUG 11132 --- [User] [nio-8081-exec-8] o.s.web.servlet.DispatcherServlet        : GET "/api/users/students", parameters={}
2026-04-14T10:41:45.096+01:00 DEBUG 11132 --- [User] [nio-8081-exec-8] s.w.s.m.m.a.RequestMappingHandlerMapping : Mapped to tn.spring.user.Controllers.UserController#getAllstudents()
2026-04-14T10:41:45.096+01:00 DEBUG 11132 --- [User] [nio-8081-exec-8] horizationManagerBeforeMethodInterceptor : Authorizing method invocation ReflectiveMethodInvocation: public org.springframework.http.ResponseEntity tn.spring.user.Controllers.UserController.getAllstudents(); target is of class [tn.spring.user.Controllers.UserController]
2026-04-14T10:41:45.097+01:00 DEBUG 11132 --- [User] [nio-8081-exec-8] horizationManagerBeforeMethodInterceptor : Authorized method invocation ReflectiveMethodInvocation: public org.springframework.http.ResponseEntity tn.spring.user.Controllers.UserController.getAllstudents(); target is of class [tn.spring.user.Controllers.UserController]
2026-04-14T10:41:45.100+01:00 DEBUG 11132 --- [User] [nio-8081-exec-8] o.s.w.s.m.m.a.HttpEntityMethodProcessor  : Using 'application/json', given [application/json, text/plain, */*] and supported [application/json, application/*+json]
2026-04-14T10:41:45.100+01:00 DEBUG 11132 --- [User] [nio-8081-exec-8] o.s.w.s.m.m.a.HttpEntityMethodProcessor  : Writing [[Student(englishLevel=A1, learningGoal=General, dailyGoalMinutes=0), Student(englishLevel=A1, learni (truncated)...]
2026-04-14T10:41:45.101+01:00 DEBUG 11132 --- [User] [nio-8081-exec-8] o.s.web.servlet.DispatcherServlet        : Completed 200 OK
2026-04-14T10:41:45.893+01:00 DEBUG 11132 --- [User] [reshExecutor-%d] o.s.web.client.DefaultRestClient         : Reading to [com.netflix.discovery.shared.Applications]
2026-04-14T10:42:15.913+01:00 DEBUG 11132 --- [User] [reshExecutor-%d] o.s.web.client.DefaultRestClient         : Reading to [com.netflix.discovery.shared.Applications]
2026-04-14T10:42:45.946+01:00 DEBUG 11132 --- [User] [reshExecutor-%d] o.s.web.client.DefaultRestClient         : Reading to [com.netflix.discovery.shared.Applications]
2026-04-14T10:42:49.695+01:00 DEBUG 11132 --- [User] [io-8081-exec-10] o.s.security.web.FilterChainProxy        : Securing GET /api/users/students
2026-04-14T10:42:49.701+01:00 DEBUG 11132 --- [User] [io-8081-exec-10] o.s.security.web.FilterChainProxy        : Secured GET /api/users/students
2026-04-14T10:42:49.701+01:00 DEBUG 11132 --- [User] [io-8081-exec-10] o.s.web.servlet.DispatcherServlet        : GET "/api/users/students", parameters={}
2026-04-14T10:42:49.701+01:00 DEBUG 11132 --- [User] [io-8081-exec-10] s.w.s.m.m.a.RequestMappingHandlerMapping : Mapped to tn.spring.user.Controllers.UserController#getAllstudents()
2026-04-14T10:42:49.702+01:00 DEBUG 11132 --- [User] [io-8081-exec-10] horizationManagerBeforeMethodInterceptor : Authorizing method invocation ReflectiveMethodInvocation: public org.springframework.http.ResponseEntity tn.spring.user.Controllers.UserController.getAllstudents(); target is of class [tn.spring.user.Controllers.UserController]
2026-04-14T10:42:49.702+01:00 DEBUG 11132 --- [User] [io-8081-exec-10] horizationManagerBeforeMethodInterceptor : Authorized method invocation ReflectiveMethodInvocation: public org.springframework.http.ResponseEntity tn.spring.user.Controllers.UserController.getAllstudents(); target is of class [tn.spring.user.Controllers.UserController]
2026-04-14T10:42:49.704+01:00 DEBUG 11132 --- [User] [io-8081-exec-10] o.s.w.s.m.m.a.HttpEntityMethodProcessor  : Using 'application/json', given [application/json, text/plain, */*] and supported [application/json, application/*+json]
2026-04-14T10:42:49.705+01:00 DEBUG 11132 --- [User] [io-8081-exec-10] o.s.w.s.m.m.a.HttpEntityMethodProcessor  : Writing [[Student(englishLevel=A1, learningGoal=General, dailyGoalMinutes=0), Student(englishLevel=A1, learni (truncated)...]
2026-04-14T10:42:49.705+01:00 DEBUG 11132 --- [User] [io-8081-exec-10] o.s.web.servlet.DispatcherServlet        : Completed 200 OK
2026-04-14T10:43:13.244+01:00 DEBUG 11132 --- [User] [nio-8081-exec-1] o.s.security.web.FilterChainProxy        : Securing POST /api/auth/login
2026-04-14T10:43:13.246+01:00 DEBUG 11132 --- [User] [nio-8081-exec-1] o.s.s.w.a.AnonymousAuthenticationFilter  : Set SecurityContextHolder to anonymous SecurityContext
2026-04-14T10:43:13.246+01:00 DEBUG 11132 --- [User] [nio-8081-exec-1] o.s.security.web.FilterChainProxy        : Secured POST /api/auth/login
2026-04-14T10:43:13.246+01:00 DEBUG 11132 --- [User] [nio-8081-exec-1] o.s.web.servlet.DispatcherServlet        : POST "/api/auth/login", parameters={}
2026-04-14T10:43:13.246+01:00 DEBUG 11132 --- [User] [nio-8081-exec-1] s.w.s.m.m.a.RequestMappingHandlerMapping : Mapped to tn.spring.user.Controllers.AuthController#login(AuthenticationRequest, HttpServletResponse, HttpServletRequest)
2026-04-14T10:43:13.247+01:00 DEBUG 11132 --- [User] [nio-8081-exec-1] m.m.a.RequestResponseBodyMethodProcessor : Read "application/json;charset=UTF-8" to [AuthenticationRequest(rememberMe=false, login=stud@gmail.com, password=NOUR0000)]
2026-04-14T10:43:13.317+01:00 DEBUG 11132 --- [User] [nio-8081-exec-1] o.s.s.a.dao.DaoAuthenticationProvider    : Authenticated user
2026-04-14T10:43:13.319+01:00 DEBUG 11132 --- [User] [nio-8081-exec-1] o.s.w.s.m.m.a.HttpEntityMethodProcessor  : Using 'application/json', given [application/json, text/plain, */*] and supported [application/json, application/*+json]
2026-04-14T10:43:13.319+01:00 DEBUG 11132 --- [User] [nio-8081-exec-1] o.s.w.s.m.m.a.HttpEntityMethodProcessor  : Writing [AuthenticationResponse(token=eyJhbGciOiJIUzI1NiJ9.eyJyb2xlIjoiU1RVREVOVCIsInN1YiI6InN0dWRAZ21haWwuY2 (truncated)...]
2026-04-14T10:43:13.320+01:00 DEBUG 11132 --- [User] [nio-8081-exec-1] o.s.web.servlet.DispatcherServlet        : Completed 200 OK
2026-04-14T10:43:15.970+01:00 DEBUG 11132 --- [User] [reshExecutor-%d] o.s.web.client.DefaultRestClient         : Reading to [com.netflix.discovery.shared.Applications]
2026-04-14T10:43:46.003+01:00 DEBUG 11132 --- [User] [reshExecutor-%d] o.s.web.client.DefaultRestClient         : Reading to [com.netflix.discovery.shared.Applications]
2026-04-14T10:44:16.028+01:00 DEBUG 11132 --- [User] [reshExecutor-%d] o.s.web.client.DefaultRestClient         : Reading to [com.netflix.discovery.shared.Applications]
2026-04-14T10:44:46.060+01:00 DEBUG 11132 --- [User] [reshExecutor-%d] o.s.web.client.DefaultRestClient         : Reading to [com.netflix.discovery.shared.Applications]
2026-04-14T10:45:16.077+01:00 DEBUG 11132 --- [User] [reshExecutor-%d] o.s.web.client.DefaultRestClient         : Reading to [com.netflix.discovery.shared.Applications]
2026-04-14T10:45:46.106+01:00 DEBUG 11132 --- [User] [reshExecutor-%d] o.s.web.client.DefaultRestClient         : Reading to [com.netflix.discovery.shared.Applications]
2026-04-14T10:46:16.134+01:00 DEBUG 11132 --- [User] [reshExecutor-%d] o.s.web.client.DefaultRestClient         : Reading to [com.netflix.discovery.shared.Applications]
2026-04-14T10:46:18.132+01:00  INFO 11132 --- [User] [rap-executor-%d] c.n.d.s.r.aws.ConfigClusterResolver      : Resolving eureka endpoints via configuration
2026-04-14T10:46:46.158+01:00 DEBUG 11132 --- [User] [reshExecutor-%d] o.s.web.client.DefaultRestClient         : Reading to [com.netflix.discovery.shared.Applications]
2026-04-14T10:47:16.189+01:00 DEBUG 11132 --- [User] [reshExecutor-%d] o.s.web.client.DefaultRestClient         : Reading to [com.netflix.discovery.shared.Applications]
2026-04-14T10:47:46.215+01:00 DEBUG 11132 --- [User] [reshExecutor-%d] o.s.web.client.DefaultRestClient         : Reading to [com.netflix.discovery.shared.Applications]
2026-04-14T10:48:16.246+01:00 DEBUG 11132 --- [User] [reshExecutor-%d] o.s.web.client.DefaultRestClient         : Reading to [com.netflix.discovery.shared.Applications]
2026-04-14T10:48:46.274+01:00 DEBUG 11132 --- [User] [reshExecutor-%d] o.s.web.client.DefaultRestClient         : Reading to [com.netflix.discovery.shared.Applications]
2026-04-14T10:49:16.305+01:00 DEBUG 11132 --- [User] [reshExecutor-%d] o.s.web.client.DefaultRestClient         : Reading to [com.netflix.discovery.shared.Applications]
2026-04-14T10:49:46.335+01:00 DEBUG 11132 --- [User] [reshExecutor-%d] o.s.web.client.DefaultRestClient         : Reading to [com.netflix.discovery.shared.Applications]
2026-04-14T10:50:16.359+01:00 DEBUG 11132 --- [User] [reshExecutor-%d] o.s.web.client.DefaultRestClient         : Reading to [com.netflix.discovery.shared.Applications]
2026-04-14T10:50:46.393+01:00 DEBUG 11132 --- [User] [reshExecutor-%d] o.s.web.client.DefaultRestClient         : Reading to [com.netflix.discovery.shared.Applications]
2026-04-14T10:51:16.415+01:00 DEBUG 11132 --- [User] [reshExecutor-%d] o.s.web.client.DefaultRestClient         : Reading to [com.netflix.discovery.shared.Applications]
2026-04-14T10:51:18.148+01:00  INFO 11132 --- [User] [rap-executor-%d] c.n.d.s.r.aws.ConfigClusterResolver      : Resolving eureka endpoints via configuration
2026-04-14T10:51:46.439+01:00 DEBUG 11132 --- [User] [reshExecutor-%d] o.s.web.client.DefaultRestClient         : Reading to [com.netflix.discovery.shared.Applications]
2026-04-14T10:52:16.468+01:00 DEBUG 11132 --- [User] [reshExecutor-%d] o.s.web.client.DefaultRestClient         : Reading to [com.netflix.discovery.shared.Applications]
2026-04-14T10:52:46.499+01:00 DEBUG 11132 --- [User] [reshExecutor-%d] o.s.web.client.DefaultRestClient         : Reading to [com.netflix.discovery.shared.Applications]
2026-04-14T10:53:16.517+01:00 DEBUG 11132 --- [User] [reshExecutor-%d] o.s.web.client.DefaultRestClient         : Reading to [com.netflix.discovery.shared.Applications]
2026-04-14T10:53:46.537+01:00 DEBUG 11132 --- [User] [reshExecutor-%d] o.s.web.client.DefaultRestClient         : Reading to [com.netflix.discovery.shared.Applications]
2026-04-14T10:54:16.565+01:00 DEBUG 11132 --- [User] [reshExecutor-%d] o.s.web.client.DefaultRestClient         : Reading to [com.netflix.discovery.shared.Applications]
2026-04-14T10:54:46.596+01:00 DEBUG 11132 --- [User] [reshExecutor-%d] o.s.web.client.DefaultRestClient         : Reading to [com.netflix.discovery.shared.Applications]
2026-04-14T10:55:16.620+01:00 DEBUG 11132 --- [User] [reshExecutor-%d] o.s.web.client.DefaultRestClient         : Reading to [com.netflix.discovery.shared.Applications]
2026-04-14T10:55:46.649+01:00 DEBUG 11132 --- [User] [reshExecutor-%d] o.s.web.client.DefaultRestClient         : Reading to [com.netflix.discovery.shared.Applications]
2026-04-14T10:56:16.677+01:00 DEBUG 11132 --- [User] [reshExecutor-%d] o.s.web.client.DefaultRestClient         : Reading to [com.netflix.discovery.shared.Applications]
2026-04-14T10:56:18.155+01:00  INFO 11132 --- [User] [rap-executor-%d] c.n.d.s.r.aws.ConfigClusterResolver      : Resolving eureka endpoints via configuration
2026-04-14T10:56:46.699+01:00 DEBUG 11132 --- [User] [reshExecutor-%d] o.s.web.client.DefaultRestClient         : Reading to [com.netflix.discovery.shared.Applications]
2026-04-14T10:57:16.722+01:00 DEBUG 11132 --- [User] [reshExecutor-%d] o.s.web.client.DefaultRestClient         : Reading to [com.netflix.discovery.shared.Applications]
2026-04-14T10:57:46.751+01:00 DEBUG 11132 --- [User] [reshExecutor-%d] o.s.web.client.DefaultRestClient         : Reading to [com.netflix.discovery.shared.Applications]
2026-04-14T10:58:16.776+01:00 DEBUG 11132 --- [User] [reshExecutor-%d] o.s.web.client.DefaultRestClient         : Reading to [com.netflix.discovery.shared.Applications]
2026-04-14T10:58:46.807+01:00 DEBUG 11132 --- [User] [reshExecutor-%d] o.s.web.client.DefaultRestClient         : Reading to [com.netflix.discovery.shared.Applications]
2026-04-14T10:59:16.832+01:00 DEBUG 11132 --- [User] [reshExecutor-%d] o.s.web.client.DefaultRestClient         : Reading to [com.netflix.discovery.shared.Applications]
2026-04-14T10:59:46.851+01:00 DEBUG 11132 --- [User] [reshExecutor-%d] o.s.web.client.DefaultRestClient         : Reading to [com.netflix.discovery.shared.Applications]
2026-04-14T11:00:16.870+01:00 DEBUG 11132 --- [User] [reshExecutor-%d] o.s.web.client.DefaultRestClient         : Reading to [com.netflix.discovery.shared.Applications]
2026-04-14T11:00:46.898+01:00 DEBUG 11132 --- [User] [reshExecutor-%d] o.s.web.client.DefaultRestClient         : Reading to [com.netflix.discovery.shared.Applications]
2026-04-14T11:01:16.929+01:00 DEBUG 11132 --- [User] [reshExecutor-%d] o.s.web.client.DefaultRestClient         : Reading to [com.netflix.discovery.shared.Applications]
2026-04-14T11:01:18.165+01:00  INFO 11132 --- [User] [rap-executor-%d] c.n.d.s.r.aws.ConfigClusterResolver      : Resolving eureka endpoints via configuration
2026-04-14T11:01:46.952+01:00 DEBUG 11132 --- [User] [reshExecutor-%d] o.s.web.client.DefaultRestClient         : Reading to [com.netflix.discovery.shared.Applications]
2026-04-14T11:02:16.984+01:00 DEBUG 11132 --- [User] [reshExecutor-%d] o.s.web.client.DefaultRestClient         : Reading to [com.netflix.discovery.shared.Applications]
2026-04-14T11:02:47.012+01:00 DEBUG 11132 --- [User] [reshExecutor-%d] o.s.web.client.DefaultRestClient         : Reading to [com.netflix.discovery.shared.Applications]
2026-04-14T11:03:17.029+01:00 DEBUG 11132 --- [User] [reshExecutor-%d] o.s.web.client.DefaultRestClient         : Reading to [com.netflix.discovery.shared.Applications]
2026-04-14T11:03:47.061+01:00 DEBUG 11132 --- [User] [reshExecutor-%d] o.s.web.client.DefaultRestClient         : Reading to [com.netflix.discovery.shared.Applications]
2026-04-14T11:04:17.081+01:00 DEBUG 11132 --- [User] [reshExecutor-%d] o.s.web.client.DefaultRestClient         : Reading to [com.netflix.discovery.shared.Applications]
2026-04-14T11:04:47.111+01:00 DEBUG 11132 --- [User] [reshExecutor-%d] o.s.web.client.DefaultRestClient         : Reading to [com.netflix.discovery.shared.Applications]
2026-04-14T11:05:17.137+01:00 DEBUG 11132 --- [User] [reshExecutor-%d] o.s.web.client.DefaultRestClient         : Reading to [com.netflix.discovery.shared.Applications]
2026-04-14T11:05:47.168+01:00 DEBUG 11132 --- [User] [reshExecutor-%d] o.s.web.client.DefaultRestClient         : Reading to [com.netflix.discovery.shared.Applications]
2026-04-14T11:06:17.189+01:00 DEBUG 11132 --- [User] [reshExecutor-%d] o.s.web.client.DefaultRestClient         : Reading to [com.netflix.discovery.shared.Applications]
2026-04-14T11:06:18.174+01:00  INFO 11132 --- [User] [rap-executor-%d] c.n.d.s.r.aws.ConfigClusterResolver      : Resolving eureka endpoints via configuration
2026-04-14T11:06:47.217+01:00 DEBUG 11132 --- [User] [reshExecutor-%d] o.s.web.client.DefaultRestClient         : Reading to [com.netflix.discovery.shared.Applications]
2026-04-14T11:07:17.238+01:00 DEBUG 11132 --- [User] [reshExecutor-%d] o.s.web.client.DefaultRestClient         : Reading to [com.netflix.discovery.shared.Applications]
2026-04-14T11:07:47.269+01:00 DEBUG 11132 --- [User] [reshExecutor-%d] o.s.web.client.DefaultRestClient         : Reading to [com.netflix.discovery.shared.Applications]
2026-04-14T11:08:17.304+01:00 DEBUG 11132 --- [User] [reshExecutor-%d] o.s.web.client.DefaultRestClient         : Reading to [com.netflix.discovery.shared.Applications]
2026-04-14T11:08:47.324+01:00 DEBUG 11132 --- [User] [reshExecutor-%d] o.s.web.client.DefaultRestClient         : Reading to [com.netflix.discovery.shared.Applications]
2026-04-14T11:09:17.344+01:00 DEBUG 11132 --- [User] [reshExecutor-%d] o.s.web.client.DefaultRestClient         : Reading to [com.netflix.discovery.shared.Applications]
2026-04-14T11:09:47.372+01:00 DEBUG 11132 --- [User] [reshExecutor-%d] o.s.web.client.DefaultRestClient         : Reading to [com.netflix.discovery.shared.Applications]
2026-04-14T11:10:17.396+01:00 DEBUG 11132 --- [User] [reshExecutor-%d] o.s.web.client.DefaultRestClient         : Reading to [com.netflix.discovery.shared.Applications]
2026-04-14T11:10:47.420+01:00 DEBUG 11132 --- [User] [reshExecutor-%d] o.s.web.client.DefaultRestClient         : Reading to [com.netflix.discovery.shared.Applications]
2026-04-14T11:11:17.439+01:00 DEBUG 11132 --- [User] [reshExecutor-%d] o.s.web.client.DefaultRestClient         : Reading to [com.netflix.discovery.shared.Applications]
2026-04-14T11:11:18.177+01:00  INFO 11132 --- [User] [rap-executor-%d] c.n.d.s.r.aws.ConfigClusterResolver      : Resolving eureka endpoints via configuration
2026-04-14T11:11:47.467+01:00 DEBUG 11132 --- [User] [reshExecutor-%d] o.s.web.client.DefaultRestClient         : Reading to [com.netflix.discovery.shared.Applications]
2026-04-14T11:12:17.496+01:00 DEBUG 11132 --- [User] [reshExecutor-%d] o.s.web.client.DefaultRestClient         : Reading to [com.netflix.discovery.shared.Applications]
2026-04-14T11:12:47.526+01:00 DEBUG 11132 --- [User] [reshExecutor-%d] o.s.web.client.DefaultRestClient         : Reading to [com.netflix.discovery.shared.Applications]
2026-04-14T11:13:17.543+01:00 DEBUG 11132 --- [User] [reshExecutor-%d] o.s.web.client.DefaultRestClient         : Reading to [com.netflix.discovery.shared.Applications]
2026-04-14T11:13:47.577+01:00 DEBUG 11132 --- [User] [reshExecutor-%d] o.s.web.client.DefaultRestClient         : Reading to [com.netflix.discovery.shared.Applications]
2026-04-14T11:14:17.606+01:00 DEBUG 11132 --- [User] [reshExecutor-%d] o.s.web.client.DefaultRestClient         : Reading to [com.netflix.discovery.shared.Applications]
2026-04-14T11:14:47.638+01:00 DEBUG 11132 --- [User] [reshExecutor-%d] o.s.web.client.DefaultRestClient         : Reading to [com.netflix.discovery.shared.Applications]
2026-04-14T11:15:17.666+01:00 DEBUG 11132 --- [User] [reshExecutor-%d] o.s.web.client.DefaultRestClient         : Reading to [com.netflix.discovery.shared.Applications]
2026-04-14T11:15:47.695+01:00 DEBUG 11132 --- [User] [reshExecutor-%d] o.s.web.client.DefaultRestClient         : Reading to [com.netflix.discovery.shared.Applications]
2026-04-14T11:16:17.729+01:00 DEBUG 11132 --- [User] [reshExecutor-%d] o.s.web.client.DefaultRestClient         : Reading to [com.netflix.discovery.shared.Applications]
2026-04-14T11:16:18.190+01:00  INFO 11132 --- [User] [rap-executor-%d] c.n.d.s.r.aws.ConfigClusterResolver      : Resolving eureka endpoints via configuration
2026-04-14T11:16:47.751+01:00 DEBUG 11132 --- [User] [reshExecutor-%d] o.s.web.client.DefaultRestClient         : Reading to [com.netflix.discovery.shared.Applications]
2026-04-14T11:17:17.769+01:00 DEBUG 11132 --- [User] [reshExecutor-%d] o.s.web.client.DefaultRestClient         : Reading to [com.netflix.discovery.shared.Applications]
2026-04-14T11:17:47.797+01:00 DEBUG 11132 --- [User] [reshExecutor-%d] o.s.web.client.DefaultRestClient         : Reading to [com.netflix.discovery.shared.Applications]
2026-04-14T11:18:17.820+01:00 DEBUG 11132 --- [User] [reshExecutor-%d] o.s.web.client.DefaultRestClient         : Reading to [com.netflix.discovery.shared.Applications]
2026-04-14T11:18:47.842+01:00 DEBUG 11132 --- [User] [reshExecutor-%d] o.s.web.client.DefaultRestClient         : Reading to [com.netflix.discovery.shared.Applications]
2026-04-14T11:19:17.875+01:00 DEBUG 11132 --- [User] [reshExecutor-%d] o.s.web.client.DefaultRestClient         : Reading to [com.netflix.discovery.shared.Applications]
2026-04-14T11:19:47.901+01:00 DEBUG 11132 --- [User] [reshExecutor-%d] o.s.web.client.DefaultRestClient         : Reading to [com.netflix.discovery.shared.Applications]
2026-04-14T11:20:17.932+01:00 DEBUG 11132 --- [User] [reshExecutor-%d] o.s.web.client.DefaultRestClient         : Reading to [com.netflix.discovery.shared.Applications]
2026-04-14T11:20:47.952+01:00 DEBUG 11132 --- [User] [reshExecutor-%d] o.s.web.client.DefaultRestClient         : Reading to [com.netflix.discovery.shared.Applications]
2026-04-14T11:21:17.983+01:00 DEBUG 11132 --- [User] [reshExecutor-%d] o.s.web.client.DefaultRestClient         : Reading to [com.netflix.discovery.shared.Applications]
2026-04-14T11:21:18.198+01:00  INFO 11132 --- [User] [rap-executor-%d] c.n.d.s.r.aws.ConfigClusterResolver      : Resolving eureka endpoints via configuration
2026-04-14T11:21:48.015+01:00 DEBUG 11132 --- [User] [reshExecutor-%d] o.s.web.client.DefaultRestClient         : Reading to [com.netflix.discovery.shared.Applications]
2026-04-14T11:22:18.032+01:00 DEBUG 11132 --- [User] [reshExecutor-%d] o.s.web.client.DefaultRestClient         : Reading to [com.netflix.discovery.shared.Applications]
2026-04-14T11:22:48.060+01:00 DEBUG 11132 --- [User] [reshExecutor-%d] o.s.web.client.DefaultRestClient         : Reading to [com.netflix.discovery.shared.Applications]
2026-04-14T11:23:18.092+01:00 DEBUG 11132 --- [User] [reshExecutor-%d] o.s.web.client.DefaultRestClient         : Reading to [com.netflix.discovery.shared.Applications]
2026-04-14T11:23:48.120+01:00 DEBUG 11132 --- [User] [reshExecutor-%d] o.s.web.client.DefaultRestClient         : Reading to [com.netflix.discovery.shared.Applications]
2026-04-14T11:24:18.138+01:00 DEBUG 11132 --- [User] [reshExecutor-%d] o.s.web.client.DefaultRestClient         : Reading to [com.netflix.discovery.shared.Applications]
2026-04-14T11:24:48.161+01:00 DEBUG 11132 --- [User] [reshExecutor-%d] o.s.web.client.DefaultRestClient         : Reading to [com.netflix.discovery.shared.Applications]
2026-04-14T11:25:18.191+01:00 DEBUG 11132 --- [User] [reshExecutor-%d] o.s.web.client.DefaultRestClient         : Reading to [com.netflix.discovery.shared.Applications]
2026-04-14T11:25:48.219+01:00 DEBUG 11132 --- [User] [reshExecutor-%d] o.s.web.client.DefaultRestClient         : Reading to [com.netflix.discovery.shared.Applications]
2026-04-14T11:26:18.203+01:00  INFO 11132 --- [User] [rap-executor-%d] c.n.d.s.r.aws.ConfigClusterResolver      : Resolving eureka endpoints via configuration
2026-04-14T11:26:18.250+01:00 DEBUG 11132 --- [User] [reshExecutor-%d] o.s.web.client.DefaultRestClient         : Reading to [com.netflix.discovery.shared.Applications]
2026-04-14T11:26:48.269+01:00 DEBUG 11132 --- [User] [reshExecutor-%d] o.s.web.client.DefaultRestClient         : Reading to [com.netflix.discovery.shared.Applications]
2026-04-14T11:27:18.291+01:00 DEBUG 11132 --- [User] [reshExecutor-%d] o.s.web.client.DefaultRestClient         : Reading to [com.netflix.discovery.shared.Applications]
2026-04-14T11:27:48.312+01:00 DEBUG 11132 --- [User] [reshExecutor-%d] o.s.web.client.DefaultRestClient         : Reading to [com.netflix.discovery.shared.Applications]
2026-04-14T11:28:18.341+01:00 DEBUG 11132 --- [User] [reshExecutor-%d] o.s.web.client.DefaultRestClient         : Reading to [com.netflix.discovery.shared.Applications]
2026-04-14T11:28:48.371+01:00 DEBUG 11132 --- [User] [reshExecutor-%d] o.s.web.client.DefaultRestClient         : Reading to [com.netflix.discovery.shared.Applications]
2026-04-14T11:29:18.403+01:00 DEBUG 11132 --- [User] [reshExecutor-%d] o.s.web.client.DefaultRestClient         : Reading to [com.netflix.discovery.shared.Applications]
2026-04-14T11:29:48.430+01:00 DEBUG 11132 --- [User] [reshExecutor-%d] o.s.web.client.DefaultRestClient         : Reading to [com.netflix.discovery.shared.Applications]
2026-04-14T11:30:18.449+01:00 DEBUG 11132 --- [User] [reshExecutor-%d] o.s.web.client.DefaultRestClient         : Reading to [com.netflix.discovery.shared.Applications]
2026-04-14T11:30:48.469+01:00 DEBUG 11132 --- [User] [reshExecutor-%d] o.s.web.client.DefaultRestClient         : Reading to [com.netflix.discovery.shared.Applications]
2026-04-14T11:31:18.217+01:00  INFO 11132 --- [User] [rap-executor-%d] c.n.d.s.r.aws.ConfigClusterResolver      : Resolving eureka endpoints via configuration
2026-04-14T11:31:18.493+01:00 DEBUG 11132 --- [User] [reshExecutor-%d] o.s.web.client.DefaultRestClient         : Reading to [com.netflix.discovery.shared.Applications]
2026-04-14T11:31:48.519+01:00 DEBUG 11132 --- [User] [reshExecutor-%d] o.s.web.client.DefaultRestClient         : Reading to [com.netflix.discovery.shared.Applications]
2026-04-14T11:32:18.538+01:00 DEBUG 11132 --- [User] [reshExecutor-%d] o.s.web.client.DefaultRestClient         : Reading to [com.netflix.discovery.shared.Applications]
2026-04-14T11:32:48.566+01:00 DEBUG 11132 --- [User] [reshExecutor-%d] o.s.web.client.DefaultRestClient         : Reading to [com.netflix.discovery.shared.Applications]
2026-04-14T11:33:18.583+01:00 DEBUG 11132 --- [User] [reshExecutor-%d] o.s.web.client.DefaultRestClient         : Reading to [com.netflix.discovery.shared.Applications]
2026-04-14T11:33:48.609+01:00 DEBUG 11132 --- [User] [reshExecutor-%d] o.s.web.client.DefaultRestClient         : Reading to [com.netflix.discovery.shared.Applications]
2026-04-14T11:34:18.630+01:00 DEBUG 11132 --- [User] [reshExecutor-%d] o.s.web.client.DefaultRestClient         : Reading to [com.netflix.discovery.shared.Applications]
2026-04-14T11:34:48.646+01:00 DEBUG 11132 --- [User] [reshExecutor-%d] o.s.web.client.DefaultRestClient         : Reading to [com.netflix.discovery.shared.Applications]
2026-04-14T11:35:18.678+01:00 DEBUG 11132 --- [User] [reshExecutor-%d] o.s.web.client.DefaultRestClient         : Reading to [com.netflix.discovery.shared.Applications]
2026-04-14T11:35:48.706+01:00 DEBUG 11132 --- [User] [reshExecutor-%d] o.s.web.client.DefaultRestClient         : Reading to [com.netflix.discovery.shared.Applications]
2026-04-14T11:36:18.224+01:00  INFO 11132 --- [User] [rap-executor-%d] c.n.d.s.r.aws.ConfigClusterResolver      : Resolving eureka endpoints via configuration
2026-04-14T11:36:18.736+01:00 DEBUG 11132 --- [User] [reshExecutor-%d] o.s.web.client.DefaultRestClient         : Reading to [com.netflix.discovery.shared.Applications]
2026-04-14T11:36:48.749+01:00 DEBUG 11132 --- [User] [reshExecutor-%d] o.s.web.client.DefaultRestClient         : Reading to [com.netflix.discovery.shared.Applications]
2026-04-14T11:37:18.782+01:00 DEBUG 11132 --- [User] [reshExecutor-%d] o.s.web.client.DefaultRestClient         : Reading to [com.netflix.discovery.shared.Applications]
2026-04-14T11:37:48.811+01:00 DEBUG 11132 --- [User] [reshExecutor-%d] o.s.web.client.DefaultRestClient         : Reading to [com.netflix.discovery.shared.Applications]
2026-04-14T11:38:18.832+01:00 DEBUG 11132 --- [User] [reshExecutor-%d] o.s.web.client.DefaultRestClient         : Reading to [com.netflix.discovery.shared.Applications]
2026-04-14T11:38:48.853+01:00 DEBUG 11132 --- [User] [reshExecutor-%d] o.s.web.client.DefaultRestClient         : Reading to [com.netflix.discovery.shared.Applications]
2026-04-14T11:39:18.876+01:00 DEBUG 11132 --- [User] [reshExecutor-%d] o.s.web.client.DefaultRestClient         : Reading to [com.netflix.discovery.shared.Applications]
2026-04-14T11:39:48.906+01:00 DEBUG 11132 --- [User] [reshExecutor-%d] o.s.web.client.DefaultRestClient         : Reading to [com.netflix.discovery.shared.Applications]
2026-04-14T11:40:18.925+01:00 DEBUG 11132 --- [User] [reshExecutor-%d] o.s.web.client.DefaultRestClient         : Reading to [com.netflix.discovery.shared.Applications]
2026-04-14T11:40:48.954+01:00 DEBUG 11132 --- [User] [reshExecutor-%d] o.s.web.client.DefaultRestClient         : Reading to [com.netflix.discovery.shared.Applications]
2026-04-14T11:41:18.236+01:00  INFO 11132 --- [User] [rap-executor-%d] c.n.d.s.r.aws.ConfigClusterResolver      : Resolving eureka endpoints via configuration
2026-04-14T11:41:18.978+01:00 DEBUG 11132 --- [User] [reshExecutor-%d] o.s.web.client.DefaultRestClient         : Reading to [com.netflix.discovery.shared.Applications]
2026-04-14T11:41:49.004+01:00 DEBUG 11132 --- [User] [reshExecutor-%d] o.s.web.client.DefaultRestClient         : Reading to [com.netflix.discovery.shared.Applications]
2026-04-14T11:42:19.031+01:00 DEBUG 11132 --- [User] [reshExecutor-%d] o.s.web.client.DefaultRestClient         : Reading to [com.netflix.discovery.shared.Applications]
2026-04-14T11:42:49.049+01:00 DEBUG 11132 --- [User] [reshExecutor-%d] o.s.web.client.DefaultRestClient         : Reading to [com.netflix.discovery.shared.Applications]
2026-04-14T11:43:19.072+01:00 DEBUG 11132 --- [User] [reshExecutor-%d] o.s.web.client.DefaultRestClient         : Reading to [com.netflix.discovery.shared.Applications]
2026-04-14T11:43:49.104+01:00 DEBUG 11132 --- [User] [reshExecutor-%d] o.s.web.client.DefaultRestClient         : Reading to [com.netflix.discovery.shared.Applications]
2026-04-14T11:44:19.122+01:00 DEBUG 11132 --- [User] [reshExecutor-%d] o.s.web.client.DefaultRestClient         : Reading to [com.netflix.discovery.shared.Applications]
2026-04-14T11:44:49.150+01:00 DEBUG 11132 --- [User] [reshExecutor-%d] o.s.web.client.DefaultRestClient         : Reading to [com.netflix.discovery.shared.Applications]
2026-04-14T11:45:19.178+01:00 DEBUG 11132 --- [User] [reshExecutor-%d] o.s.web.client.DefaultRestClient         : Reading to [com.netflix.discovery.shared.Applications]
2026-04-14T11:45:49.211+01:00 DEBUG 11132 --- [User] [reshExecutor-%d] o.s.web.client.DefaultRestClient         : Reading to [com.netflix.discovery.shared.Applications]
2026-04-14T11:46:18.243+01:00  INFO 11132 --- [User] [rap-executor-%d] c.n.d.s.r.aws.ConfigClusterResolver      : Resolving eureka endpoints via configuration
2026-04-14T11:46:19.237+01:00 DEBUG 11132 --- [User] [reshExecutor-%d] o.s.web.client.DefaultRestClient         : Reading to [com.netflix.discovery.shared.Applications]
2026-04-14T11:46:49.268+01:00 DEBUG 11132 --- [User] [reshExecutor-%d] o.s.web.client.DefaultRestClient         : Reading to [com.netflix.discovery.shared.Applications]
2026-04-14T11:47:19.299+01:00 DEBUG 11132 --- [User] [reshExecutor-%d] o.s.web.client.DefaultRestClient         : Reading to [com.netflix.discovery.shared.Applications]
2026-04-14T11:47:49.317+01:00 DEBUG 11132 --- [User] [reshExecutor-%d] o.s.web.client.DefaultRestClient         : Reading to [com.netflix.discovery.shared.Applications]
2026-04-14T11:48:19.339+01:00 DEBUG 11132 --- [User] [reshExecutor-%d] o.s.web.client.DefaultRestClient         : Reading to [com.netflix.discovery.shared.Applications]
2026-04-14T11:48:49.358+01:00 DEBUG 11132 --- [User] [reshExecutor-%d] o.s.web.client.DefaultRestClient         : Reading to [com.netflix.discovery.shared.Applications]
2026-04-14T11:49:19.389+01:00 DEBUG 11132 --- [User] [reshExecutor-%d] o.s.web.client.DefaultRestClient         : Reading to [com.netflix.discovery.shared.Applications]
2026-04-14T11:49:49.422+01:00 DEBUG 11132 --- [User] [reshExecutor-%d] o.s.web.client.DefaultRestClient         : Reading to [com.netflix.discovery.shared.Applications]
2026-04-14T11:50:19.451+01:00 DEBUG 11132 --- [User] [reshExecutor-%d] o.s.web.client.DefaultRestClient         : Reading to [com.netflix.discovery.shared.Applications]
2026-04-14T11:50:49.477+01:00 DEBUG 11132 --- [User] [reshExecutor-%d] o.s.web.client.DefaultRestClient         : Reading to [com.netflix.discovery.shared.Applications]
2026-04-14T11:51:18.250+01:00  INFO 11132 --- [User] [rap-executor-%d] c.n.d.s.r.aws.ConfigClusterResolver      : Resolving eureka endpoints via configuration
2026-04-14T11:51:19.503+01:00 DEBUG 11132 --- [User] [reshExecutor-%d] o.s.web.client.DefaultRestClient         : Reading to [com.netflix.discovery.shared.Applications]
2026-04-14T11:51:49.534+01:00 DEBUG 11132 --- [User] [reshExecutor-%d] o.s.web.client.DefaultRestClient         : Reading to [com.netflix.discovery.shared.Applications]
2026-04-14T11:52:19.565+01:00 DEBUG 11132 --- [User] [reshExecutor-%d] o.s.web.client.DefaultRestClient         : Reading to [com.netflix.discovery.shared.Applications]
2026-04-14T11:52:49.583+01:00 DEBUG 11132 --- [User] [reshExecutor-%d] o.s.web.client.DefaultRestClient         : Reading to [com.netflix.discovery.shared.Applications]
2026-04-14T11:53:19.608+01:00 DEBUG 11132 --- [User] [reshExecutor-%d] o.s.web.client.DefaultRestClient         : Reading to [com.netflix.discovery.shared.Applications]
2026-04-14T11:53:49.638+01:00 DEBUG 11132 --- [User] [reshExecutor-%d] o.s.web.client.DefaultRestClient         : Reading to [com.netflix.discovery.shared.Applications]
2026-04-14T11:54:19.668+01:00 DEBUG 11132 --- [User] [reshExecutor-%d] o.s.web.client.DefaultRestClient         : Reading to [com.netflix.discovery.shared.Applications]
2026-04-14T11:54:49.697+01:00 DEBUG 11132 --- [User] [reshExecutor-%d] o.s.web.client.DefaultRestClient         : Reading to [com.netflix.discovery.shared.Applications]
2026-04-14T11:55:19.715+01:00 DEBUG 11132 --- [User] [reshExecutor-%d] o.s.web.client.DefaultRestClient         : Reading to [com.netflix.discovery.shared.Applications]
2026-04-14T11:55:49.746+01:00 DEBUG 11132 --- [User] [reshExecutor-%d] o.s.web.client.DefaultRestClient         : Reading to [com.netflix.discovery.shared.Applications]
2026-04-14T11:56:18.256+01:00  INFO 11132 --- [User] [rap-executor-%d] c.n.d.s.r.aws.ConfigClusterResolver      : Resolving eureka endpoints via configuration
2026-04-14T11:56:19.778+01:00 DEBUG 11132 --- [User] [reshExecutor-%d] o.s.web.client.DefaultRestClient         : Reading to [com.netflix.discovery.shared.Applications]
2026-04-14T11:56:49.808+01:00 DEBUG 11132 --- [User] [reshExecutor-%d] o.s.web.client.DefaultRestClient         : Reading to [com.netflix.discovery.shared.Applications]
2026-04-14T11:57:19.833+01:00 DEBUG 11132 --- [User] [reshExecutor-%d] o.s.web.client.DefaultRestClient         : Reading to [com.netflix.discovery.shared.Applications]
2026-04-14T11:57:49.861+01:00 DEBUG 11132 --- [User] [reshExecutor-%d] o.s.web.client.DefaultRestClient         : Reading to [com.netflix.discovery.shared.Applications]
2026-04-14T11:58:19.887+01:00 DEBUG 11132 --- [User] [reshExecutor-%d] o.s.web.client.DefaultRestClient         : Reading to [com.netflix.discovery.shared.Applications]
2026-04-14T11:58:49.914+01:00 DEBUG 11132 --- [User] [reshExecutor-%d] o.s.web.client.DefaultRestClient         : Reading to [com.netflix.discovery.shared.Applications]
2026-04-14T11:59:19.942+01:00 DEBUG 11132 --- [User] [reshExecutor-%d] o.s.web.client.DefaultRestClient         : Reading to [com.netflix.discovery.shared.Applications]
2026-04-14T11:59:49.962+01:00 DEBUG 11132 --- [User] [reshExecutor-%d] o.s.web.client.DefaultRestClient         : Reading to [com.netflix.discovery.shared.Applications]
2026-04-14T12:00:19.983+01:00 DEBUG 11132 --- [User] [reshExecutor-%d] o.s.web.client.DefaultRestClient         : Reading to [com.netflix.discovery.shared.Applications]
2026-04-14T12:00:50.006+01:00 DEBUG 11132 --- [User] [reshExecutor-%d] o.s.web.client.DefaultRestClient         : Reading to [com.netflix.discovery.shared.Applications]
2026-04-14T12:01:18.266+01:00  INFO 11132 --- [User] [rap-executor-%d] c.n.d.s.r.aws.ConfigClusterResolver      : Resolving eureka endpoints via configuration
2026-04-14T12:01:20.026+01:00 DEBUG 11132 --- [User] [reshExecutor-%d] o.s.web.client.DefaultRestClient         : Reading to [com.netflix.discovery.shared.Applications]
2026-04-14T12:01:50.050+01:00 DEBUG 11132 --- [User] [reshExecutor-%d] o.s.web.client.DefaultRestClient         : Reading to [com.netflix.discovery.shared.Applications]
2026-04-14T12:02:20.079+01:00 DEBUG 11132 --- [User] [reshExecutor-%d] o.s.web.client.DefaultRestClient         : Reading to [com.netflix.discovery.shared.Applications]
2026-04-14T12:02:50.103+01:00 DEBUG 11132 --- [User] [reshExecutor-%d] o.s.web.client.DefaultRestClient         : Reading to [com.netflix.discovery.shared.Applications]
2026-04-14T12:03:20.135+01:00 DEBUG 11132 --- [User] [reshExecutor-%d] o.s.web.client.DefaultRestClient         : Reading to [com.netflix.discovery.shared.Applications]
2026-04-14T12:03:50.154+01:00 DEBUG 11132 --- [User] [reshExecutor-%d] o.s.web.client.DefaultRestClient         : Reading to [com.netflix.discovery.shared.Applications]
2026-04-14T12:04:20.187+01:00 DEBUG 11132 --- [User] [reshExecutor-%d] o.s.web.client.DefaultRestClient         : Reading to [com.netflix.discovery.shared.Applications]
2026-04-14T12:04:50.205+01:00 DEBUG 11132 --- [User] [reshExecutor-%d] o.s.web.client.DefaultRestClient         : Reading to [com.netflix.discovery.shared.Applications]
2026-04-14T12:05:20.231+01:00 DEBUG 11132 --- [User] [reshExecutor-%d] o.s.web.client.DefaultRestClient         : Reading to [com.netflix.discovery.shared.Applications]
2026-04-14T12:05:50.264+01:00 DEBUG 11132 --- [User] [reshExecutor-%d] o.s.web.client.DefaultRestClient         : Reading to [com.netflix.discovery.shared.Applications]
2026-04-14T12:06:18.270+01:00  INFO 11132 --- [User] [rap-executor-%d] c.n.d.s.r.aws.ConfigClusterResolver      : Resolving eureka endpoints via configuration
2026-04-14T12:06:20.290+01:00 DEBUG 11132 --- [User] [reshExecutor-%d] o.s.web.client.DefaultRestClient         : Reading to [com.netflix.discovery.shared.Applications]
2026-04-14T12:06:50.319+01:00 DEBUG 11132 --- [User] [reshExecutor-%d] o.s.web.client.DefaultRestClient         : Reading to [com.netflix.discovery.shared.Applications]
2026-04-14T12:07:20.342+01:00 DEBUG 11132 --- [User] [reshExecutor-%d] o.s.web.client.DefaultRestClient         : Reading to [com.netflix.discovery.shared.Applications]
2026-04-14T12:07:50.366+01:00 DEBUG 11132 --- [User] [reshExecutor-%d] o.s.web.client.DefaultRestClient         : Reading to [com.netflix.discovery.shared.Applications]
2026-04-14T12:08:20.397+01:00 DEBUG 11132 --- [User] [reshExecutor-%d] o.s.web.client.DefaultRestClient         : Reading to [com.netflix.discovery.shared.Applications]
2026-04-14T12:08:50.415+01:00 DEBUG 11132 --- [User] [reshExecutor-%d] o.s.web.client.DefaultRestClient         : Reading to [com.netflix.discovery.shared.Applications]
2026-04-14T12:09:20.438+01:00 DEBUG 11132 --- [User] [reshExecutor-%d] o.s.web.client.DefaultRestClient         : Reading to [com.netflix.discovery.shared.Applications]
2026-04-14T12:09:50.463+01:00 DEBUG 11132 --- [User] [reshExecutor-%d] o.s.web.client.DefaultRestClient         : Reading to [com.netflix.discovery.shared.Applications]
2026-04-14T12:10:20.484+01:00 DEBUG 11132 --- [User] [reshExecutor-%d] o.s.web.client.DefaultRestClient         : Reading to [com.netflix.discovery.shared.Applications]
2026-04-14T12:10:50.510+01:00 DEBUG 11132 --- [User] [reshExecutor-%d] o.s.web.client.DefaultRestClient         : Reading to [com.netflix.discovery.shared.Applications]
2026-04-14T12:11:18.272+01:00  INFO 11132 --- [User] [rap-executor-%d] c.n.d.s.r.aws.ConfigClusterResolver      : Resolving eureka endpoints via configuration
2026-04-14T12:11:20.530+01:00 DEBUG 11132 --- [User] [reshExecutor-%d] o.s.web.client.DefaultRestClient         : Reading to [com.netflix.discovery.shared.Applications]
2026-04-14T12:11:50.550+01:00 DEBUG 11132 --- [User] [reshExecutor-%d] o.s.web.client.DefaultRestClient         : Reading to [com.netflix.discovery.shared.Applications]
2026-04-14T12:12:20.581+01:00 DEBUG 11132 --- [User] [reshExecutor-%d] o.s.web.client.DefaultRestClient         : Reading to [com.netflix.discovery.shared.Applications]
2026-04-14T12:12:50.612+01:00 DEBUG 11132 --- [User] [reshExecutor-%d] o.s.web.client.DefaultRestClient         : Reading to [com.netflix.discovery.shared.Applications]
2026-04-14T12:13:20.640+01:00 DEBUG 11132 --- [User] [reshExecutor-%d] o.s.web.client.DefaultRestClient         : Reading to [com.netflix.discovery.shared.Applications]
2026-04-14T12:13:50.665+01:00 DEBUG 11132 --- [User] [reshExecutor-%d] o.s.web.client.DefaultRestClient         : Reading to [com.netflix.discovery.shared.Applications]
2026-04-14T12:14:20.686+01:00 DEBUG 11132 --- [User] [reshExecutor-%d] o.s.web.client.DefaultRestClient         : Reading to [com.netflix.discovery.shared.Applications]
2026-04-14T12:14:50.707+01:00 DEBUG 11132 --- [User] [reshExecutor-%d] o.s.web.client.DefaultRestClient         : Reading to [com.netflix.discovery.shared.Applications]
2026-04-14T12:15:20.738+01:00 DEBUG 11132 --- [User] [reshExecutor-%d] o.s.web.client.DefaultRestClient         : Reading to [com.netflix.discovery.shared.Applications]
2026-04-14T12:15:50.757+01:00 DEBUG 11132 --- [User] [reshExecutor-%d] o.s.web.client.DefaultRestClient         : Reading to [com.netflix.discovery.shared.Applications]
2026-04-14T12:16:18.274+01:00  INFO 11132 --- [User] [rap-executor-%d] c.n.d.s.r.aws.ConfigClusterResolver      : Resolving eureka endpoints via configuration
2026-04-14T12:16:20.783+01:00 DEBUG 11132 --- [User] [reshExecutor-%d] o.s.web.client.DefaultRestClient         : Reading to [com.netflix.discovery.shared.Applications]
2026-04-14T12:16:50.805+01:00 DEBUG 11132 --- [User] [reshExecutor-%d] o.s.web.client.DefaultRestClient         : Reading to [com.netflix.discovery.shared.Applications]
2026-04-14T12:17:20.831+01:00 DEBUG 11132 --- [User] [reshExecutor-%d] o.s.web.client.DefaultRestClient         : Reading to [com.netflix.discovery.shared.Applications]
2026-04-14T12:17:50.862+01:00 DEBUG 11132 --- [User] [reshExecutor-%d] o.s.web.client.DefaultRestClient         : Reading to [com.netflix.discovery.shared.Applications]
2026-04-14T12:18:20.885+01:00 DEBUG 11132 --- [User] [reshExecutor-%d] o.s.web.client.DefaultRestClient         : Reading to [com.netflix.discovery.shared.Applications]
2026-04-14T12:18:50.911+01:00 DEBUG 11132 --- [User] [reshExecutor-%d] o.s.web.client.DefaultRestClient         : Reading to [com.netflix.discovery.shared.Applications]
2026-04-14T12:19:20.928+01:00 DEBUG 11132 --- [User] [reshExecutor-%d] o.s.web.client.DefaultRestClient         : Reading to [com.netflix.discovery.shared.Applications]
2026-04-14T12:19:50.952+01:00 DEBUG 11132 --- [User] [reshExecutor-%d] o.s.web.client.DefaultRestClient         : Reading to [com.netflix.discovery.shared.Applications]
2026-04-14T12:20:20.981+01:00 DEBUG 11132 --- [User] [reshExecutor-%d] o.s.web.client.DefaultRestClient         : Reading to [com.netflix.discovery.shared.Applications]
2026-04-14T12:20:51.008+01:00 DEBUG 11132 --- [User] [reshExecutor-%d] o.s.web.client.DefaultRestClient         : Reading to [com.netflix.discovery.shared.Applications]
2026-04-14T12:21:18.279+01:00  INFO 11132 --- [User] [rap-executor-%d] c.n.d.s.r.aws.ConfigClusterResolver      : Resolving eureka endpoints via configuration
2026-04-14T12:21:21.031+01:00 DEBUG 11132 --- [User] [reshExecutor-%d] o.s.web.client.DefaultRestClient         : Reading to [com.netflix.discovery.shared.Applications]
2026-04-14T12:21:51.051+01:00 DEBUG 11132 --- [User] [reshExecutor-%d] o.s.web.client.DefaultRestClient         : Reading to [com.netflix.discovery.shared.Applications]
2026-04-14T12:22:21.078+01:00 DEBUG 11132 --- [User] [reshExecutor-%d] o.s.web.client.DefaultRestClient         : Reading to [com.netflix.discovery.shared.Applications]
2026-04-14T12:22:51.097+01:00 DEBUG 11132 --- [User] [reshExecutor-%d] o.s.web.client.DefaultRestClient         : Reading to [com.netflix.discovery.shared.Applications]
2026-04-14T12:23:21.119+01:00 DEBUG 11132 --- [User] [reshExecutor-%d] o.s.web.client.DefaultRestClient         : Reading to [com.netflix.discovery.shared.Applications]
2026-04-14T12:23:51.145+01:00 DEBUG 11132 --- [User] [reshExecutor-%d] o.s.web.client.DefaultRestClient         : Reading to [com.netflix.discovery.shared.Applications]
2026-04-14T12:24:21.169+01:00 DEBUG 11132 --- [User] [reshExecutor-%d] o.s.web.client.DefaultRestClient         : Reading to [com.netflix.discovery.shared.Applications]
2026-04-14T12:24:51.192+01:00 DEBUG 11132 --- [User] [reshExecutor-%d] o.s.web.client.DefaultRestClient         : Reading to [com.netflix.discovery.shared.Applications]
2026-04-14T12:25:21.213+01:00 DEBUG 11132 --- [User] [reshExecutor-%d] o.s.web.client.DefaultRestClient         : Reading to [com.netflix.discovery.shared.Applications]
2026-04-14T12:25:51.231+01:00 DEBUG 11132 --- [User] [reshExecutor-%d] o.s.web.client.DefaultRestClient         : Reading to [com.netflix.discovery.shared.Applications]
2026-04-14T12:26:18.295+01:00  INFO 11132 --- [User] [rap-executor-%d] c.n.d.s.r.aws.ConfigClusterResolver      : Resolving eureka endpoints via configuration
2026-04-14T12:26:21.260+01:00 DEBUG 11132 --- [User] [reshExecutor-%d] o.s.web.client.DefaultRestClient         : Reading to [com.netflix.discovery.shared.Applications]
2026-04-14T12:26:51.291+01:00 DEBUG 11132 --- [User] [reshExecutor-%d] o.s.web.client.DefaultRestClient         : Reading to [com.netflix.discovery.shared.Applications]
2026-04-14T12:27:21.313+01:00 DEBUG 11132 --- [User] [reshExecutor-%d] o.s.web.client.DefaultRestClient         : Reading to [com.netflix.discovery.shared.Applications]
2026-04-14T12:27:51.334+01:00 DEBUG 11132 --- [User] [reshExecutor-%d] o.s.web.client.DefaultRestClient         : Reading to [com.netflix.discovery.shared.Applications]
2026-04-14T12:28:21.352+01:00 DEBUG 11132 --- [User] [reshExecutor-%d] o.s.web.client.DefaultRestClient         : Reading to [com.netflix.discovery.shared.Applications]
2026-04-14T12:28:51.382+01:00 DEBUG 11132 --- [User] [reshExecutor-%d] o.s.web.client.DefaultRestClient         : Reading to [com.netflix.discovery.shared.Applications]
2026-04-14T12:29:21.413+01:00 DEBUG 11132 --- [User] [reshExecutor-%d] o.s.web.client.DefaultRestClient         : Reading to [com.netflix.discovery.shared.Applications]
2026-04-14T12:29:51.437+01:00 DEBUG 11132 --- [User] [reshExecutor-%d] o.s.web.client.DefaultRestClient         : Reading to [com.netflix.discovery.shared.Applications]
2026-04-14T12:30:21.466+01:00 DEBUG 11132 --- [User] [reshExecutor-%d] o.s.web.client.DefaultRestClient         : Reading to [com.netflix.discovery.shared.Applications]
2026-04-14T12:30:51.495+01:00 DEBUG 11132 --- [User] [reshExecutor-%d] o.s.web.client.DefaultRestClient         : Reading to [com.netflix.discovery.shared.Applications]
2026-04-14T12:31:18.303+01:00  INFO 11132 --- [User] [rap-executor-%d] c.n.d.s.r.aws.ConfigClusterResolver      : Resolving eureka endpoints via configuration
2026-04-14T12:31:21.511+01:00 DEBUG 11132 --- [User] [reshExecutor-%d] o.s.web.client.DefaultRestClient         : Reading to [com.netflix.discovery.shared.Applications]
2026-04-14T12:31:51.541+01:00 DEBUG 11132 --- [User] [reshExecutor-%d] o.s.web.client.DefaultRestClient         : Reading to [com.netflix.discovery.shared.Applications]
2026-04-14T12:32:21.560+01:00 DEBUG 11132 --- [User] [reshExecutor-%d] o.s.web.client.DefaultRestClient         : Reading to [com.netflix.discovery.shared.Applications]
2026-04-14T12:32:51.587+01:00 DEBUG 11132 --- [User] [reshExecutor-%d] o.s.web.client.DefaultRestClient         : Reading to [com.netflix.discovery.shared.Applications]
2026-04-14T12:33:21.609+01:00 DEBUG 11132 --- [User] [reshExecutor-%d] o.s.web.client.DefaultRestClient         : Reading to [com.netflix.discovery.shared.Applications]
2026-04-14T12:33:51.633+01:00 DEBUG 11132 --- [User] [reshExecutor-%d] o.s.web.client.DefaultRestClient         : Reading to [com.netflix.discovery.shared.Applications]
2026-04-14T12:34:21.654+01:00 DEBUG 11132 --- [User] [reshExecutor-%d] o.s.web.client.DefaultRestClient         : Reading to [com.netflix.discovery.shared.Applications]
2026-04-14T12:34:51.683+01:00 DEBUG 11132 --- [User] [reshExecutor-%d] o.s.web.client.DefaultRestClient         : Reading to [com.netflix.discovery.shared.Applications]
2026-04-14T12:35:21.713+01:00 DEBUG 11132 --- [User] [reshExecutor-%d] o.s.web.client.DefaultRestClient         : Reading to [com.netflix.discovery.shared.Applications]
2026-04-14T12:35:51.735+01:00 DEBUG 11132 --- [User] [reshExecutor-%d] o.s.web.client.DefaultRestClient         : Reading to [com.netflix.discovery.shared.Applications]
2026-04-14T12:36:18.311+01:00  INFO 11132 --- [User] [rap-executor-%d] c.n.d.s.r.aws.ConfigClusterResolver      : Resolving eureka endpoints via configuration
2026-04-14T12:36:21.764+01:00 DEBUG 11132 --- [User] [reshExecutor-%d] o.s.web.client.DefaultRestClient         : Reading to [com.netflix.discovery.shared.Applications]
2026-04-14T12:36:51.795+01:00 DEBUG 11132 --- [User] [reshExecutor-%d] o.s.web.client.DefaultRestClient         : Reading to [com.netflix.discovery.shared.Applications]
2026-04-14T12:37:21.816+01:00 DEBUG 11132 --- [User] [reshExecutor-%d] o.s.web.client.DefaultRestClient         : Reading to [com.netflix.discovery.shared.Applications]
2026-04-14T12:37:51.835+01:00 DEBUG 11132 --- [User] [reshExecutor-%d] o.s.web.client.DefaultRestClient         : Reading to [com.netflix.discovery.shared.Applications]
2026-04-14T12:38:21.853+01:00 DEBUG 11132 --- [User] [reshExecutor-%d] o.s.web.client.DefaultRestClient         : Reading to [com.netflix.discovery.shared.Applications]
2026-04-14T12:38:51.883+01:00 DEBUG 11132 --- [User] [reshExecutor-%d] o.s.web.client.DefaultRestClient         : Reading to [com.netflix.discovery.shared.Applications]
2026-04-14T12:39:21.909+01:00 DEBUG 11132 --- [User] [reshExecutor-%d] o.s.web.client.DefaultRestClient         : Reading to [com.netflix.discovery.shared.Applications]
2026-04-14T12:39:51.939+01:00 DEBUG 11132 --- [User] [reshExecutor-%d] o.s.web.client.DefaultRestClient         : Reading to [com.netflix.discovery.shared.Applications]
2026-04-14T12:40:21.960+01:00 DEBUG 11132 --- [User] [reshExecutor-%d] o.s.web.client.DefaultRestClient         : Reading to [com.netflix.discovery.shared.Applications]
2026-04-14T12:40:51.989+01:00 DEBUG 11132 --- [User] [reshExecutor-%d] o.s.web.client.DefaultRestClient         : Reading to [com.netflix.discovery.shared.Applications]
2026-04-14T12:41:18.321+01:00  INFO 11132 --- [User] [rap-executor-%d] c.n.d.s.r.aws.ConfigClusterResolver      : Resolving eureka endpoints via configuration
2026-04-14T12:41:22.012+01:00 DEBUG 11132 --- [User] [reshExecutor-%d] o.s.web.client.DefaultRestClient         : Reading to [com.netflix.discovery.shared.Applications]
2026-04-14T12:41:52.038+01:00 DEBUG 11132 --- [User] [reshExecutor-%d] o.s.web.client.DefaultRestClient         : Reading to [com.netflix.discovery.shared.Applications]
2026-04-14T12:42:22.061+01:00 DEBUG 11132 --- [User] [reshExecutor-%d] o.s.web.client.DefaultRestClient         : Reading to [com.netflix.discovery.shared.Applications]
2026-04-14T12:42:52.087+01:00 DEBUG 11132 --- [User] [reshExecutor-%d] o.s.web.client.DefaultRestClient         : Reading to [com.netflix.discovery.shared.Applications]
2026-04-14T12:43:22.119+01:00 DEBUG 11132 --- [User] [reshExecutor-%d] o.s.web.client.DefaultRestClient         : Reading to [com.netflix.discovery.shared.Applications]
2026-04-14T12:43:52.138+01:00 DEBUG 11132 --- [User] [reshExecutor-%d] o.s.web.client.DefaultRestClient         : Reading to [com.netflix.discovery.shared.Applications]
2026-04-14T12:44:22.164+01:00 DEBUG 11132 --- [User] [reshExecutor-%d] o.s.web.client.DefaultRestClient         : Reading to [com.netflix.discovery.shared.Applications]
2026-04-14T12:44:52.190+01:00 DEBUG 11132 --- [User] [reshExecutor-%d] o.s.web.client.DefaultRestClient         : Reading to [com.netflix.discovery.shared.Applications]
2026-04-14T12:45:22.222+01:00 DEBUG 11132 --- [User] [reshExecutor-%d] o.s.web.client.DefaultRestClient         : Reading to [com.netflix.discovery.shared.Applications]
2026-04-14T12:45:52.249+01:00 DEBUG 11132 --- [User] [reshExecutor-%d] o.s.web.client.DefaultRestClient         : Reading to [com.netflix.discovery.shared.Applications]
2026-04-14T12:46:18.327+01:00  INFO 11132 --- [User] [rap-executor-%d] c.n.d.s.r.aws.ConfigClusterResolver      : Resolving eureka endpoints via configuration
2026-04-14T12:46:22.276+01:00 DEBUG 11132 --- [User] [reshExecutor-%d] o.s.web.client.DefaultRestClient         : Reading to [com.netflix.discovery.shared.Applications]
2026-04-14T12:46:52.306+01:00 DEBUG 11132 --- [User] [reshExecutor-%d] o.s.web.client.DefaultRestClient         : Reading to [com.netflix.discovery.shared.Applications]
2026-04-14T12:47:22.332+01:00 DEBUG 11132 --- [User] [reshExecutor-%d] o.s.web.client.DefaultRestClient         : Reading to [com.netflix.discovery.shared.Applications]
2026-04-14T12:47:52.356+01:00 DEBUG 11132 --- [User] [reshExecutor-%d] o.s.web.client.DefaultRestClient         : Reading to [com.netflix.discovery.shared.Applications]
2026-04-14T12:48:22.388+01:00 DEBUG 11132 --- [User] [reshExecutor-%d] o.s.web.client.DefaultRestClient         : Reading to [com.netflix.discovery.shared.Applications]
2026-04-14T12:48:52.408+01:00 DEBUG 11132 --- [User] [reshExecutor-%d] o.s.web.client.DefaultRestClient         : Reading to [com.netflix.discovery.shared.Applications]
2026-04-14T12:49:22.425+01:00 DEBUG 11132 --- [User] [reshExecutor-%d] o.s.web.client.DefaultRestClient         : Reading to [com.netflix.discovery.shared.Applications]
2026-04-14T12:49:52.453+01:00 DEBUG 11132 --- [User] [reshExecutor-%d] o.s.web.client.DefaultRestClient         : Reading to [com.netflix.discovery.shared.Applications]
2026-04-14T12:50:22.483+01:00 DEBUG 11132 --- [User] [reshExecutor-%d] o.s.web.client.DefaultRestClient         : Reading to [com.netflix.discovery.shared.Applications]
2026-04-14T12:50:52.502+01:00 DEBUG 11132 --- [User] [reshExecutor-%d] o.s.web.client.DefaultRestClient         : Reading to [com.netflix.discovery.shared.Applications]
2026-04-14T12:51:18.337+01:00  INFO 11132 --- [User] [rap-executor-%d] c.n.d.s.r.aws.ConfigClusterResolver      : Resolving eureka endpoints via configuration
2026-04-14T12:51:22.520+01:00 DEBUG 11132 --- [User] [reshExecutor-%d] o.s.web.client.DefaultRestClient         : Reading to [com.netflix.discovery.shared.Applications]
2026-04-14T12:51:52.551+01:00 DEBUG 11132 --- [User] [reshExecutor-%d] o.s.web.client.DefaultRestClient         : Reading to [com.netflix.discovery.shared.Applications]
2026-04-14T12:52:22.574+01:00 DEBUG 11132 --- [User] [reshExecutor-%d] o.s.web.client.DefaultRestClient         : Reading to [com.netflix.discovery.shared.Applications]
2026-04-14T12:52:52.599+01:00 DEBUG 11132 --- [User] [reshExecutor-%d] o.s.web.client.DefaultRestClient         : Reading to [com.netflix.discovery.shared.Applications]
2026-04-14T12:53:22.631+01:00 DEBUG 11132 --- [User] [reshExecutor-%d] o.s.web.client.DefaultRestClient         : Reading to [com.netflix.discovery.shared.Applications]
2026-04-14T12:53:52.662+01:00 DEBUG 11132 --- [User] [reshExecutor-%d] o.s.web.client.DefaultRestClient         : Reading to [com.netflix.discovery.shared.Applications]
2026-04-14T12:54:22.688+01:00 DEBUG 11132 --- [User] [reshExecutor-%d] o.s.web.client.DefaultRestClient         : Reading to [com.netflix.discovery.shared.Applications]
2026-04-14T12:54:52.718+01:00 DEBUG 11132 --- [User] [reshExecutor-%d] o.s.web.client.DefaultRestClient         : Reading to [com.netflix.discovery.shared.Applications]
2026-04-14T12:55:22.743+01:00 DEBUG 11132 --- [User] [reshExecutor-%d] o.s.web.client.DefaultRestClient         : Reading to [com.netflix.discovery.shared.Applications]
2026-04-14T12:55:52.767+01:00 DEBUG 11132 --- [User] [reshExecutor-%d] o.s.web.client.DefaultRestClient         : Reading to [com.netflix.discovery.shared.Applications]
2026-04-14T12:56:18.351+01:00  INFO 11132 --- [User] [rap-executor-%d] c.n.d.s.r.aws.ConfigClusterResolver      : Resolving eureka endpoints via configuration
2026-04-14T12:56:22.789+01:00 DEBUG 11132 --- [User] [reshExecutor-%d] o.s.web.client.DefaultRestClient         : Reading to [com.netflix.discovery.shared.Applications]
2026-04-14T12:56:52.812+01:00 DEBUG 11132 --- [User] [reshExecutor-%d] o.s.web.client.DefaultRestClient         : Reading to [com.netflix.discovery.shared.Applications]
2026-04-14T12:57:22.834+01:00 DEBUG 11132 --- [User] [reshExecutor-%d] o.s.web.client.DefaultRestClient         : Reading to [com.netflix.discovery.shared.Applications]
2026-04-14T12:57:52.859+01:00 DEBUG 11132 --- [User] [reshExecutor-%d] o.s.web.client.DefaultRestClient         : Reading to [com.netflix.discovery.shared.Applications]
2026-04-14T12:58:22.890+01:00 DEBUG 11132 --- [User] [reshExecutor-%d] o.s.web.client.DefaultRestClient         : Reading to [com.netflix.discovery.shared.Applications]
2026-04-14T12:58:52.920+01:00 DEBUG 11132 --- [User] [reshExecutor-%d] o.s.web.client.DefaultRestClient         : Reading to [com.netflix.discovery.shared.Applications]
2026-04-14T12:59:22.946+01:00 DEBUG 11132 --- [User] [reshExecutor-%d] o.s.web.client.DefaultRestClient         : Reading to [com.netflix.discovery.shared.Applications]
2026-04-14T12:59:52.966+01:00 DEBUG 11132 --- [User] [reshExecutor-%d] o.s.web.client.DefaultRestClient         : Reading to [com.netflix.discovery.shared.Applications]
2026-04-14T13:00:22.988+01:00 DEBUG 11132 --- [User] [reshExecutor-%d] o.s.web.client.DefaultRestClient         : Reading to [com.netflix.discovery.shared.Applications]
2026-04-14T13:00:53.017+01:00 DEBUG 11132 --- [User] [reshExecutor-%d] o.s.web.client.DefaultRestClient         : Reading to [com.netflix.discovery.shared.Applications]
2026-04-14T13:01:18.354+01:00  INFO 11132 --- [User] [rap-executor-%d] c.n.d.s.r.aws.ConfigClusterResolver      : Resolving eureka endpoints via configuration
2026-04-14T13:01:23.045+01:00 DEBUG 11132 --- [User] [reshExecutor-%d] o.s.web.client.DefaultRestClient         : Reading to [com.netflix.discovery.shared.Applications]
2026-04-14T13:01:53.068+01:00 DEBUG 11132 --- [User] [reshExecutor-%d] o.s.web.client.DefaultRestClient         : Reading to [com.netflix.discovery.shared.Applications]
2026-04-14T13:02:23.086+01:00 DEBUG 11132 --- [User] [reshExecutor-%d] o.s.web.client.DefaultRestClient         : Reading to [com.netflix.discovery.shared.Applications]
2026-04-14T13:02:53.113+01:00 DEBUG 11132 --- [User] [reshExecutor-%d] o.s.web.client.DefaultRestClient         : Reading to [com.netflix.discovery.shared.Applications]
2026-04-14T13:03:23.138+01:00 DEBUG 11132 --- [User] [reshExecutor-%d] o.s.web.client.DefaultRestClient         : Reading to [com.netflix.discovery.shared.Applications]
2026-04-14T13:03:53.162+01:00 DEBUG 11132 --- [User] [reshExecutor-%d] o.s.web.client.DefaultRestClient         : Reading to [com.netflix.discovery.shared.Applications]
2026-04-14T13:04:23.189+01:00 DEBUG 11132 --- [User] [reshExecutor-%d] o.s.web.client.DefaultRestClient         : Reading to [com.netflix.discovery.shared.Applications]
2026-04-14T13:04:53.221+01:00 DEBUG 11132 --- [User] [reshExecutor-%d] o.s.web.client.DefaultRestClient         : Reading to [com.netflix.discovery.shared.Applications]
2026-04-14T13:05:23.244+01:00 DEBUG 11132 --- [User] [reshExecutor-%d] o.s.web.client.DefaultRestClient         : Reading to [com.netflix.discovery.shared.Applications]
2026-04-14T13:05:53.273+01:00 DEBUG 11132 --- [User] [reshExecutor-%d] o.s.web.client.DefaultRestClient         : Reading to [com.netflix.discovery.shared.Applications]
2026-04-14T13:06:18.357+01:00  INFO 11132 --- [User] [rap-executor-%d] c.n.d.s.r.aws.ConfigClusterResolver      : Resolving eureka endpoints via configuration
2026-04-14T13:06:23.291+01:00 DEBUG 11132 --- [User] [reshExecutor-%d] o.s.web.client.DefaultRestClient         : Reading to [com.netflix.discovery.shared.Applications]
2026-04-14T13:06:53.322+01:00 DEBUG 11132 --- [User] [reshExecutor-%d] o.s.web.client.DefaultRestClient         : Reading to [com.netflix.discovery.shared.Applications]
2026-04-14T13:07:23.344+01:00 DEBUG 11132 --- [User] [reshExecutor-%d] o.s.web.client.DefaultRestClient         : Reading to [com.netflix.discovery.shared.Applications]
2026-04-14T13:07:53.366+01:00 DEBUG 11132 --- [User] [reshExecutor-%d] o.s.web.client.DefaultRestClient         : Reading to [com.netflix.discovery.shared.Applications]
2026-04-14T13:08:23.383+01:00 DEBUG 11132 --- [User] [reshExecutor-%d] o.s.web.client.DefaultRestClient         : Reading to [com.netflix.discovery.shared.Applications]
2026-04-14T13:08:53.407+01:00 DEBUG 11132 --- [User] [reshExecutor-%d] o.s.web.client.DefaultRestClient         : Reading to [com.netflix.discovery.shared.Applications]
2026-04-14T13:09:23.427+01:00 DEBUG 11132 --- [User] [reshExecutor-%d] o.s.web.client.DefaultRestClient         : Reading to [com.netflix.discovery.shared.Applications]
2026-04-14T13:09:53.446+01:00 DEBUG 11132 --- [User] [reshExecutor-%d] o.s.web.client.DefaultRestClient         : Reading to [com.netflix.discovery.shared.Applications]
2026-04-14T13:10:23.469+01:00 DEBUG 11132 --- [User] [reshExecutor-%d] o.s.web.client.DefaultRestClient         : Reading to [com.netflix.discovery.shared.Applications]
2026-04-14T13:10:53.488+01:00 DEBUG 11132 --- [User] [reshExecutor-%d] o.s.web.client.DefaultRestClient         : Reading to [com.netflix.discovery.shared.Applications]
2026-04-14T13:11:18.370+01:00  INFO 11132 --- [User] [rap-executor-%d] c.n.d.s.r.aws.ConfigClusterResolver      : Resolving eureka endpoints via configuration
2026-04-14T13:11:23.507+01:00 DEBUG 11132 --- [User] [reshExecutor-%d] o.s.web.client.DefaultRestClient         : Reading to [com.netflix.discovery.shared.Applications]
2026-04-14T13:11:53.538+01:00 DEBUG 11132 --- [User] [reshExecutor-%d] o.s.web.client.DefaultRestClient         : Reading to [com.netflix.discovery.shared.Applications]
2026-04-14T13:12:23.566+01:00 DEBUG 11132 --- [User] [reshExecutor-%d] o.s.web.client.DefaultRestClient         : Reading to [com.netflix.discovery.shared.Applications]
2026-04-14T13:12:53.598+01:00 DEBUG 11132 --- [User] [reshExecutor-%d] o.s.web.client.DefaultRestClient         : Reading to [com.netflix.discovery.shared.Applications]
2026-04-14T13:13:23.618+01:00 DEBUG 11132 --- [User] [reshExecutor-%d] o.s.web.client.DefaultRestClient         : Reading to [com.netflix.discovery.shared.Applications]
2026-04-14T13:13:53.635+01:00 DEBUG 11132 --- [User] [reshExecutor-%d] o.s.web.client.DefaultRestClient         : Reading to [com.netflix.discovery.shared.Applications]
2026-04-14T13:14:23.654+01:00 DEBUG 11132 --- [User] [reshExecutor-%d] o.s.web.client.DefaultRestClient         : Reading to [com.netflix.discovery.shared.Applications]
2026-04-14T13:14:53.676+01:00 DEBUG 11132 --- [User] [reshExecutor-%d] o.s.web.client.DefaultRestClient         : Reading to [com.netflix.discovery.shared.Applications]
2026-04-14T13:15:23.696+01:00 DEBUG 11132 --- [User] [reshExecutor-%d] o.s.web.client.DefaultRestClient         : Reading to [com.netflix.discovery.shared.Applications]
2026-04-14T13:15:53.720+01:00 DEBUG 11132 --- [User] [reshExecutor-%d] o.s.web.client.DefaultRestClient         : Reading to [com.netflix.discovery.shared.Applications]
2026-04-14T13:16:18.374+01:00  INFO 11132 --- [User] [rap-executor-%d] c.n.d.s.r.aws.ConfigClusterResolver      : Resolving eureka endpoints via configuration
2026-04-14T13:16:23.740+01:00 DEBUG 11132 --- [User] [reshExecutor-%d] o.s.web.client.DefaultRestClient         : Reading to [com.netflix.discovery.shared.Applications]
2026-04-14T13:16:53.768+01:00 DEBUG 11132 --- [User] [reshExecutor-%d] o.s.web.client.DefaultRestClient         : Reading to [com.netflix.discovery.shared.Applications]
2026-04-14T13:17:23.795+01:00 DEBUG 11132 --- [User] [reshExecutor-%d] o.s.web.client.DefaultRestClient         : Reading to [com.netflix.discovery.shared.Applications]
2026-04-14T13:17:53.819+01:00 DEBUG 11132 --- [User] [reshExecutor-%d] o.s.web.client.DefaultRestClient         : Reading to [com.netflix.discovery.shared.Applications]
2026-04-14T13:18:23.853+01:00 DEBUG 11132 --- [User] [reshExecutor-%d] o.s.web.client.DefaultRestClient         : Reading to [com.netflix.discovery.shared.Applications]
2026-04-14T13:18:53.884+01:00 DEBUG 11132 --- [User] [reshExecutor-%d] o.s.web.client.DefaultRestClient         : Reading to [com.netflix.discovery.shared.Applications]
2026-04-14T13:19:23.905+01:00 DEBUG 11132 --- [User] [reshExecutor-%d] o.s.web.client.DefaultRestClient         : Reading to [com.netflix.discovery.shared.Applications]
2026-04-14T13:19:53.935+01:00 DEBUG 11132 --- [User] [reshExecutor-%d] o.s.web.client.DefaultRestClient         : Reading to [com.netflix.discovery.shared.Applications]
2026-04-14T13:20:23.962+01:00 DEBUG 11132 --- [User] [reshExecutor-%d] o.s.web.client.DefaultRestClient         : Reading to [com.netflix.discovery.shared.Applications]
2026-04-14T13:20:53.982+01:00 DEBUG 11132 --- [User] [reshExecutor-%d] o.s.web.client.DefaultRestClient         : Reading to [com.netflix.discovery.shared.Applications]
2026-04-14T13:21:18.387+01:00  INFO 11132 --- [User] [rap-executor-%d] c.n.d.s.r.aws.ConfigClusterResolver      : Resolving eureka endpoints via configuration
2026-04-14T13:21:24.003+01:00 DEBUG 11132 --- [User] [reshExecutor-%d] o.s.web.client.DefaultRestClient         : Reading to [com.netflix.discovery.shared.Applications]
2026-04-14T13:21:54.021+01:00 DEBUG 11132 --- [User] [reshExecutor-%d] o.s.web.client.DefaultRestClient         : Reading to [com.netflix.discovery.shared.Applications]
2026-04-14T13:22:24.050+01:00 DEBUG 11132 --- [User] [reshExecutor-%d] o.s.web.client.DefaultRestClient         : Reading to [com.netflix.discovery.shared.Applications]
2026-04-14T13:22:54.070+01:00 DEBUG 11132 --- [User] [reshExecutor-%d] o.s.web.client.DefaultRestClient         : Reading to [com.netflix.discovery.shared.Applications]
2026-04-14T13:23:24.093+01:00 DEBUG 11132 --- [User] [reshExecutor-%d] o.s.web.client.DefaultRestClient         : Reading to [com.netflix.discovery.shared.Applications]
2026-04-14T13:23:54.122+01:00 DEBUG 11132 --- [User] [reshExecutor-%d] o.s.web.client.DefaultRestClient         : Reading to [com.netflix.discovery.shared.Applications]
2026-04-14T13:24:24.146+01:00 DEBUG 11132 --- [User] [reshExecutor-%d] o.s.web.client.DefaultRestClient         : Reading to [com.netflix.discovery.shared.Applications]
2026-04-14T13:24:54.174+01:00 DEBUG 11132 --- [User] [reshExecutor-%d] o.s.web.client.DefaultRestClient         : Reading to [com.netflix.discovery.shared.Applications]
2026-04-14T13:25:24.200+01:00 DEBUG 11132 --- [User] [reshExecutor-%d] o.s.web.client.DefaultRestClient         : Reading to [com.netflix.discovery.shared.Applications]
2026-04-14T13:25:54.226+01:00 DEBUG 11132 --- [User] [reshExecutor-%d] o.s.web.client.DefaultRestClient         : Reading to [com.netflix.discovery.shared.Applications]
2026-04-14T13:26:18.400+01:00  INFO 11132 --- [User] [rap-executor-%d] c.n.d.s.r.aws.ConfigClusterResolver      : Resolving eureka endpoints via configuration
2026-04-14T13:26:24.251+01:00 DEBUG 11132 --- [User] [reshExecutor-%d] o.s.web.client.DefaultRestClient         : Reading to [com.netflix.discovery.shared.Applications]
2026-04-14T13:26:54.272+01:00 DEBUG 11132 --- [User] [reshExecutor-%d] o.s.web.client.DefaultRestClient         : Reading to [com.netflix.discovery.shared.Applications]
2026-04-14T13:27:24.292+01:00 DEBUG 11132 --- [User] [reshExecutor-%d] o.s.web.client.DefaultRestClient         : Reading to [com.netflix.discovery.shared.Applications]
2026-04-14T13:27:54.306+01:00 DEBUG 11132 --- [User] [reshExecutor-%d] o.s.web.client.DefaultRestClient         : Reading to [com.netflix.discovery.shared.Applications]
2026-04-14T13:28:24.333+01:00 DEBUG 11132 --- [User] [reshExecutor-%d] o.s.web.client.DefaultRestClient         : Reading to [com.netflix.discovery.shared.Applications]
2026-04-14T13:28:54.366+01:00 DEBUG 11132 --- [User] [reshExecutor-%d] o.s.web.client.DefaultRestClient         : Reading to [com.netflix.discovery.shared.Applications]
2026-04-14T13:29:24.393+01:00 DEBUG 11132 --- [User] [reshExecutor-%d] o.s.web.client.DefaultRestClient         : Reading to [com.netflix.discovery.shared.Applications]
2026-04-14T13:29:54.411+01:00 DEBUG 11132 --- [User] [reshExecutor-%d] o.s.web.client.DefaultRestClient         : Reading to [com.netflix.discovery.shared.Applications]
2026-04-14T13:30:24.432+01:00 DEBUG 11132 --- [User] [reshExecutor-%d] o.s.web.client.DefaultRestClient         : Reading to [com.netflix.discovery.shared.Applications]
2026-04-14T13:30:54.450+01:00 DEBUG 11132 --- [User] [reshExecutor-%d] o.s.web.client.DefaultRestClient         : Reading to [com.netflix.discovery.shared.Applications]
2026-04-14T13:31:18.410+01:00  INFO 11132 --- [User] [rap-executor-%d] c.n.d.s.r.aws.ConfigClusterResolver      : Resolving eureka endpoints via configuration
2026-04-14T13:31:24.478+01:00 DEBUG 11132 --- [User] [reshExecutor-%d] o.s.web.client.DefaultRestClient         : Reading to [com.netflix.discovery.shared.Applications]
2026-04-14T13:31:54.500+01:00 DEBUG 11132 --- [User] [reshExecutor-%d] o.s.web.client.DefaultRestClient         : Reading to [com.netflix.discovery.shared.Applications]
2026-04-14T13:32:24.527+01:00 DEBUG 11132 --- [User] [reshExecutor-%d] o.s.web.client.DefaultRestClient         : Reading to [com.netflix.discovery.shared.Applications]
2026-04-14T13:32:54.556+01:00 DEBUG 11132 --- [User] [reshExecutor-%d] o.s.web.client.DefaultRestClient         : Reading to [com.netflix.discovery.shared.Applications]
2026-04-14T13:33:24.586+01:00 DEBUG 11132 --- [User] [reshExecutor-%d] o.s.web.client.DefaultRestClient         : Reading to [com.netflix.discovery.shared.Applications]
2026-04-14T13:33:54.617+01:00 DEBUG 11132 --- [User] [reshExecutor-%d] o.s.web.client.DefaultRestClient         : Reading to [com.netflix.discovery.shared.Applications]
2026-04-14T13:34:24.636+01:00 DEBUG 11132 --- [User] [reshExecutor-%d] o.s.web.client.DefaultRestClient         : Reading to [com.netflix.discovery.shared.Applications]
2026-04-14T13:34:54.666+01:00 DEBUG 11132 --- [User] [reshExecutor-%d] o.s.web.client.DefaultRestClient         : Reading to [com.netflix.discovery.shared.Applications]
2026-04-14T13:35:24.687+01:00 DEBUG 11132 --- [User] [reshExecutor-%d] o.s.web.client.DefaultRestClient         : Reading to [com.netflix.discovery.shared.Applications]
2026-04-14T13:35:54.713+01:00 DEBUG 11132 --- [User] [reshExecutor-%d] o.s.web.client.DefaultRestClient         : Reading to [com.netflix.discovery.shared.Applications]
2026-04-14T13:36:18.411+01:00  INFO 11132 --- [User] [rap-executor-%d] c.n.d.s.r.aws.ConfigClusterResolver      : Resolving eureka endpoints via configuration
2026-04-14T13:36:24.740+01:00 DEBUG 11132 --- [User] [reshExecutor-%d] o.s.web.client.DefaultRestClient         : Reading to [com.netflix.discovery.shared.Applications]
2026-04-14T13:36:54.770+01:00 DEBUG 11132 --- [User] [reshExecutor-%d] o.s.web.client.DefaultRestClient         : Reading to [com.netflix.discovery.shared.Applications]
